productId,name,cleanName,imageUrl,categoryId,groupId,url,modifiedOn,imageCount,extCardText,lowPrice,midPrice,highPrice,marketPrice,directLowPrice,subTypeName,extNumber,extRarity,extCardType,extHP,extStage,extAttack1,extAttack2,extWeakness,extResistance,extRetreatCost,extUPC
501999,151 Pokemon Center Elite Trainer Box (Exclusive),151 Pokemon Center Elite Trainer Box Exclusive,https://tcgplayer-cdn.tcgplayer.com/product/501999_200w.jpg,3,23237,https://cpt.tcgcsv.com/_P06,2023-09-22T04:03:23.64,1,"The Pokémon TCG: Scarlet & Violet — 151 Pokémon Center Elite Trainer Box includes:
<br>• 11 Pokémon TCG: Scarlet & Violet—151 booster packs
<br>• Each booster pack contains 10 cards and 1 Basic Energy. Cards vary by pack.
<br>• 1 full-art foil promo card featuring Snorlax with a Pokémon Center logo
<br>• 1 full-art foil promo card featuring Snorlax
<br>• 65 card sleeves
<br>• 45 Pokémon TCG Energy cards
<br>• A player’s guide to the Scarlet & Violet—151 expansion
<br>• 6 damage-counter dice
<br>• 1 competition-legal coin-flip die
<br>• 2 plastic condition markers
<br>• A collector’s box to hold everything, with 4 dividers to keep it organized
<br>• A code card for Pokémon Trading Card Game Live",808.0,999.99,9750.0,841.23,,Normal,,,,,,,,,,,
502000,151 Booster Bundle,151 Booster Bundle,https://tcgplayer-cdn.tcgplayer.com/product/502000_200w.jpg,3,23237,https://cpt.tcgcsv.com/0Q06,2023-09-22T04:03:23.64,1,Expand your collection with this Booster Bundle containing six booster packs from Pokémon TCG: 151,100.0,125.0,999.99,108.66,,Normal,,,,,,,,,,,
502001,151 Poster Collection,151 Poster Collection,https://tcgplayer-cdn.tcgplayer.com/product/502001_200w.jpg,3,23237,https://cpt.tcgcsv.com/2Q06,2023-09-22T04:03:23.64,1,"Your Very Own Pokémon Legend Unfolds!
<br>An epic journey through the Kanto region wouldn’t be complete without a first partner Pokémon! Add Bulbasaur, Charmander, and Squirtle to your team as playable foil promo cards, then work on completing your Kanto Pokédex by opening more booster packs from the special Scarlet & Violet—151 expansion. On top of it all, you’ll find a colorful poster that’s ready to hang wherever you like!
<br><br>
The Pokémon TCG: Scarlet & Violet—151 Poster Collection includes:
<br>• 3 foil promo cards featuring Bulbasaur, Charmander, and Squirtle
<br>• 1 poster with a Scarlet & Violet—151 theme
<br>• 3 Pokémon TCG: Scarlet & Violet—151 booster packs
<br>• A code card for Pokémon TCG Live",42.03,50.0,74.45,44.01,,Normal,,,,,,,,,,,
502002,151 Poster Collection Case,151 Poster Collection Case,https://tcgplayer-cdn.tcgplayer.com/product/502002_200w.jpg,3,23237,https://cpt.tcgcsv.com/3Q06,2023-09-22T04:03:23.64,1,"This case contains 6 copies of 151 Poster Collection
<br>The Pokémon TCG: Scarlet & Violet—151 Poster Collection includes:
<br>• 3 foil promo cards featuring Bulbasaur, Charmander, and Squirtle
<br>• 1 poster with a Scarlet & Violet—151 theme
<br>• 3 Pokémon TCG: Scarlet & Violet—151 booster packs
<br>• A code card for Pokémon TCG Live",309.0,329.0,599.99,231.84,,Normal,,,,,,,,,,,
502003,151 Binder Collection Case,151 Binder Collection Case,https://tcgplayer-cdn.tcgplayer.com/product/502003_200w.jpg,3,23237,https://cpt.tcgcsv.com/5Q06,2023-09-22T04:03:23.64,1,"This case contains 6 copies of 151 Binder Collection
<br>The Pokémon TCG: Scarlet & Violet—151 Binder Collection includes:
<br>• A binder with 20 9-pocket pages
<br>• 4 Pokémon TCG: Scarlet & Violet—151 booster packs",798.0,895.0,1449.99,895.0,,Normal,,,,,,,,,,,
502004,151 Binder Collection,151 Binder Collection,https://tcgplayer-cdn.tcgplayer.com/product/502004_200w.jpg,3,23237,https://cpt.tcgcsv.com/6Q06,2024-04-16T17:19:49.87,1,"How Many Pages Can You Fill?
<br>Just like a Pokédex, a binder makes it easy to keep track of your Pokémon collection! With this 9-pocket binder, you can show off up to 360 of your favorite Pokémon TCG cards. Get a head start filling it up with 4 booster packs from the special Scarlet & Violet—151 expansion!
<br>The Pokémon TCG: Scarlet & Violet—151 Binder Collection includes:
<br>• A binder with 20 9-pocket pages
<br>• 4 Pokémon TCG: Scarlet & Violet—151 booster packs",129.99,149.99,1999.99,140.32,,Normal,,,,,,,,,,,
502005,151 Ultra-Premium Collection,151 Ultra Premium Collection,https://tcgplayer-cdn.tcgplayer.com/product/502005_200w.jpg,3,23237,https://cpt.tcgcsv.com/7Q06,2023-10-16T13:09:43.203,1,"Mythical Treasures Await!
<br>The Mythical Pokémon Mew holds many secrets of the Pokémon world, and usually only the luckiest of Trainers encounter it. But now you can add it to your own Pokédex along with even more Kanto Pokémon inside a bounty of booster packs from the Scarlet & Violet—151 expansion! Mew ex appears here as both playable and collectible metal cards, and you’ll also find a beautifully illustrated promo card featuring Mewtwo, a durable playmat and deck box, and more.
<br><br>
The Pokémon TCG:Scarlet & Violet—151 Ultra-Premium Collection includes:
<br>• 1 etched foil promo card featuring Mew ex
<br>• 1 full-art foil promo card featuring Mewtwo
<br>• 1 etched metal card featuring Mew ex
<br>• 1 playmat
<br>• 1 deck box
<br>• 1 metallic coin featuring Mew
<br>• 6 damage-counter dice
<br>• 2 plastic condition markers
<br>• 16 booster packs from Pokémon TCG: Scarlet & Violet—151
<br>• A code card for Pokémon TCG Live",598.18,769.44,40000.0,605.47,,Normal,,,,,,,,,,,
502006,151: Alakazam ex Collection,151 Alakazam ex Collection,https://tcgplayer-cdn.tcgplayer.com/product/502006_200w.jpg,3,23237,https://cpt.tcgcsv.com/8Q06,2023-10-06T04:03:10.72,1,"Attack from the Bench—with Alakazam ex!
<br>Alakazam ex plays mind tricks on your opponent by attacking from the Bench! After evolving from Abra and Kadabra, this formidable Pokémon ex shows off its Psychic-type prowess no matter where it stands on the battlefield.
<br><br>
The Pokémon TCG: Scarlet & Violet—151 Collection—Alakazam ex includes:
<br>• 1 foil promo card featuring Alakazam ex
<br>• 1 foil card featuring Kadabra
<br>• 1 foil card featuring Abra
<br>• 4 Pokémon TCG: Scarlet & Violet—151 booster packs
<br>• A code card for Pokémon TCG Live",68.89,79.99,149.99,69.83,,Normal,,,,,,,,,,,
502007,151: Zapdos ex Collection,151 Zapdos ex Collection,https://tcgplayer-cdn.tcgplayer.com/product/502007_200w.jpg,3,23237,https://cpt.tcgcsv.com/9Q06,2023-10-06T04:03:10.72,1,"Zap Your Opponent & Make a Quick Retreat—with Zapdos ex!
<br>Strike with electrifying power and then retreat as fast as lightning with Zapdos ex! This Legendary Pokémon of the Kanto region is here as a ready-to-play promo card and an oversize card for your collection, along with a foil card featuring Electabuzz, and more Pokémon inside booster packs from the special Scarlet & Violet—151 expansion.
<br><br>
The Pokémon TCG: Scarlet & Violet—151 Collection—Zapdos ex includes:
<br>• 1 foil promo card featuring Zapdos ex
<br>• 1 foil card featuring Electabuzz
<br>• 1 oversize foil card featuring Zapdos ex
<br>• 4 Pokémon TCG: Scarlet & Violet—151 booster packs
<br>• A code card for Pokémon TCG Live",59.0,76.11,149.0,65.54,,Normal,,,,,,,,,,,
502008,151 Mini Tin Display,151 Mini Tin Display,https://tcgplayer-cdn.tcgplayer.com/product/502008_200w.jpg,3,23237,https://cpt.tcgcsv.com/bQ06,2025-01-22T12:59:52.273,1,"Each display 1 of each of the 151 Mini Tin designs (for a total of 10). Each tin contains 2 booster packs, 1 metallic coin, and a Pokémon art card.",274.99,366.99,599.95,279.75,,Normal,,,,,,,,,,,
502548,Squirtle - 007/165,Squirtle 007 165,https://tcgplayer-cdn.tcgplayer.com/product/502548_200w.jpg,3,23237,https://cpt.tcgcsv.com/-026,2025-12-13T01:25:28.713,1,,0.01,0.25,50.0,0.26,0.24,Reverse Holofoil,007/165,Common,Water,60,Basic,"[W] Withdraw
<br>Flip a coin. If heads, during your opponent's next turn, prevent all damage done to this Pokemon by attacks.",[WW] Skull Bash (20),Lx2,None,1,
502548,Squirtle - 007/165,Squirtle 007 165,https://tcgplayer-cdn.tcgplayer.com/product/502548_200w.jpg,3,23237,https://cpt.tcgcsv.com/-026,2025-12-13T01:25:28.713,1,,0.01,0.16,2.0,0.14,0.05,Normal,007/165,Common,Water,60,Basic,"[W] Withdraw
<br>Flip a coin. If heads, during your opponent's next turn, prevent all damage done to this Pokemon by attacks.",[WW] Skull Bash (20),Lx2,None,1,
502549,Squirtle - 170/165,Squirtle 170 165,https://tcgplayer-cdn.tcgplayer.com/product/502549_200w.jpg,3,23237,https://cpt.tcgcsv.com/_026,2025-12-02T22:17:18.003,1,,45.9,64.95,110.82,56.72,99.98,Holofoil,170/165,Illustration Rare,Water,60,Basic,"[W] Withdraw
<br>Flip a coin. If heads, during your opponent's next turn, prevent all damage done to this Pokemon by attacks.",[WW] Skull Bash (20),Lx2,None,1,
502550,Wartortle - 008/165,Wartortle 008 165,https://tcgplayer-cdn.tcgplayer.com/product/502550_200w.jpg,3,23237,https://cpt.tcgcsv.com/0226,2025-12-13T01:32:59.577,1,,0.01,0.18,1.52,0.14,,Normal,008/165,Uncommon,Water,100,Stage 1,"[W] Free Diving
<br>Put up to 3 Basic W Energy cards from your discard pile into your hand.",[WW] Spinning Attack (50),Lx2,None,2,
502550,Wartortle - 008/165,Wartortle 008 165,https://tcgplayer-cdn.tcgplayer.com/product/502550_200w.jpg,3,23237,https://cpt.tcgcsv.com/0226,2025-12-13T01:32:59.577,1,,0.1,0.3,40.0,0.26,0.15,Reverse Holofoil,008/165,Uncommon,Water,100,Stage 1,"[W] Free Diving
<br>Put up to 3 Basic W Energy cards from your discard pile into your hand.",[WW] Spinning Attack (50),Lx2,None,2,
502551,Blastoise ex - 009/165,Blastoise ex 009 165,https://tcgplayer-cdn.tcgplayer.com/product/502551_200w.jpg,3,23237,https://cpt.tcgcsv.com/2226,2026-01-13T21:22:15.76,1,"<strong>Ability — Solid Shell</strong>
<br>This Pokemon takes 30 less damage from attacks <em>(after applying Weakness and Resistance).</em>",0.4,1.1,55.55,0.97,1.89,Holofoil,009/165,Double Rare,Water,330,Stage 2,"[WW] Twin Cannons (140x)
<br>Discard up to 2 Basic W Energy cards from your hand. This attack does 140 damage for each card you discarded in this way.",,Lx2,None,3,
502552,Bulbasaur - 001/165,Bulbasaur 001 165,https://tcgplayer-cdn.tcgplayer.com/product/502552_200w.jpg,3,23237,https://cpt.tcgcsv.com/3226,2025-12-11T02:59:38.657,1,,0.01,0.25,35.0,0.26,0.25,Reverse Holofoil,001/165,Common,Grass,70,Basic,[1G] Leech Seed (20)<br>Heal 20 damage from this Pokemon.,,Rx2,None,2,
502552,Bulbasaur - 001/165,Bulbasaur 001 165,https://tcgplayer-cdn.tcgplayer.com/product/502552_200w.jpg,3,23237,https://cpt.tcgcsv.com/3226,2025-12-11T02:59:38.657,1,,0.01,0.15,1.54,0.13,0.13,Normal,001/165,Common,Grass,70,Basic,[1G] Leech Seed (20)<br>Heal 20 damage from this Pokemon.,,Rx2,None,2,
502553,Ivysaur - 002/165,Ivysaur 002 165,https://tcgplayer-cdn.tcgplayer.com/product/502553_200w.jpg,3,23237,https://cpt.tcgcsv.com/5226,2025-12-12T22:54:29.917,1,,0.01,0.16,2.0,0.13,,Normal,002/165,Uncommon,Grass,100,Stage 1,[1G] Leech Seed (30)<br>Heal 20 damage from this Pokemon.,[1GG] Vine Whip (80),Rx2,None,3,
502553,Ivysaur - 002/165,Ivysaur 002 165,https://tcgplayer-cdn.tcgplayer.com/product/502553_200w.jpg,3,23237,https://cpt.tcgcsv.com/5226,2025-12-12T22:54:29.917,1,,0.03,0.3,25.0,0.29,0.27,Reverse Holofoil,002/165,Uncommon,Grass,100,Stage 1,[1G] Leech Seed (30)<br>Heal 20 damage from this Pokemon.,[1GG] Vine Whip (80),Rx2,None,3,
502554,Venusaur ex - 003/165,Venusaur ex 003 165,https://tcgplayer-cdn.tcgplayer.com/product/502554_200w.jpg,3,23237,https://cpt.tcgcsv.com/6226,2025-12-04T12:29:16.637,1,"<strong>Ability — Tranquil Flower</strong><br>Once during your turn, if this Pokemon is in the Active Spot, you may heal 60 damage from 1 of your Pokemon.",0.37,1.0,9.97,0.78,0.75,Holofoil,003/165,Double Rare,Grass,340,Stage 2,[1GG] Dangerous Toxwhip (150)<br>Your opponent's Active Pokemon is now Confused and Poisoned.,,Rx2,None,4,
502555,Charmander - 004/165,Charmander 004 165,https://tcgplayer-cdn.tcgplayer.com/product/502555_200w.jpg,3,23237,https://cpt.tcgcsv.com/7226,2026-01-13T17:56:20.22,1,,0.07,0.28,3.99,0.23,0.25,Reverse Holofoil,004/165,Common,Fire,70,Basic,[R] Blazing Destruction<br>Discard a Stadium in play.,[RR] Steady Firebreathing (30),Wx2,None,1,
502555,Charmander - 004/165,Charmander 004 165,https://tcgplayer-cdn.tcgplayer.com/product/502555_200w.jpg,3,23237,https://cpt.tcgcsv.com/7226,2026-01-13T17:56:20.22,1,,0.01,0.16,20.0,0.15,,Normal,004/165,Common,Fire,70,Basic,[R] Blazing Destruction<br>Discard a Stadium in play.,[RR] Steady Firebreathing (30),Wx2,None,1,
502556,Charmander - 168/165,Charmander 168 165,https://tcgplayer-cdn.tcgplayer.com/product/502556_200w.jpg,3,23237,https://cpt.tcgcsv.com/8226,2025-12-04T12:36:51.533,1,,54.99,68.15,300.0,60.27,65.0,Holofoil,168/165,Illustration Rare,Fire,70,Basic,[R] Blazing Destruction<br>Discard a Stadium in play.,[RR] Steady Firebreathing (30),Wx2,None,1,
502557,Charmeleon - 005/165,Charmeleon 005 165,https://tcgplayer-cdn.tcgplayer.com/product/502557_200w.jpg,3,23237,https://cpt.tcgcsv.com/9226,2025-12-13T00:58:29.043,1,,0.1,0.27,3.0,0.22,0.26,Reverse Holofoil,005/165,Uncommon,Fire,100,Stage 1,[R] Combustion (20),[RRR] Fire Blast (90)<br>Discard an Energy from this Pokemon,Wx2,None,2,
502557,Charmeleon - 005/165,Charmeleon 005 165,https://tcgplayer-cdn.tcgplayer.com/product/502557_200w.jpg,3,23237,https://cpt.tcgcsv.com/9226,2025-12-13T00:58:29.043,1,,0.01,0.18,2.39,0.12,0.1,Normal,005/165,Uncommon,Fire,100,Stage 1,[R] Combustion (20),[RRR] Fire Blast (90)<br>Discard an Energy from this Pokemon,Wx2,None,2,
502558,Charizard ex - 006/165,Charizard ex 006 165,https://tcgplayer-cdn.tcgplayer.com/product/502558_200w.jpg,3,23237,https://cpt.tcgcsv.com/b226,2026-01-09T02:52:24.927,1,,2.98,5.49,505.1,5.21,18.58,Holofoil,006/165,Double Rare,Fire,330,Stage 2,"[R] Brave Wing (60+)<br> if this Pokemon has any damage counters on it, this attack does 100 more damage.",[RRRR] Explosive Vortex (330)<br>Discard 3 Energy from this Pokemon.,Wx2,None,2,
502559,Caterpie - 010/165,Caterpie 010 165,https://tcgplayer-cdn.tcgplayer.com/product/502559_200w.jpg,3,23237,https://cpt.tcgcsv.com/c226,2025-12-13T00:56:56.62,1,,0.03,0.2,20.0,0.19,0.14,Reverse Holofoil,010/165,Common,Grass,50,Basic,"[G] Leaf Munch (10+)<br>If your opponent's Active Pokemon is a G Pokemon, this attack does 30 more damage.",,Rx2,None,1,
502559,Caterpie - 010/165,Caterpie 010 165,https://tcgplayer-cdn.tcgplayer.com/product/502559_200w.jpg,3,23237,https://cpt.tcgcsv.com/c226,2025-12-13T00:56:56.62,1,,0.01,0.1,2.29,0.07,0.05,Normal,010/165,Common,Grass,50,Basic,"[G] Leaf Munch (10+)<br>If your opponent's Active Pokemon is a G Pokemon, this attack does 30 more damage.",,Rx2,None,1,
502560,Metapod,Metapod,https://tcgplayer-cdn.tcgplayer.com/product/502560_200w.jpg,3,23237,https://cpt.tcgcsv.com/d226,2025-12-12T23:03:06.29,1,,0.01,0.15,2.89,0.12,0.1,Normal,011/165,Common,Grass,90,Stage 1,[G] Tackle (20),"[2] Defensive Posture<br> Flip a coin. If heads, during your opponent's next turn, prevent all damage done to this Pokemon by attacks.",Rx2,None,3,
502560,Metapod,Metapod,https://tcgplayer-cdn.tcgplayer.com/product/502560_200w.jpg,3,23237,https://cpt.tcgcsv.com/d226,2025-12-12T23:03:06.29,1,,0.75,1.57,50.0,1.41,1.7,Reverse Holofoil,011/165,Common,Grass,90,Stage 1,[G] Tackle (20),"[2] Defensive Posture<br> Flip a coin. If heads, during your opponent's next turn, prevent all damage done to this Pokemon by attacks.",Rx2,None,3,
502561,Butterfree,Butterfree,https://tcgplayer-cdn.tcgplayer.com/product/502561_200w.jpg,3,23237,https://cpt.tcgcsv.com/f226,2025-12-13T00:56:24.137,1,,0.05,0.21,5.0,0.18,,Reverse Holofoil,012/165,Uncommon,Grass,130,Stage 2,"[G] Whirlwind (60)<br>Switch out your opponent's Active Pokémon to the Bench.
(Your opponent chooses the new Active Pokémon.)","[2] Bye-Bye Flight<br>Choose 1 of your opponent's Benched Pokemon. Shuffle that Pokemon and all attached cards into their deck, and then shuffle this Pokemon and all attached cards into your deck. If your opponent has no Benched Pokemon, this attack does nothing.",Rx2,None,1,
502561,Butterfree,Butterfree,https://tcgplayer-cdn.tcgplayer.com/product/502561_200w.jpg,3,23237,https://cpt.tcgcsv.com/f226,2025-12-13T00:56:24.137,1,,0.01,0.12,20.0,0.1,0.06,Normal,012/165,Uncommon,Grass,130,Stage 2,"[G] Whirlwind (60)<br>Switch out your opponent's Active Pokémon to the Bench.
(Your opponent chooses the new Active Pokémon.)","[2] Bye-Bye Flight<br>Choose 1 of your opponent's Benched Pokemon. Shuffle that Pokemon and all attached cards into their deck, and then shuffle this Pokemon and all attached cards into your deck. If your opponent has no Benched Pokemon, this attack does nothing.",Rx2,None,1,
502562,Weedle,Weedle,https://tcgplayer-cdn.tcgplayer.com/product/502562_200w.jpg,3,23237,https://cpt.tcgcsv.com/g226,2025-12-13T01:33:24.057,1,,0.01,0.1,2.29,0.08,0.05,Normal,013/165,Common,Grass,50,Basic,[G] Ram (10),[2] Bug Bite (20),Rx2,None,1,
502562,Weedle,Weedle,https://tcgplayer-cdn.tcgplayer.com/product/502562_200w.jpg,3,23237,https://cpt.tcgcsv.com/g226,2025-12-13T01:33:24.057,1,,0.06,0.21,5.0,0.2,,Reverse Holofoil,013/165,Common,Grass,50,Basic,[G] Ram (10),[2] Bug Bite (20),Rx2,None,1,
502563,Kakuna,Kakuna,https://tcgplayer-cdn.tcgplayer.com/product/502563_200w.jpg,3,23237,https://cpt.tcgcsv.com/h226,2025-12-12T22:56:18.56,1,<strong> Ability — Cocoon Cover</strong><br>Prevent all effects of attacks used by your opponent's Pokemon done to this Pokemon.<em>(Damage is not an effect.)</em>,0.03,0.15,20.0,0.11,0.1,Normal,014/165,Common,Grass,80,Stage 1,[2] Zzzt (20),,Rx2,None,3,
502563,Kakuna,Kakuna,https://tcgplayer-cdn.tcgplayer.com/product/502563_200w.jpg,3,23237,https://cpt.tcgcsv.com/h226,2025-12-12T22:56:18.56,1,<strong> Ability — Cocoon Cover</strong><br>Prevent all effects of attacks used by your opponent's Pokemon done to this Pokemon.<em>(Damage is not an effect.)</em>,0.75,1.48,8.69,1.27,2.4,Reverse Holofoil,014/165,Common,Grass,80,Stage 1,[2] Zzzt (20),,Rx2,None,3,
502564,Beedrill,Beedrill,https://tcgplayer-cdn.tcgplayer.com/product/502564_200w.jpg,3,23237,https://cpt.tcgcsv.com/j226,2025-12-03T20:36:46.66,1,,0.15,0.62,5.0,0.57,0.49,Reverse Holofoil,015/165,Rare,Grass,130,Stage 2,"[2] Nadir Needle (30+) If you have no cards in your hand, this attack does 120 more damage, and your opponent's Active Pokémon is now Paralyzed and Poisoned.",[GG] Pierce (110),Rx2,None,1,
502564,Beedrill,Beedrill,https://tcgplayer-cdn.tcgplayer.com/product/502564_200w.jpg,3,23237,https://cpt.tcgcsv.com/j226,2025-12-03T20:36:46.66,1,,0.01,0.2,19.98,0.19,0.15,Holofoil,015/165,Rare,Grass,130,Stage 2,"[2] Nadir Needle (30+) If you have no cards in your hand, this attack does 120 more damage, and your opponent's Active Pokémon is now Paralyzed and Poisoned.",[GG] Pierce (110),Rx2,None,1,
502565,Pidgey,Pidgey,https://tcgplayer-cdn.tcgplayer.com/product/502565_200w.jpg,3,23237,https://cpt.tcgcsv.com/k226,2025-12-12T23:15:26.267,1,,0.01,0.16,3.1,0.16,0.13,Normal,016/165,Common,Colorless,50,Basic,"[1] Call for Family<br>Search your deck for up to 2 Basic Pokemon and put them onto your Bench. Then, shuffle your deck.",[2] Tackle (20),Lx2,F-30,1,
502565,Pidgey,Pidgey,https://tcgplayer-cdn.tcgplayer.com/product/502565_200w.jpg,3,23237,https://cpt.tcgcsv.com/k226,2025-12-12T23:15:26.267,1,,0.02,0.27,2.99,0.32,0.23,Reverse Holofoil,016/165,Common,Colorless,50,Basic,"[1] Call for Family<br>Search your deck for up to 2 Basic Pokemon and put them onto your Bench. Then, shuffle your deck.",[2] Tackle (20),Lx2,F-30,1,
502566,Pidgeotto,Pidgeotto,https://tcgplayer-cdn.tcgplayer.com/product/502566_200w.jpg,3,23237,https://cpt.tcgcsv.com/l226,2026-01-13T18:24:32.35,1,,0.1,0.26,5.0,0.25,0.25,Normal,017/165,Common,Colorless,80,Stage 1,[1] Flap (20),,Lx2,F-30,,
502566,Pidgeotto,Pidgeotto,https://tcgplayer-cdn.tcgplayer.com/product/502566_200w.jpg,3,23237,https://cpt.tcgcsv.com/l226,2026-01-13T18:24:32.35,1,,0.99,2.0,9.99,1.78,2.3,Reverse Holofoil,017/165,Common,Colorless,80,Stage 1,[1] Flap (20),,Lx2,F-30,,
502567,Pidgeot,Pidgeot,https://tcgplayer-cdn.tcgplayer.com/product/502567_200w.jpg,3,23237,https://cpt.tcgcsv.com/m226,2025-12-12T23:14:08.733,1,,0.01,0.12,5.0,0.09,0.09,Normal,018/165,Uncommon,Colorless,130,Stage 2,[1] Flap (40),"[3] Fly (150)<br>Flip a coin. If tails, this attack does nothing. If heads, during your opponent's next turn, prevent all damage from and effects of attacks done to this Pokemon.",Lx2,F-30,,
502567,Pidgeot,Pidgeot,https://tcgplayer-cdn.tcgplayer.com/product/502567_200w.jpg,3,23237,https://cpt.tcgcsv.com/m226,2025-12-12T23:14:08.733,1,,0.03,0.21,19.98,0.2,0.2,Reverse Holofoil,018/165,Uncommon,Colorless,130,Stage 2,[1] Flap (40),"[3] Fly (150)<br>Flip a coin. If tails, this attack does nothing. If heads, during your opponent's next turn, prevent all damage from and effects of attacks done to this Pokemon.",Lx2,F-30,,
502568,Rattata,Rattata,https://tcgplayer-cdn.tcgplayer.com/product/502568_200w.jpg,3,23237,https://cpt.tcgcsv.com/n226,2025-12-12T23:22:33.967,1,,0.04,0.2,2.67,0.19,,Reverse Holofoil,019/165,Common,Colorless,40,Basic,[2] Gnaw the Wound (20+)<br>This attack does 10 more damage for each damage counter on your opponent's Active Pokemon,,Fx2,,1,
502568,Rattata,Rattata,https://tcgplayer-cdn.tcgplayer.com/product/502568_200w.jpg,3,23237,https://cpt.tcgcsv.com/n226,2025-12-12T23:22:33.967,1,,0.01,0.1,2.29,0.07,0.05,Normal,019/165,Common,Colorless,40,Basic,[2] Gnaw the Wound (20+)<br>This attack does 10 more damage for each damage counter on your opponent's Active Pokemon,,Fx2,,1,
502569,Raticate,Raticate,https://tcgplayer-cdn.tcgplayer.com/product/502569_200w.jpg,3,23237,https://cpt.tcgcsv.com/p226,2025-12-11T03:55:48.19,1,,0.02,0.2,5.0,0.19,,Reverse Holofoil,020/165,Uncommon,Colorless,70,Stage 1,[2] Second Bite (30+)<br>This attack does 30 more damage for each damage counter on your opponent's Active Pokemon.,,Fx2,,,
502569,Raticate,Raticate,https://tcgplayer-cdn.tcgplayer.com/product/502569_200w.jpg,3,23237,https://cpt.tcgcsv.com/p226,2025-12-11T03:55:48.19,1,,0.01,0.1,1.51,0.08,0.06,Normal,020/165,Uncommon,Colorless,70,Stage 1,[2] Second Bite (30+)<br>This attack does 30 more damage for each damage counter on your opponent's Active Pokemon.,,Fx2,,,
502587,Spearow,Spearow,https://tcgplayer-cdn.tcgplayer.com/product/502587_200w.jpg,3,23237,https://cpt.tcgcsv.com/M226,2025-12-13T01:24:58.803,1,"<strong>Ability — Evolutionary Advantage</strong><br>If you go second, this Pokemon can evolve during your first turn.",0.4,0.9,50.0,0.82,0.81,Reverse Holofoil,021/165,Common,Colorless,50,Basic,[1] Speed Dive (10),,Lx2,F-30,1,
502587,Spearow,Spearow,https://tcgplayer-cdn.tcgplayer.com/product/502587_200w.jpg,3,23237,https://cpt.tcgcsv.com/M226,2025-12-13T01:24:58.803,1,"<strong>Ability — Evolutionary Advantage</strong><br>If you go second, this Pokemon can evolve during your first turn.",0.01,0.1,1.49,0.07,0.05,Normal,021/165,Common,Colorless,50,Basic,[1] Speed Dive (10),,Lx2,F-30,1,
502589,Fearow,Fearow,https://tcgplayer-cdn.tcgplayer.com/product/502589_200w.jpg,3,23237,https://cpt.tcgcsv.com/P226,2025-12-17T05:17:42.993,1,,0.03,0.2,2.5,0.18,,Reverse Holofoil,022/165,Uncommon,Colorless,90,Stage 1,"[1] Beak Catch<br>Search your deck for up to 3 cards and put them into your hand. Then, shuffle your deck.",[1] Speed Dive (50),Lx2,F-30,,
502589,Fearow,Fearow,https://tcgplayer-cdn.tcgplayer.com/product/502589_200w.jpg,3,23237,https://cpt.tcgcsv.com/P226,2025-12-17T05:17:42.993,1,,0.01,0.1,20.0,0.05,0.05,Normal,022/165,Uncommon,Colorless,90,Stage 1,"[1] Beak Catch<br>Search your deck for up to 3 cards and put them into your hand. Then, shuffle your deck.",[1] Speed Dive (50),Lx2,F-30,,
503313,151 Elite Trainer Box,151 Elite Trainer Box,https://tcgplayer-cdn.tcgplayer.com/product/503313_200w.jpg,3,23237,https://cpt.tcgcsv.com/hl26,2023-09-29T13:38:37.453,1,"The Pokémon TCG: Scarlet & Violet—151 Elite Trainer Box includes:
<br>• 9 Pokémon TCG: Scarlet & Violet—151 booster packs
<br>• 1 full-art foil promo card featuring Snorlax
<br>• 65 card sleeves
<br>• 45 Pokémon TCG Energy cards
<br>• A player’s guide to the Scarlet & Violet—151 expansion
<br>• 6 damage-counter dice
<br>• 1 competition-legal coin-flip die
<br>• 2 plastic condition markers
<br>• A collector’s box to hold everything, with 4 dividers to keep it organized
<br>• A code card for Pokémon Trading Card Game Live",400.0,499.48,600.0,389.17,,Normal,,,,,,,,,,,
504467,151 Booster Pack,151 Booster Pack,https://tcgplayer-cdn.tcgplayer.com/product/504467_200w.jpg,3,23237,https://cpt.tcgcsv.com/mP26,2023-09-22T04:03:23.64,1,Each pack contains 10 cards.,13.0,16.99,151.0,16.79,,Normal,,,,,,,,,,,
506640,151 Elite Trainer Box Case,151 Elite Trainer Box Case,https://tcgplayer-cdn.tcgplayer.com/product/506640_200w.jpg,3,23237,https://cpt.tcgcsv.com/QG36,2023-09-22T04:03:23.64,1,"Each case contains 10 151 Elite Trainer Boxes.
<br><br>The Pokémon TCG: Scarlet & Violet—151 Elite Trainer Box includes:
<br>• 9 Pokémon TCG: Scarlet & Violet—151 booster packs
<br>• 1 full-art foil promo card featuring Snorlax
<br>• 65 card sleeves
<br>• 45 Pokémon TCG Energy cards
<br>• A player’s guide to the Scarlet & Violet—151 expansion
<br>• 6 damage-counter dice
<br>• 1 competition-legal coin-flip die
<br>• 2 plastic condition markers
<br>• A collector’s box to hold everything, with 4 dividers to keep it organized
<br>• A code card for Pokémon Trading Card Game Live",4300.0,5100.0,5999.99,3912.22,,Normal,,,,,,,,,,,0820650873157
513405,151 Booster Bundle Display,151 Booster Bundle Display,https://tcgplayer-cdn.tcgplayer.com/product/513405_200w.jpg,3,23237,https://cpt.tcgcsv.com/7n76,2024-04-16T17:21:07.927,1,Contains 10 Booster Bundles. Each Booster Bundle contains six booster packs from Pokémon TCG: 151,1399.99,1999.0,5000.0,1314.94,,Normal,,,,,,,,,,,0820650863219
513409,151 Booster Bundle Display Case,151 Booster Bundle Display Case,https://tcgplayer-cdn.tcgplayer.com/product/513409_200w.jpg,3,23237,https://cpt.tcgcsv.com/cn76,2024-03-29T12:07:44.743,1,"Contains 6 Booster Bundle Displays.
<br>Each Display contains 10 Booster Bundles (60 Booster Bundles total). 
<br>Each Booster Bundle contains six booster packs from Pokémon TCG: 151",8949.99,11985.5,49999.0,8066.07,,Normal,,,,,,,,,,,0820650873218
513721,Pikachu - 173/165,Pikachu 173 165,https://tcgplayer-cdn.tcgplayer.com/product/513721_200w.jpg,3,23237,https://cpt.tcgcsv.com/rv76,2025-12-10T20:56:51.003,1,,34.06,50.28,150.0,45.71,44.99,Holofoil,173/165,Illustration Rare,Lightning,60,Basic,"[L] <strong>Charge </strong> <br>
Search your deck for a Basic L Energy card and attach it to this Pokémon. Then, shuffle your deck.",[1LL] Pike Punch (50),Fx2,,1,
515955,Ekans,Ekans,https://tcgplayer-cdn.tcgplayer.com/product/515955_200w.jpg,3,23237,https://cpt.tcgcsv.com/7p86,2025-12-17T05:16:20.54,1,,0.01,0.2,1.99,0.19,0.14,Reverse Holofoil,023/165,Common,Darkness,70,Basic,"[DD] Acid Spray (30)
<br>Flip a coin. If heads, discard an Energy from your opponent's Active Pokemon.",,Fx2,None,2,
515955,Ekans,Ekans,https://tcgplayer-cdn.tcgplayer.com/product/515955_200w.jpg,3,23237,https://cpt.tcgcsv.com/7p86,2025-12-17T05:16:20.54,1,,0.01,0.1,2.29,0.06,0.05,Normal,023/165,Common,Darkness,70,Basic,"[DD] Acid Spray (30)
<br>Flip a coin. If heads, discard an Energy from your opponent's Active Pokemon.",,Fx2,None,2,
515956,Arbok ex - 024/165,Arbok ex 024 165,https://tcgplayer-cdn.tcgplayer.com/product/515956_200w.jpg,3,23237,https://cpt.tcgcsv.com/8p86,2026-01-09T02:51:10.83,1,,0.39,1.03,20.0,0.93,1.08,Holofoil,024/165,Double Rare,Darkness,270,Stage 1,"[DD] Bind Down (70)
<br>During your opponent's next turn, the Defending Pokemon can't retreat.","[DDD] Menacing Fangs (150)
<br>Your opponent discards 2 cards from their hand.",Fx2,None,2,
515957,Raichu,Raichu,https://tcgplayer-cdn.tcgplayer.com/product/515957_200w.jpg,3,23237,https://cpt.tcgcsv.com/9p86,2026-01-15T01:08:54.353,1,"<strong>Ability — Electrical Grounding</strong>
<br>When 1 of your Pokemon is Knocked Out by damage from an attack from your opponent's Pokemon, you may move a L Energy from that Pokemon to this Pokemon.",0.07,0.23,5.0,0.23,0.16,Holofoil,026/165,Rare,Lightning,120,Stage 1,"[1LL] Thunder (180)
<br>This Pokemon also does 50 damage to itself",,Fx2,None,1,
515957,Raichu,Raichu,https://tcgplayer-cdn.tcgplayer.com/product/515957_200w.jpg,3,23237,https://cpt.tcgcsv.com/9p86,2026-01-15T01:08:54.353,1,"<strong>Ability — Electrical Grounding</strong>
<br>When 1 of your Pokemon is Knocked Out by damage from an attack from your opponent's Pokemon, you may move a L Energy from that Pokemon to this Pokemon.",0.48,1.04,5.99,0.99,1.13,Reverse Holofoil,026/165,Rare,Lightning,120,Stage 1,"[1LL] Thunder (180)
<br>This Pokemon also does 50 damage to itself",,Fx2,None,1,
515970,151 Ultra-Premium Collection Case,151 Ultra Premium Collection Case,https://tcgplayer-cdn.tcgplayer.com/product/515970_200w.jpg,3,23237,https://cpt.tcgcsv.com/qp86,2023-10-06T04:03:10.72,1,Each 151 Ultra-Premium Collection Case contains 4 151 Ultra-Premium Collections.,2499.98,2690.0,3599.95,2209.95,,Normal,,,,,,,,,,,
515978,Sandshrew,Sandshrew,https://tcgplayer-cdn.tcgplayer.com/product/515978_200w.jpg,3,23237,https://cpt.tcgcsv.com/Bp86,2025-12-13T01:19:35.477,1,"<strong>Ability — Sand Screen</strong>
<br>Trainer cards in your opponent's discard pile can't be put into their deck by an effect of your opponent's Item or Supporter cards.",0.03,0.2,2.37,0.16,,Reverse Holofoil,027/165,Common,Fighting,60,Basic,[2] Scratch (30),,Gx2,None,1,
515978,Sandshrew,Sandshrew,https://tcgplayer-cdn.tcgplayer.com/product/515978_200w.jpg,3,23237,https://cpt.tcgcsv.com/Bp86,2025-12-13T01:19:35.477,1,"<strong>Ability — Sand Screen</strong>
<br>Trainer cards in your opponent's discard pile can't be put into their deck by an effect of your opponent's Item or Supporter cards.",0.01,0.1,20.0,0.06,0.04,Normal,027/165,Common,Fighting,60,Basic,[2] Scratch (30),,Gx2,None,1,
515989,Sandslash,Sandslash,https://tcgplayer-cdn.tcgplayer.com/product/515989_200w.jpg,3,23237,https://cpt.tcgcsv.com/Pp86,2025-12-13T01:20:51.11,1,,0.01,0.1,1.49,0.06,,Normal,028/165,Uncommon,Fighting,120,Stage 1,"[F] Rumble (30)
<br>During your opponent's next turn, the Defending Pokemon can't retreat.","[2F] Spike Rend (80+)
<br>If your opponent's Active Pokemon already has any damage counters on it, this attack does 100 more damage.",Gx2,None,2,
515989,Sandslash,Sandslash,https://tcgplayer-cdn.tcgplayer.com/product/515989_200w.jpg,3,23237,https://cpt.tcgcsv.com/Pp86,2025-12-13T01:20:51.11,1,,0.03,0.2,25.0,0.2,0.18,Reverse Holofoil,028/165,Uncommon,Fighting,120,Stage 1,"[F] Rumble (30)
<br>During your opponent's next turn, the Defending Pokemon can't retreat.","[2F] Spike Rend (80+)
<br>If your opponent's Active Pokemon already has any damage counters on it, this attack does 100 more damage.",Gx2,None,2,
515994,Nidoran F,Nidoran F,https://tcgplayer-cdn.tcgplayer.com/product/515994_200w.jpg,3,23237,https://cpt.tcgcsv.com/Vp86,2025-12-12T23:05:58.763,1,,0.67,1.25,40.0,1.17,1.29,Reverse Holofoil,029/165,Common,Darkness,60,Basic,[1D] Poison Horn (20),,Fx2,None,1,
515994,Nidoran F,Nidoran F,https://tcgplayer-cdn.tcgplayer.com/product/515994_200w.jpg,3,23237,https://cpt.tcgcsv.com/Vp86,2025-12-12T23:05:58.763,1,,0.01,0.15,5.0,0.13,0.1,Normal,029/165,Common,Darkness,60,Basic,[1D] Poison Horn (20),,Fx2,None,1,
516000,Nidorina,Nidorina,https://tcgplayer-cdn.tcgplayer.com/product/516000_200w.jpg,3,23237,https://cpt.tcgcsv.com/0q86,2025-12-12T23:06:34.313,1,,0.01,0.12,1.49,0.08,0.08,Normal,030/165,Uncommon,Darkness,90,Stage 1,"[D] Fetch Family
<br>Search your deck for up to 3 Pokemon, reveal them, and put them into your hand. Then, shuffle your deck.",[1D] Sharp Fang (50),Fx2,None,2,
516000,Nidorina,Nidorina,https://tcgplayer-cdn.tcgplayer.com/product/516000_200w.jpg,3,23237,https://cpt.tcgcsv.com/0q86,2025-12-12T23:06:34.313,1,,0.03,0.21,2.37,0.22,0.2,Reverse Holofoil,030/165,Uncommon,Darkness,90,Stage 1,"[D] Fetch Family
<br>Search your deck for up to 3 Pokemon, reveal them, and put them into your hand. Then, shuffle your deck.",[1D] Sharp Fang (50),Fx2,None,2,
516004,Nidoqueen,Nidoqueen,https://tcgplayer-cdn.tcgplayer.com/product/516004_200w.jpg,3,23237,https://cpt.tcgcsv.com/6q86,2025-12-12T23:05:22.193,1,,0.01,0.22,19.98,0.21,0.21,Reverse Holofoil,031/165,Uncommon,Darkness,170,Stage 2,"[1D] Queen Press (90)
<br>During your opponent's next turn, prevent all damage done to this Pokemon by attacks from Basic Pokemon.",[1DD] Lunge Out (160),Fx2,None,3,
516004,Nidoqueen,Nidoqueen,https://tcgplayer-cdn.tcgplayer.com/product/516004_200w.jpg,3,23237,https://cpt.tcgcsv.com/6q86,2025-12-12T23:05:22.193,1,,0.01,0.12,1.49,0.09,0.06,Normal,031/165,Uncommon,Darkness,170,Stage 2,"[1D] Queen Press (90)
<br>During your opponent's next turn, prevent all damage done to this Pokemon by attacks from Basic Pokemon.",[1DD] Lunge Out (160),Fx2,None,3,
516006,Nidoran M,Nidoran M,https://tcgplayer-cdn.tcgplayer.com/product/516006_200w.jpg,3,23237,https://cpt.tcgcsv.com/8q86,2025-12-17T05:46:27.35,1,,0.75,1.5,9.99,1.43,1.68,Reverse Holofoil,032/165,Common,Darkness,60,Basic,[D] Horn Attack (20),,Fx2,None,1,
516006,Nidoran M,Nidoran M,https://tcgplayer-cdn.tcgplayer.com/product/516006_200w.jpg,3,23237,https://cpt.tcgcsv.com/8q86,2025-12-17T05:46:27.35,1,,0.01,0.15,20.0,0.15,0.1,Normal,032/165,Common,Darkness,60,Basic,[D] Horn Attack (20),,Fx2,None,1,
516016,Nidorino,Nidorino,https://tcgplayer-cdn.tcgplayer.com/product/516016_200w.jpg,3,23237,https://cpt.tcgcsv.com/lq86,2025-12-17T05:46:56.3,1,,0.07,0.22,20.0,0.23,,Reverse Holofoil,033/165,Uncommon,Darkness,90,Stage 1,[D] Sharp Fang (30),[1DD] Superpowered Horns (100),Fx2,None,2,
516016,Nidorino,Nidorino,https://tcgplayer-cdn.tcgplayer.com/product/516016_200w.jpg,3,23237,https://cpt.tcgcsv.com/lq86,2025-12-17T05:46:56.3,1,,0.01,0.11,1.49,0.09,0.06,Normal,033/165,Uncommon,Darkness,90,Stage 1,[D] Sharp Fang (30),[1DD] Superpowered Horns (100),Fx2,None,2,
516024,Nidoking - 034/165,Nidoking 034 165,https://tcgplayer-cdn.tcgplayer.com/product/516024_200w.jpg,3,23237,https://cpt.tcgcsv.com/vq86,2025-11-10T18:03:27.517,1,"<strong>Ability — Enthusiastic King</strong>
<br>If you have Nidoqueen in play, ignore all Energy in the costs of attacks used by this Pokemon.",0.2,0.81,4.99,0.7,0.71,Reverse Holofoil,034/165,Rare,Darkness,170,Stage 2,"[2DD] Venomous Impact (190)
<br>Your opponent's Active Pokemon is now Poisoned.",,Fx2,None,3,
516024,Nidoking - 034/165,Nidoking 034 165,https://tcgplayer-cdn.tcgplayer.com/product/516024_200w.jpg,3,23237,https://cpt.tcgcsv.com/vq86,2025-11-10T18:03:27.517,1,"<strong>Ability — Enthusiastic King</strong>
<br>If you have Nidoqueen in play, ignore all Energy in the costs of attacks used by this Pokemon.",0.02,0.23,19.98,0.22,0.2,Holofoil,034/165,Rare,Darkness,170,Stage 2,"[2DD] Venomous Impact (190)
<br>Your opponent's Active Pokemon is now Poisoned.",,Fx2,None,3,
516030,Clefairy,Clefairy,https://tcgplayer-cdn.tcgplayer.com/product/516030_200w.jpg,3,23237,https://cpt.tcgcsv.com/Dq86,2025-12-13T01:00:00.417,1,,0.05,0.2,19.98,0.19,0.19,Reverse Holofoil,035/165,Common,Psychic,60,Basic,"[P] Moon-Viewing Invitation
<br>Search your deck for up to 3 Clefairy and put them onto your Bench. Then, shuffle your deck.",[1P] Smack (20),Mx2,None,1,
516030,Clefairy,Clefairy,https://tcgplayer-cdn.tcgplayer.com/product/516030_200w.jpg,3,23237,https://cpt.tcgcsv.com/Dq86,2025-12-13T01:00:00.417,1,,0.01,0.1,1.99,0.08,0.05,Normal,035/165,Common,Psychic,60,Basic,"[P] Moon-Viewing Invitation
<br>Search your deck for up to 3 Clefairy and put them onto your Bench. Then, shuffle your deck.",[1P] Smack (20),Mx2,None,1,
516036,Clefable,Clefable,https://tcgplayer-cdn.tcgplayer.com/product/516036_200w.jpg,3,23237,https://cpt.tcgcsv.com/Lq86,2026-01-13T17:52:01.113,1,,0.01,0.11,300.0,0.08,0.05,Normal,036/165,Uncommon,Psychic,100,Stage 1,"[P] Follow Me
<br>Switch in 1 of your opponent's Benched Pokemon to the Active Spot.","[PPP] More Moon (50)
<br>If your opponent's Pokemon is Knocked Out by damage from this attack, take 1 more Prize card.",Mx2,None,2,
516036,Clefable,Clefable,https://tcgplayer-cdn.tcgplayer.com/product/516036_200w.jpg,3,23237,https://cpt.tcgcsv.com/Lq86,2026-01-13T17:52:01.113,1,,0.04,0.2,19.98,0.17,0.19,Reverse Holofoil,036/165,Uncommon,Psychic,100,Stage 1,"[P] Follow Me
<br>Switch in 1 of your opponent's Benched Pokemon to the Active Spot.","[PPP] More Moon (50)
<br>If your opponent's Pokemon is Knocked Out by damage from this attack, take 1 more Prize card.",Mx2,None,2,
516060,Vulpix,Vulpix,https://tcgplayer-cdn.tcgplayer.com/product/516060_200w.jpg,3,23237,https://cpt.tcgcsv.com/dr86,2025-12-13T01:32:15.747,1,,0.04,0.21,2.37,0.19,0.2,Reverse Holofoil,037/165,Common,Fire,70,Basic,"[1F] Super Singe (20)
<br>Flip a coin. If heads, your opponent's Active Pokemon is now Burned.",,Wx2,None,1,
516060,Vulpix,Vulpix,https://tcgplayer-cdn.tcgplayer.com/product/516060_200w.jpg,3,23237,https://cpt.tcgcsv.com/dr86,2025-12-13T01:32:15.747,1,,0.01,0.1,2.26,0.08,0.05,Normal,037/165,Common,Fire,70,Basic,"[1F] Super Singe (20)
<br>Flip a coin. If heads, your opponent's Active Pokemon is now Burned.",,Wx2,None,1,
516072,Ninetales ex - 038/165,Ninetales ex 038 165,https://tcgplayer-cdn.tcgplayer.com/product/516072_200w.jpg,3,23237,https://cpt.tcgcsv.com/sr86,2025-11-30T00:49:43.51,1,,0.5,1.16,64.0,0.98,1.31,Holofoil,038/165,Double Rare,Fire,260,Stage 1,"[F] Heat Wave (30)
<br>Your opponent's Active Pokemon is Burned.","[1F] Mirrored Flames (80+)
<br>If you have the same number of cards in your hand as your opponent, this attack does 140 more damage.",Wx2,None,2,
516108,Jigglypuff,Jigglypuff,https://tcgplayer-cdn.tcgplayer.com/product/516108_200w.jpg,3,23237,https://cpt.tcgcsv.com/bs86,2025-12-17T05:38:55.627,1,,0.08,0.23,5.0,0.21,0.22,Reverse Holofoil,039/165,Common,Colorless,70,Basic,"[1] Lead
<br>Search your deck for a Supporter card, reveal it, and put it into your hand. Then, shuffle your deck.","[2] Stompy Stomp (20x)
<br>Flip 2 coins. This attack does 20 damage for each heads.",Fx2,None,1,
516108,Jigglypuff,Jigglypuff,https://tcgplayer-cdn.tcgplayer.com/product/516108_200w.jpg,3,23237,https://cpt.tcgcsv.com/bs86,2025-12-17T05:38:55.627,1,,0.01,0.12,1.51,0.1,0.06,Normal,039/165,Common,Colorless,70,Basic,"[1] Lead
<br>Search your deck for a Supporter card, reveal it, and put it into your hand. Then, shuffle your deck.","[2] Stompy Stomp (20x)
<br>Flip 2 coins. This attack does 20 damage for each heads.",Fx2,None,1,
516145,Wigglytuff ex - 040/165,Wigglytuff ex 040 165,https://tcgplayer-cdn.tcgplayer.com/product/516145_200w.jpg,3,23237,https://cpt.tcgcsv.com/Ws86,2025-07-27T11:39:38.693,1,"<strong>Ability — Expanding Body</strong>
<br>If this Pokemon has any Special Energy attached, it gets +100HP.",0.4,0.99,25.0,0.9,0.71,Holofoil,040/165,Double Rare,Colorless,250,Stage 1,"[3] Friend Tackle (90+)
<br>If you played a Supporter card from your hand during this turn, this attack does 90 more damage.",,Fx2,None,3,
516150,Zubat,Zubat,https://tcgplayer-cdn.tcgplayer.com/product/516150_200w.jpg,3,23237,https://cpt.tcgcsv.com/0t86,2025-12-13T01:33:56.29,1,"<strong>Ability — Revealing Echo</strong>
<br>Once during your turn, if this Pokemon is in the Active Spot, you may have your opponent reveal their hand.",0.01,0.1,20.0,0.07,0.04,Normal,041/165,Common,Darkness,40,Basic,[1] Bite (10),,Lx2,F-30,1,
516150,Zubat,Zubat,https://tcgplayer-cdn.tcgplayer.com/product/516150_200w.jpg,3,23237,https://cpt.tcgcsv.com/0t86,2025-12-13T01:33:56.29,1,"<strong>Ability — Revealing Echo</strong>
<br>Once during your turn, if this Pokemon is in the Active Spot, you may have your opponent reveal their hand.",0.03,0.2,2.78,0.16,0.15,Reverse Holofoil,041/165,Common,Darkness,40,Basic,[1] Bite (10),,Lx2,F-30,1,
516152,Golbat,Golbat,https://tcgplayer-cdn.tcgplayer.com/product/516152_200w.jpg,3,23237,https://cpt.tcgcsv.com/3t86,2025-12-12T22:51:02.453,1,,0.01,0.11,20.0,0.11,0.05,Normal,042/165,Uncommon,Darkness,80,Stage 1,"[1] Skill Dive
<br>This attack does 40 damage to 1 of your opponent's Pokemon. <em>(Don't apply Weakness and Resistance for Benched Pokemon)</em>",,Lx2,F-30,1,
516152,Golbat,Golbat,https://tcgplayer-cdn.tcgplayer.com/product/516152_200w.jpg,3,23237,https://cpt.tcgcsv.com/3t86,2025-12-12T22:51:02.453,1,,0.03,0.2,19.98,0.18,0.11,Reverse Holofoil,042/165,Uncommon,Darkness,80,Stage 1,"[1] Skill Dive
<br>This attack does 40 damage to 1 of your opponent's Pokemon. <em>(Don't apply Weakness and Resistance for Benched Pokemon)</em>",,Lx2,F-30,1,
516156,Oddish,Oddish,https://tcgplayer-cdn.tcgplayer.com/product/516156_200w.jpg,3,23237,https://cpt.tcgcsv.com/8t86,2025-12-17T05:47:30.04,1,,0.04,0.22,2.37,0.21,0.15,Reverse Holofoil,043/165,Common,Grass,60,Basic,[2] Razor Leaf (20),,Rx2,None,1,
516156,Oddish,Oddish,https://tcgplayer-cdn.tcgplayer.com/product/516156_200w.jpg,3,23237,https://cpt.tcgcsv.com/8t86,2025-12-17T05:47:30.04,1,,0.01,0.1,1.51,0.06,0.05,Normal,043/165,Common,Grass,60,Basic,[2] Razor Leaf (20),,Rx2,None,1,
516157,Gloom,Gloom,https://tcgplayer-cdn.tcgplayer.com/product/516157_200w.jpg,3,23237,https://cpt.tcgcsv.com/9t86,2025-12-17T05:23:59.167,1,"<strong>Ability — Semi-Blooming Energy</strong>
<br>When you play this Pokemon from your hand to evolve 1 of your Pokemon during your turn, you may look at the top 3 cards of your deck and attach any number of Basic Energy cards you find there to your Pokemon in any way you like. Shuffle the other cards back into your deck.",0.01,0.1,1.49,0.07,0.07,Normal,044/165,Uncommon,Grass,70,Stage 1,[2] Drool (30),,Rx2,None,1,
516157,Gloom,Gloom,https://tcgplayer-cdn.tcgplayer.com/product/516157_200w.jpg,3,23237,https://cpt.tcgcsv.com/9t86,2025-12-17T05:23:59.167,1,"<strong>Ability — Semi-Blooming Energy</strong>
<br>When you play this Pokemon from your hand to evolve 1 of your Pokemon during your turn, you may look at the top 3 cards of your deck and attach any number of Basic Energy cards you find there to your Pokemon in any way you like. Shuffle the other cards back into your deck.",0.01,0.2,40.0,0.19,0.2,Reverse Holofoil,044/165,Uncommon,Grass,70,Stage 1,[2] Drool (30),,Rx2,None,1,
516159,Vileplume,Vileplume,https://tcgplayer-cdn.tcgplayer.com/product/516159_200w.jpg,3,23237,https://cpt.tcgcsv.com/ct86,2026-01-06T17:16:39.06,1,"<strong>Ability — Fully Blooming Energy</strong>
<br>When you play this Pokemon from your hand to evolve 1 of your Pokemon during your turn, you may look at the top 8 cards of your deck and attach any number of Basic Energy cards you find there to your Pokemon in any way you like. Shuffle the other cards back into your deck.",0.26,0.7,50.0,0.6,0.61,Reverse Holofoil,045/165,Rare,Grass,140,Stage 2,[2G] Solar Beam (90),,Rx2,None,2,
516159,Vileplume,Vileplume,https://tcgplayer-cdn.tcgplayer.com/product/516159_200w.jpg,3,23237,https://cpt.tcgcsv.com/ct86,2026-01-06T17:16:39.06,1,"<strong>Ability — Fully Blooming Energy</strong>
<br>When you play this Pokemon from your hand to evolve 1 of your Pokemon during your turn, you may look at the top 8 cards of your deck and attach any number of Basic Energy cards you find there to your Pokemon in any way you like. Shuffle the other cards back into your deck.",0.01,0.22,10.0,0.2,0.2,Holofoil,045/165,Rare,Grass,140,Stage 2,[2G] Solar Beam (90),,Rx2,None,2,
516163,Paras,Paras,https://tcgplayer-cdn.tcgplayer.com/product/516163_200w.jpg,3,23237,https://cpt.tcgcsv.com/ht86,2025-12-17T05:48:30.627,1,,0.01,0.19,2.0,0.16,0.16,Reverse Holofoil,046/165,Common,Grass,70,Basic,[G] Stampede (10),"[1G] Spore Ball (20)
<br>Your opponent's Active Pokemon is now Asleep.",Rx2,None,2,
516163,Paras,Paras,https://tcgplayer-cdn.tcgplayer.com/product/516163_200w.jpg,3,23237,https://cpt.tcgcsv.com/ht86,2025-12-17T05:48:30.627,1,,0.01,0.1,2.14,0.05,0.03,Normal,046/165,Common,Grass,70,Basic,[G] Stampede (10),"[1G] Spore Ball (20)
<br>Your opponent's Active Pokemon is now Asleep.",Rx2,None,2,
516170,Parasect,Parasect,https://tcgplayer-cdn.tcgplayer.com/product/516170_200w.jpg,3,23237,https://cpt.tcgcsv.com/qt86,2025-12-17T05:48:49.307,1,,0.02,0.2,1.99,0.19,0.14,Reverse Holofoil,047/165,Uncommon,Grass,120,Stage 1,"[G] Spread Filaments
<br>Flip 2 coins. Search your deck for a number of G Pokemon up to the number of heads and put them onto your Bench. Then, shuffle your deck.",[2] Claw Slash (50),Rx2,None,2,
516170,Parasect,Parasect,https://tcgplayer-cdn.tcgplayer.com/product/516170_200w.jpg,3,23237,https://cpt.tcgcsv.com/qt86,2025-12-17T05:48:49.307,1,,0.01,0.1,5.0,0.05,0.05,Normal,047/165,Uncommon,Grass,120,Stage 1,"[G] Spread Filaments
<br>Flip 2 coins. Search your deck for a number of G Pokemon up to the number of heads and put them onto your Bench. Then, shuffle your deck.",[2] Claw Slash (50),Rx2,None,2,
516206,Venonat,Venonat,https://tcgplayer-cdn.tcgplayer.com/product/516206_200w.jpg,3,23237,https://cpt.tcgcsv.com/8v86,2025-12-13T01:29:07.407,1,,0.03,0.2,2.58,0.16,,Reverse Holofoil,048/165,Common,Grass,70,Basic,[1] Gnaw (10),[2G] Beam (40),Rx2,None,2,
516206,Venonat,Venonat,https://tcgplayer-cdn.tcgplayer.com/product/516206_200w.jpg,3,23237,https://cpt.tcgcsv.com/8v86,2025-12-13T01:29:07.407,1,,0.01,0.1,2.14,0.08,0.05,Normal,048/165,Common,Grass,70,Basic,[1] Gnaw (10),[2G] Beam (40),Rx2,None,2,
516213,Venomoth,Venomoth,https://tcgplayer-cdn.tcgplayer.com/product/516213_200w.jpg,3,23237,https://cpt.tcgcsv.com/hv86,2025-12-13T01:28:32.063,1,,0.03,0.2,25.0,0.17,0.17,Reverse Holofoil,049/165,Uncommon,Grass,90,Stage 1,"[G] Perplexing Powder (30)
<br>Your opponent's Active Pokemon is now Confused. During your opponent's next turn, they can't play any Item cards from their hand.",[2G] Speed Wing (90),Rx2,None,1,
516213,Venomoth,Venomoth,https://tcgplayer-cdn.tcgplayer.com/product/516213_200w.jpg,3,23237,https://cpt.tcgcsv.com/hv86,2025-12-13T01:28:32.063,1,,0.01,0.12,1.51,0.06,0.06,Normal,049/165,Uncommon,Grass,90,Stage 1,"[G] Perplexing Powder (30)
<br>Your opponent's Active Pokemon is now Confused. During your opponent's next turn, they can't play any Item cards from their hand.",[2G] Speed Wing (90),Rx2,None,1,
516215,Diglett,Diglett,https://tcgplayer-cdn.tcgplayer.com/product/516215_200w.jpg,3,23237,https://cpt.tcgcsv.com/kv86,2025-11-10T18:03:33.06,1,,0.01,0.2,2.37,0.19,,Reverse Holofoil,050/165,Common,Fighting,50,Basic,[F] Headbutt Bounce (10),[FF] Mud-Slap (30),Gx2,None,1,
516215,Diglett,Diglett,https://tcgplayer-cdn.tcgplayer.com/product/516215_200w.jpg,3,23237,https://cpt.tcgcsv.com/kv86,2025-11-10T18:03:33.06,1,,0.01,0.1,2.04,0.06,0.03,Normal,050/165,Common,Fighting,50,Basic,[F] Headbutt Bounce (10),[FF] Mud-Slap (30),Gx2,None,1,
516216,Dugtrio,Dugtrio,https://tcgplayer-cdn.tcgplayer.com/product/516216_200w.jpg,3,23237,https://cpt.tcgcsv.com/lv86,2025-12-17T05:15:42.36,1,,0.01,0.1,19.98,0.06,0.05,Normal,051/165,Uncommon,Fighting,90,Stage 1,[F] Headbutt Bounce (40),[FF] Mud Bomb (80),Gx2,None,1,
516216,Dugtrio,Dugtrio,https://tcgplayer-cdn.tcgplayer.com/product/516216_200w.jpg,3,23237,https://cpt.tcgcsv.com/lv86,2025-12-17T05:15:42.36,1,,0.03,0.2,2.28,0.17,0.12,Reverse Holofoil,051/165,Uncommon,Fighting,90,Stage 1,[F] Headbutt Bounce (40),[FF] Mud Bomb (80),Gx2,None,1,
516221,Meowth,Meowth,https://tcgplayer-cdn.tcgplayer.com/product/516221_200w.jpg,3,23237,https://cpt.tcgcsv.com/rv86,2025-12-17T05:45:51.28,1,,0.01,0.1,25.0,0.09,0.05,Normal,052/165,Common,Colorless,70,Basic,"[1] Come Here Right Meow
<br>Flip a coin. If heads, switch in 1 of your opponent's Benched Pokemon tot he Active Spot.",[2] Dig Claws (20),Fx2,None,1,
516221,Meowth,Meowth,https://tcgplayer-cdn.tcgplayer.com/product/516221_200w.jpg,3,23237,https://cpt.tcgcsv.com/rv86,2025-12-17T05:45:51.28,1,,0.01,0.2,2.0,0.17,,Reverse Holofoil,052/165,Common,Colorless,70,Basic,"[1] Come Here Right Meow
<br>Flip a coin. If heads, switch in 1 of your opponent's Benched Pokemon tot he Active Spot.",[2] Dig Claws (20),Fx2,None,1,
516223,Persian,Persian,https://tcgplayer-cdn.tcgplayer.com/product/516223_200w.jpg,3,23237,https://cpt.tcgcsv.com/tv86,2025-12-12T23:12:13.657,1,"<strong>Ability — Rocket Call</strong>
<br>Once during your turn, you may search your deck for a Giovanni's Charisma card, reveal it, and put it into your hand. Then, shuffle your deck.",0.05,0.22,25.0,0.21,,Reverse Holofoil,053/165,Uncommon,Colorless,110,Stage 1,[3] Slash (70),,Fx2,None,1,
516223,Persian,Persian,https://tcgplayer-cdn.tcgplayer.com/product/516223_200w.jpg,3,23237,https://cpt.tcgcsv.com/tv86,2025-12-12T23:12:13.657,1,"<strong>Ability — Rocket Call</strong>
<br>Once during your turn, you may search your deck for a Giovanni's Charisma card, reveal it, and put it into your hand. Then, shuffle your deck.",0.01,0.11,30.0,0.11,0.05,Normal,053/165,Uncommon,Colorless,110,Stage 1,[3] Slash (70),,Fx2,None,1,
516231,Psyduck - 054/165,Psyduck 054 165,https://tcgplayer-cdn.tcgplayer.com/product/516231_200w.jpg,3,23237,https://cpt.tcgcsv.com/Fv86,2025-12-12T23:21:40.48,1,,0.1,0.25,2.66,0.23,0.25,Reverse Holofoil,054/165,Common,Water,70,Basic,"[1] Overthink
<br>During your opponent's next turn, whenever they flip a coin, treat it as tails.",[W] Water Gun (10),Lx2,None,1,
516231,Psyduck - 054/165,Psyduck 054 165,https://tcgplayer-cdn.tcgplayer.com/product/516231_200w.jpg,3,23237,https://cpt.tcgcsv.com/Fv86,2025-12-12T23:21:40.48,1,,0.01,0.15,1.49,0.12,0.08,Normal,054/165,Common,Water,70,Basic,"[1] Overthink
<br>During your opponent's next turn, whenever they flip a coin, treat it as tails.",[W] Water Gun (10),Lx2,None,1,
516232,Golduck,Golduck,https://tcgplayer-cdn.tcgplayer.com/product/516232_200w.jpg,3,23237,https://cpt.tcgcsv.com/Gv86,2025-12-17T05:26:13.057,1,,0.01,0.12,2.05,0.09,0.05,Normal,055/165,Uncommon,Water,110,Stage 1,"[1] Aquatic Rescue
<br>Put up to 4 Pokemon from your discard pile into your hand.",[1WW] Super Splash (120),Lx2,None,1,
516232,Golduck,Golduck,https://tcgplayer-cdn.tcgplayer.com/product/516232_200w.jpg,3,23237,https://cpt.tcgcsv.com/Gv86,2025-12-17T05:26:13.057,1,,0.05,0.23,3.0,0.21,0.2,Reverse Holofoil,055/165,Uncommon,Water,110,Stage 1,"[1] Aquatic Rescue
<br>Put up to 4 Pokemon from your discard pile into your hand.",[1WW] Super Splash (120),Lx2,None,1,
516242,Mankey,Mankey,https://tcgplayer-cdn.tcgplayer.com/product/516242_200w.jpg,3,23237,https://cpt.tcgcsv.com/Sv86,2025-12-17T05:45:22.71,1,,0.01,0.1,2.29,0.08,0.04,Normal,056/165,Common,Fighting,60,Basic,"[F] Thrash (20+)
<br>Flip a coin. If tails, this Pokemon also does 20 damage to itself. If Heads, this attack does 20 more damage.",,Px2,None,1,
516242,Mankey,Mankey,https://tcgplayer-cdn.tcgplayer.com/product/516242_200w.jpg,3,23237,https://cpt.tcgcsv.com/Sv86,2025-12-17T05:45:22.71,1,,0.04,0.19,1.99,0.13,,Reverse Holofoil,056/165,Common,Fighting,60,Basic,"[F] Thrash (20+)
<br>Flip a coin. If tails, this Pokemon also does 20 damage to itself. If Heads, this attack does 20 more damage.",,Px2,None,1,
516246,Primeape,Primeape,https://tcgplayer-cdn.tcgplayer.com/product/516246_200w.jpg,3,23237,https://cpt.tcgcsv.com/Xv86,2025-12-12T23:21:10.083,1,,0.02,0.2,25.0,0.16,0.08,Reverse Holofoil,057/165,Uncommon,Fighting,120,Stage 1,"[F] Rant and Rave (40)
<br>This Pokemon is now Confused.","[2F] Raging Smash (150)
<br>If this Pokemon isn't Confused, this attack does nothing.",Px2,None,2,
516246,Primeape,Primeape,https://tcgplayer-cdn.tcgplayer.com/product/516246_200w.jpg,3,23237,https://cpt.tcgcsv.com/Xv86,2025-12-12T23:21:10.083,1,,0.01,0.1,20.0,0.07,0.05,Normal,057/165,Uncommon,Fighting,120,Stage 1,"[F] Rant and Rave (40)
<br>This Pokemon is now Confused.","[2F] Raging Smash (150)
<br>If this Pokemon isn't Confused, this attack does nothing.",Px2,None,2,
516247,Growlithe,Growlithe,https://tcgplayer-cdn.tcgplayer.com/product/516247_200w.jpg,3,23237,https://cpt.tcgcsv.com/Zv86,2026-01-13T18:08:05.137,1,,0.04,0.2,5.0,0.18,,Reverse Holofoil,058/165,Common,Fire,80,Basic,"[R] Vaporize (10)
<br>Discard a W Energy from your opponent's Active Pokemon.",,Wx2,None,2,
516247,Growlithe,Growlithe,https://tcgplayer-cdn.tcgplayer.com/product/516247_200w.jpg,3,23237,https://cpt.tcgcsv.com/Zv86,2026-01-13T18:08:05.137,1,,0.01,0.12,2.04,0.11,0.05,Normal,058/165,Common,Fire,80,Basic,"[R] Vaporize (10)
<br>Discard a W Energy from your opponent's Active Pokemon.",,Wx2,None,2,
516248,Arcanine,Arcanine,https://tcgplayer-cdn.tcgplayer.com/product/516248_200w.jpg,3,23237,https://cpt.tcgcsv.com/-v86,2025-11-26T04:23:08.753,1,,0.01,0.13,2.0,0.07,0.07,Normal,059/165,Uncommon,Fire,150,Stage 1,"[R] Torrid Torrent (30)
<br>Attach up to 2 Basic R Energy cards from your discard pile to this Pokemon.","[2RR] Dynamite Fang (240)
<br>Discard 2 R Energy from this Pokemon.",Wx2,None,4,
516248,Arcanine,Arcanine,https://tcgplayer-cdn.tcgplayer.com/product/516248_200w.jpg,3,23237,https://cpt.tcgcsv.com/-v86,2025-11-26T04:23:08.753,1,,0.02,0.22,2.37,0.19,0.18,Reverse Holofoil,059/165,Uncommon,Fire,150,Stage 1,"[R] Torrid Torrent (30)
<br>Attach up to 2 Basic R Energy cards from your discard pile to this Pokemon.","[2RR] Dynamite Fang (240)
<br>Discard 2 R Energy from this Pokemon.",Wx2,None,4,
516249,Poliwag,Poliwag,https://tcgplayer-cdn.tcgplayer.com/product/516249_200w.jpg,3,23237,https://cpt.tcgcsv.com/_v86,2025-12-12T23:16:14.88,1,,0.01,0.1,20.0,0.09,,Normal,060/165,Common,Water,60,Basic,"[W] Bubble (10)
<br>Flip a coin. If heads, your opponent's Active Pokemon is now Paralyzed.",,Lx2,None,1,
516249,Poliwag,Poliwag,https://tcgplayer-cdn.tcgplayer.com/product/516249_200w.jpg,3,23237,https://cpt.tcgcsv.com/_v86,2025-12-12T23:16:14.88,1,,0.01,0.2,40.0,0.16,0.17,Reverse Holofoil,060/165,Common,Water,60,Basic,"[W] Bubble (10)
<br>Flip a coin. If heads, your opponent's Active Pokemon is now Paralyzed.",,Lx2,None,1,
516250,Poliwhirl - 061/165,Poliwhirl 061 165,https://tcgplayer-cdn.tcgplayer.com/product/516250_200w.jpg,3,23237,https://cpt.tcgcsv.com/0w86,2025-12-12T23:18:44.437,1,,0.2,1.29,7.0,1.04,1.14,Reverse Holofoil,061/165,Common,Water,90,Stage 1,[W] Wave Splash (20),"[1W] Frog Hop (30+)
<br>Flip a coin. If heads, this attack does 60 more damage.",Lx2,None,1,
516250,Poliwhirl - 061/165,Poliwhirl 061 165,https://tcgplayer-cdn.tcgplayer.com/product/516250_200w.jpg,3,23237,https://cpt.tcgcsv.com/0w86,2025-12-12T23:18:44.437,1,,0.04,0.17,20.0,0.16,0.1,Normal,061/165,Common,Water,90,Stage 1,[W] Wave Splash (20),"[1W] Frog Hop (30+)
<br>Flip a coin. If heads, this attack does 60 more damage.",Lx2,None,1,
516251,Poliwrath,Poliwrath,https://tcgplayer-cdn.tcgplayer.com/product/516251_200w.jpg,3,23237,https://cpt.tcgcsv.com/2w86,2025-12-12T23:19:23.943,1,,0.01,0.12,2.19,0.09,0.05,Normal,062/165,Uncommon,Water,160,Stage 2,"[W] Bubble Beam (50)
<br>Flip a coin. If heads, your opponent's Active Pokemon is now Paralyzed.","[2W] Heroic Punch (100+)
<br>Flip a coin. If heads, this attack does 150 more damage.",Lx2,None,2,
516251,Poliwrath,Poliwrath,https://tcgplayer-cdn.tcgplayer.com/product/516251_200w.jpg,3,23237,https://cpt.tcgcsv.com/2w86,2025-12-12T23:19:23.943,1,,0.01,0.21,25.0,0.22,0.2,Reverse Holofoil,062/165,Uncommon,Water,160,Stage 2,"[W] Bubble Beam (50)
<br>Flip a coin. If heads, your opponent's Active Pokemon is now Paralyzed.","[2W] Heroic Punch (100+)
<br>Flip a coin. If heads, this attack does 150 more damage.",Lx2,None,2,
516268,Abra,Abra,https://tcgplayer-cdn.tcgplayer.com/product/516268_200w.jpg,3,23237,https://cpt.tcgcsv.com/nw86,2026-01-05T14:28:44.557,1,,0.02,0.2,5.0,0.19,0.15,Reverse Holofoil,063/165,Common,Psychic,50,Basic,[P] Psyshot (20),,Dx2,F-30,1,
516268,Abra,Abra,https://tcgplayer-cdn.tcgplayer.com/product/516268_200w.jpg,3,23237,https://cpt.tcgcsv.com/nw86,2026-01-05T14:28:44.557,1,,0.01,0.1,2.0,0.09,0.05,Normal,063/165,Common,Psychic,50,Basic,[P] Psyshot (20),,Dx2,F-30,1,
516269,Kadabra,Kadabra,https://tcgplayer-cdn.tcgplayer.com/product/516269_200w.jpg,3,23237,https://cpt.tcgcsv.com/pw86,2025-12-12T22:55:51.707,1,,0.01,0.13,12.0,0.11,0.05,Normal,064/165,Uncommon,Psychic,80,Stage 1,"[P] Teleportation Attack (30)
<br>Switch this Pokemon with 1 of your Benched Pokemon",,Dx2,F-30,1,
516269,Kadabra,Kadabra,https://tcgplayer-cdn.tcgplayer.com/product/516269_200w.jpg,3,23237,https://cpt.tcgcsv.com/pw86,2025-12-12T22:55:51.707,1,,0.05,0.22,3.25,0.21,0.21,Reverse Holofoil,064/165,Uncommon,Psychic,80,Stage 1,"[P] Teleportation Attack (30)
<br>Switch this Pokemon with 1 of your Benched Pokemon",,Dx2,F-30,1,
516381,Alakazam ex - 065/165,Alakazam ex 065 165,https://tcgplayer-cdn.tcgplayer.com/product/516381_200w.jpg,3,23237,https://cpt.tcgcsv.com/Fz86,2025-11-10T18:03:26.12,1,,0.5,1.26,11.85,1.24,1.4,Holofoil,065/165,Double Rare,Psychic,310,Stage 2,"[2] Mind Jack (90+)
<br>This attack does 30 more damage for each of your opponent's Benched Pokemon.","[PP] Dimensional Hand (120)
<br>This attack can be used if this Pokemon is on the Bench.",Dx2,F-30,1,
516382,Machop,Machop,https://tcgplayer-cdn.tcgplayer.com/product/516382_200w.jpg,3,23237,https://cpt.tcgcsv.com/Gz86,2025-12-12T22:59:46.89,1,,0.01,0.1,1.51,0.06,0.05,Normal,066/165,Common,Fighting,70,Basic,"[F] Mountain Mashing
<br>Discard the top card of your opponent's deck.",[FF] Punch (30),Px2,None,2,
516382,Machop,Machop,https://tcgplayer-cdn.tcgplayer.com/product/516382_200w.jpg,3,23237,https://cpt.tcgcsv.com/Gz86,2025-12-12T22:59:46.89,1,,0.05,0.2,1.55,0.19,0.17,Reverse Holofoil,066/165,Common,Fighting,70,Basic,"[F] Mountain Mashing
<br>Discard the top card of your opponent's deck.",[FF] Punch (30),Px2,None,2,
516383,Machoke - 067/165,Machoke 067 165,https://tcgplayer-cdn.tcgplayer.com/product/516383_200w.jpg,3,23237,https://cpt.tcgcsv.com/Hz86,2025-12-12T22:59:20.733,1,,0.02,0.2,5.0,0.19,,Reverse Holofoil,067/165,Uncommon,Fighting,100,Stage 1,"[FF] Mountain Ramming (50)
<br>Discard the top card of your opponent's deck.",,Px2,None,2,
516383,Machoke - 067/165,Machoke 067 165,https://tcgplayer-cdn.tcgplayer.com/product/516383_200w.jpg,3,23237,https://cpt.tcgcsv.com/Hz86,2025-12-12T22:59:20.733,1,,0.01,0.11,1.49,0.1,0.05,Normal,067/165,Uncommon,Fighting,100,Stage 1,"[FF] Mountain Ramming (50)
<br>Discard the top card of your opponent's deck.",,Px2,None,2,
516385,Machamp,Machamp,https://tcgplayer-cdn.tcgplayer.com/product/516385_200w.jpg,3,23237,https://cpt.tcgcsv.com/Kz86,2026-01-13T17:56:45.8,1,"<strong>Ability — Gusts</strong
<br>If this Pokemon would be Knocked Out by damage from an attack, flip a coin. If heads, this Pokemon is not Knocked Out, and its remaining HP becomes 10.",0.01,0.21,60.0,0.19,0.19,Holofoil,068/165,Rare,Fighting,180,Stage 2,"[FF] Mountain Chopping (100)
<br>Discard the top 2 cards of your opponent's deck.",,Px2,None,2,
516385,Machamp,Machamp,https://tcgplayer-cdn.tcgplayer.com/product/516385_200w.jpg,3,23237,https://cpt.tcgcsv.com/Kz86,2026-01-13T17:56:45.8,1,"<strong>Ability — Gusts</strong
<br>If this Pokemon would be Knocked Out by damage from an attack, flip a coin. If heads, this Pokemon is not Knocked Out, and its remaining HP becomes 10.",0.2,0.63,50.0,0.56,,Reverse Holofoil,068/165,Rare,Fighting,180,Stage 2,"[FF] Mountain Chopping (100)
<br>Discard the top 2 cards of your opponent's deck.",,Px2,None,2,
516560,Bellsprout,Bellsprout,https://tcgplayer-cdn.tcgplayer.com/product/516560_200w.jpg,3,23237,https://cpt.tcgcsv.com/dF86,2025-12-13T00:54:27.467,1,,0.04,0.19,2.78,0.15,0.16,Reverse Holofoil,069/165,Common,Grass,60,Basic,[G] Cut (10),"[1G] Bind Down (20)
<br>During your opponent's next turn, the Defending Pokemon can't retreat.",Rx2,None,1,
516560,Bellsprout,Bellsprout,https://tcgplayer-cdn.tcgplayer.com/product/516560_200w.jpg,3,23237,https://cpt.tcgcsv.com/dF86,2025-12-13T00:54:27.467,1,,0.01,0.1,20.0,0.07,0.05,Normal,069/165,Common,Grass,60,Basic,[G] Cut (10),"[1G] Bind Down (20)
<br>During your opponent's next turn, the Defending Pokemon can't retreat.",Rx2,None,1,
516563,Weepinbell,Weepinbell,https://tcgplayer-cdn.tcgplayer.com/product/516563_200w.jpg,3,23237,https://cpt.tcgcsv.com/hF86,2025-12-11T03:29:28.353,1,,0.03,0.15,1.99,0.11,,Normal,070/165,Common,Grass,90,Stage 1,[G] Cut (30),[1G] Spray Fluid (50),Rx2,None,2,
516563,Weepinbell,Weepinbell,https://tcgplayer-cdn.tcgplayer.com/product/516563_200w.jpg,3,23237,https://cpt.tcgcsv.com/hF86,2025-12-11T03:29:28.353,1,,0.75,1.39,7.99,1.27,4.8,Reverse Holofoil,070/165,Common,Grass,90,Stage 1,[G] Cut (30),[1G] Spray Fluid (50),Rx2,None,2,
516564,Victreebel,Victreebel,https://tcgplayer-cdn.tcgplayer.com/product/516564_200w.jpg,3,23237,https://cpt.tcgcsv.com/jF86,2025-12-13T01:30:58.193,1,,0.01,0.2,5.0,0.18,,Reverse Holofoil,071/165,Uncommon,Grass,150,Stage 2,[G] Spit Up (50),"[1G] Slow-Acting Acid (120)
<br>At the end of your opponent's next turn, put 12 damage counters on the Defending Pokemon.",Rx2,None,3,
516564,Victreebel,Victreebel,https://tcgplayer-cdn.tcgplayer.com/product/516564_200w.jpg,3,23237,https://cpt.tcgcsv.com/jF86,2025-12-13T01:30:58.193,1,,0.01,0.11,1.49,0.09,0.07,Normal,071/165,Uncommon,Grass,150,Stage 2,[G] Spit Up (50),"[1G] Slow-Acting Acid (120)
<br>At the end of your opponent's next turn, put 12 damage counters on the Defending Pokemon.",Rx2,None,3,
516565,Tentacool,Tentacool,https://tcgplayer-cdn.tcgplayer.com/product/516565_200w.jpg,3,23237,https://cpt.tcgcsv.com/kF86,2025-12-13T01:27:09.637,1,,0.01,0.1,24.0,0.07,0.04,Normal,072/165,Common,Water,60,Basic,[W] Tingle (10),[2] Watering (20),Lx2,None,1,
516565,Tentacool,Tentacool,https://tcgplayer-cdn.tcgplayer.com/product/516565_200w.jpg,3,23237,https://cpt.tcgcsv.com/kF86,2025-12-13T01:27:09.637,1,,0.05,0.2,2.35,0.16,,Reverse Holofoil,072/165,Common,Water,60,Basic,[W] Tingle (10),[2] Watering (20),Lx2,None,1,
516566,Mew ex - 151/165,Mew ex 151 165,https://tcgplayer-cdn.tcgplayer.com/product/516566_200w.jpg,3,23237,https://cpt.tcgcsv.com/lF86,2026-01-14T18:36:57.74,1,"<strong>Ability — Restart</strong>
<br>Once during your turn, you may draw cards until you have 3 cards in your hand.",5.63,8.29,100.0,6.98,9.53,Holofoil,151/165,Double Rare,Psychic,180,Basic,"[3] Genome Hacking
<br> Choose 1 of your opponent's Active Pokémon's attacks and use it as this attack.",,Dx2,F-30,,
516567,Tentacruel,Tentacruel,https://tcgplayer-cdn.tcgplayer.com/product/516567_200w.jpg,3,23237,https://cpt.tcgcsv.com/mF86,2025-12-13T01:27:51.96,1,,0.01,0.1,1.49,0.09,0.06,Normal,073/165,Uncommon,Water,120,Stage 1,"[2] Poisonous Whip (30)
<br>Your opponent's Active Pokemon is now Poisoned.","[2W] Tentacular Panic (90x)
<br>Flip a coin until you get tails. This attack does 90 damage for each heads. If the first flip is tails, your opponent's Active Pokemon is now Confused.",Lx2,None,2,
516567,Tentacruel,Tentacruel,https://tcgplayer-cdn.tcgplayer.com/product/516567_200w.jpg,3,23237,https://cpt.tcgcsv.com/mF86,2025-12-13T01:27:51.96,1,,0.04,0.2,40.0,0.17,0.15,Reverse Holofoil,073/165,Uncommon,Water,120,Stage 1,"[2] Poisonous Whip (30)
<br>Your opponent's Active Pokemon is now Poisoned.","[2W] Tentacular Panic (90x)
<br>Flip a coin until you get tails. This attack does 90 damage for each heads. If the first flip is tails, your opponent's Active Pokemon is now Confused.",Lx2,None,2,
516569,Geodude,Geodude,https://tcgplayer-cdn.tcgplayer.com/product/516569_200w.jpg,3,23237,https://cpt.tcgcsv.com/pF86,2025-12-17T05:19:38.497,1,,0.01,0.1,2.29,0.07,0.05,Normal,074/165,Common,Fighting,80,Basic,"[F] Stiffen
<br>During your opponent's next turn, this Pokemon takes 30 less damage from attacks (after applying Weakness and Resistance).",[1F] Knuckle Punch (20),Gx2,None,2,
516569,Geodude,Geodude,https://tcgplayer-cdn.tcgplayer.com/product/516569_200w.jpg,3,23237,https://cpt.tcgcsv.com/pF86,2025-12-17T05:19:38.497,1,,0.01,0.19,40.0,0.15,,Reverse Holofoil,074/165,Common,Fighting,80,Basic,"[F] Stiffen
<br>During your opponent's next turn, this Pokemon takes 30 less damage from attacks (after applying Weakness and Resistance).",[1F] Knuckle Punch (20),Gx2,None,2,
516570,Rhyhorn,Rhyhorn,https://tcgplayer-cdn.tcgplayer.com/product/516570_200w.jpg,3,23237,https://cpt.tcgcsv.com/qF86,2025-12-12T23:23:37.853,1,,0.01,0.1,2.29,0.07,0.05,Normal,111/165,Common,Fighting,100,Basic,"[1F] Push Down (20)
<br> Switch out your opponent's Active Pokémon to the Bench. (Your opponent chooses the new Active Pokémon.)",[1FF] Boulder Crush (70),Gx2,,3,
516570,Rhyhorn,Rhyhorn,https://tcgplayer-cdn.tcgplayer.com/product/516570_200w.jpg,3,23237,https://cpt.tcgcsv.com/qF86,2025-12-12T23:23:37.853,1,,0.04,0.2,1.72,0.17,0.18,Reverse Holofoil,111/165,Common,Fighting,100,Basic,"[1F] Push Down (20)
<br> Switch out your opponent's Active Pokémon to the Bench. (Your opponent chooses the new Active Pokémon.)",[1FF] Boulder Crush (70),Gx2,,3,
516572,Graveler,Graveler,https://tcgplayer-cdn.tcgplayer.com/product/516572_200w.jpg,3,23237,https://cpt.tcgcsv.com/sF86,2025-12-17T05:29:20.803,1,,0.01,0.1,20.0,0.06,0.06,Normal,075/165,Uncommon,Fighting,110,Stage 1,"[F] Rock Cannon (40x)
<br>Flip a coin until you get rails. This attack does 40 damage for each heads.",[2F] Heavy Impact (60),Gx2,None,3,
516572,Graveler,Graveler,https://tcgplayer-cdn.tcgplayer.com/product/516572_200w.jpg,3,23237,https://cpt.tcgcsv.com/sF86,2025-12-17T05:29:20.803,1,,0.02,0.2,2.35,0.14,0.14,Reverse Holofoil,075/165,Uncommon,Fighting,110,Stage 1,"[F] Rock Cannon (40x)
<br>Flip a coin until you get rails. This attack does 40 damage for each heads.",[2F] Heavy Impact (60),Gx2,None,3,
516573,Rhydon,Rhydon,https://tcgplayer-cdn.tcgplayer.com/product/516573_200w.jpg,3,23237,https://cpt.tcgcsv.com/tF86,2025-12-12T23:23:06.15,1,,0.06,0.2,40.0,0.19,,Reverse Holofoil,112/165,Uncommon,Fighting,120,Stage 1,[1F] Wrack Down (30),"[1FF] Charismatic Drill (40+)
If you played Giovanni's Charisma from your hand during this turn, this attack does 140 more damage.",Gx2,,4,
516573,Rhydon,Rhydon,https://tcgplayer-cdn.tcgplayer.com/product/516573_200w.jpg,3,23237,https://cpt.tcgcsv.com/tF86,2025-12-12T23:23:06.15,1,,0.01,0.1,2.29,0.08,0.05,Normal,112/165,Uncommon,Fighting,120,Stage 1,[1F] Wrack Down (30),"[1FF] Charismatic Drill (40+)
If you played Giovanni's Charisma from your hand during this turn, this attack does 140 more damage.",Gx2,,4,
516574,Golem ex - 076/165,Golem ex 076 165,https://tcgplayer-cdn.tcgplayer.com/product/516574_200w.jpg,3,23237,https://cpt.tcgcsv.com/vF86,2025-12-10T20:18:11.313,1,,0.3,0.99,10.24,0.94,,Holofoil,076/165,Double Rare,Fighting,330,Stage 2,"[F] Dynamic Roll (50)
<br>During your next turn, attacks used by this Pokemon do 120 more damage to your opponent's Active Pokemon(before applying Weakness and Resistance).","[2F] Rock Blaster (180)
<br>This attack's damage isn't affected by Resistance.",Gx2,None,4,
516575,Chansey,Chansey,https://tcgplayer-cdn.tcgplayer.com/product/516575_200w.jpg,3,23237,https://cpt.tcgcsv.com/wF86,2025-12-11T02:48:21.5,1,"<strong>Ability — Lucky Bonus </strong>
<br> If you took this Pokémon as a face-down Prize card during your turn and your Bench isn't full, before you put it into your hand, you may put it onto your Bench. If you put this Pokémon onto your Bench in this way, flip a coin. If heads, take 1 more Prize card.",0.05,0.25,60.0,0.23,0.21,Holofoil,113/165,Rare,Colorless,110,Basic,[3] Gentle Slap (70),,Fx2,,2,
516575,Chansey,Chansey,https://tcgplayer-cdn.tcgplayer.com/product/516575_200w.jpg,3,23237,https://cpt.tcgcsv.com/wF86,2025-12-11T02:48:21.5,1,"<strong>Ability — Lucky Bonus </strong>
<br> If you took this Pokémon as a face-down Prize card during your turn and your Bench isn't full, before you put it into your hand, you may put it onto your Bench. If you put this Pokémon onto your Bench in this way, flip a coin. If heads, take 1 more Prize card.",0.44,0.97,5.0,0.89,0.98,Reverse Holofoil,113/165,Rare,Colorless,110,Basic,[3] Gentle Slap (70),,Fx2,,2,
516579,Tangela - 114/165,Tangela 114 165,https://tcgplayer-cdn.tcgplayer.com/product/516579_200w.jpg,3,23237,https://cpt.tcgcsv.com/CF86,2025-12-13T01:26:16.017,1,,0.01,0.1,19.98,0.05,0.04,Normal,114/165,Common,Grass,80,Basic,"[G] Tactful Tangling (10+)
<br> If you played Erika's Invitation from your hand during this turn, this attack does 60 more damage.",,Rx2,,2,
516579,Tangela - 114/165,Tangela 114 165,https://tcgplayer-cdn.tcgplayer.com/product/516579_200w.jpg,3,23237,https://cpt.tcgcsv.com/CF86,2025-12-13T01:26:16.017,1,,0.03,0.2,2.37,0.18,0.18,Reverse Holofoil,114/165,Common,Grass,80,Basic,"[G] Tactful Tangling (10+)
<br> If you played Erika's Invitation from your hand during this turn, this attack does 60 more damage.",,Rx2,,2,
516581,Kangaskhan ex - 115/165,Kangaskhan ex 115 165,https://tcgplayer-cdn.tcgplayer.com/product/516581_200w.jpg,3,23237,https://cpt.tcgcsv.com/FF86,2025-11-29T01:23:02.02,1,,0.3,1.0,79.0,1.02,2.1,Holofoil,115/165,Double Rare,Colorless,230,Basic,"[1] Triple Draw
<br> Draw 3 cards.","[3] Incessant Punching (100x)
<br> Flip 4 coins. This attack does 100 damage for each heads.",Fx2,,2,
516583,Horsea,Horsea,https://tcgplayer-cdn.tcgplayer.com/product/516583_200w.jpg,3,23237,https://cpt.tcgcsv.com/HF86,2025-12-17T05:34:00.627,1,,0.05,0.2,2.35,0.14,,Reverse Holofoil,116/165,Common,Water,60,Basic,[W] Rain Splash (10),[2WW] Sharp Fin (40),Lx2,,1,
516583,Horsea,Horsea,https://tcgplayer-cdn.tcgplayer.com/product/516583_200w.jpg,3,23237,https://cpt.tcgcsv.com/HF86,2025-12-17T05:34:00.627,1,,0.01,0.1,20.0,0.05,0.03,Normal,116/165,Common,Water,60,Basic,[W] Rain Splash (10),[2WW] Sharp Fin (40),Lx2,,1,
516584,Seadra,Seadra,https://tcgplayer-cdn.tcgplayer.com/product/516584_200w.jpg,3,23237,https://cpt.tcgcsv.com/JF86,2025-12-13T01:22:01.233,1,,0.01,0.1,2.14,0.07,0.06,Normal,117/165,Uncommon,Water,80,Stage 1,"[2W] Blinding Ink (50)
<br> During your opponent's next thurn, if the Defending Pokémon tries to use an attack, your opponent flips 2 coins. If either of them is tails, that attack doesn't happen.",,Lx2,,1,
516584,Seadra,Seadra,https://tcgplayer-cdn.tcgplayer.com/product/516584_200w.jpg,3,23237,https://cpt.tcgcsv.com/JF86,2025-12-13T01:22:01.233,1,,0.01,0.2,2.39,0.16,0.15,Reverse Holofoil,117/165,Uncommon,Water,80,Stage 1,"[2W] Blinding Ink (50)
<br> During your opponent's next thurn, if the Defending Pokémon tries to use an attack, your opponent flips 2 coins. If either of them is tails, that attack doesn't happen.",,Lx2,,1,
516601,Ponyta,Ponyta,https://tcgplayer-cdn.tcgplayer.com/product/516601_200w.jpg,3,23237,https://cpt.tcgcsv.com/2G86,2025-12-12T23:19:53.503,1,,0.01,0.1,20.0,0.06,0.04,Normal,077/165,Common,Fire,70,Basic,"[R] Collect
<br>Draw a card.",[2R] Flop (30),Wx2,None,1,
516601,Ponyta,Ponyta,https://tcgplayer-cdn.tcgplayer.com/product/516601_200w.jpg,3,23237,https://cpt.tcgcsv.com/2G86,2025-12-12T23:19:53.503,1,,0.01,0.2,2.37,0.17,,Reverse Holofoil,077/165,Common,Fire,70,Basic,"[R] Collect
<br>Draw a card.",[2R] Flop (30),Wx2,None,1,
516607,Rapidash,Rapidash,https://tcgplayer-cdn.tcgplayer.com/product/516607_200w.jpg,3,23237,https://cpt.tcgcsv.com/9G86,2025-12-12T23:22:07.83,1,,0.01,0.11,20.0,0.07,0.05,Normal,078/165,Uncommon,Fire,100,Stage 1,"[R] Singe
<br>Your opponent's Active Pokemon is now Burned.","[2R] Mach Turn (90)
<br>Switch this Pokemon with 1 of your Benched Pokemon.",Wx2,None,1,
516607,Rapidash,Rapidash,https://tcgplayer-cdn.tcgplayer.com/product/516607_200w.jpg,3,23237,https://cpt.tcgcsv.com/9G86,2025-12-12T23:22:07.83,1,,0.02,0.2,15.0,0.16,,Reverse Holofoil,078/165,Uncommon,Fire,100,Stage 1,"[R] Singe
<br>Your opponent's Active Pokemon is now Burned.","[2R] Mach Turn (90)
<br>Switch this Pokemon with 1 of your Benched Pokemon.",Wx2,None,1,
516648,Magnemite,Magnemite,https://tcgplayer-cdn.tcgplayer.com/product/516648_200w.jpg,3,23237,https://cpt.tcgcsv.com/-G86,2025-12-17T05:44:52.57,1,,0.01,0.15,1.49,0.15,0.05,Normal,081/165,Common,Lightning,60,Basic,[L] Tiny Charge (10),"[1L] Big Explosion (60)
<br>This Pokemon also does 60 damage to itself.",Fx2,None,1,
516648,Magnemite,Magnemite,https://tcgplayer-cdn.tcgplayer.com/product/516648_200w.jpg,3,23237,https://cpt.tcgcsv.com/-G86,2025-12-17T05:44:52.57,1,,0.01,0.23,2.35,0.24,0.18,Reverse Holofoil,081/165,Common,Lightning,60,Basic,[L] Tiny Charge (10),"[1L] Big Explosion (60)
<br>This Pokemon also does 60 damage to itself.",Fx2,None,1,
516649,Magneton,Magneton,https://tcgplayer-cdn.tcgplayer.com/product/516649_200w.jpg,3,23237,https://cpt.tcgcsv.com/_G86,2025-12-11T03:36:28.973,1,,0.01,0.11,1.49,0.08,0.05,Normal,082/165,Uncommon,Lightning,90,Stage 1,"[L] Junk Magnet
<br> Put Up to 2 Item cards from your discard pile into your hand.",[2L] Head Bolt (60),Fx2,,2,
516649,Magneton,Magneton,https://tcgplayer-cdn.tcgplayer.com/product/516649_200w.jpg,3,23237,https://cpt.tcgcsv.com/_G86,2025-12-11T03:36:28.973,1,,0.07,0.22,2.44,0.19,,Reverse Holofoil,082/165,Uncommon,Lightning,90,Stage 1,"[L] Junk Magnet
<br> Put Up to 2 Item cards from your discard pile into your hand.",[2L] Head Bolt (60),Fx2,,2,
516650,Slowpoke,Slowpoke,https://tcgplayer-cdn.tcgplayer.com/product/516650_200w.jpg,3,23237,https://cpt.tcgcsv.com/0H86,2025-12-11T03:21:39.98,1,,0.01,0.13,20.0,0.12,0.07,Normal,079/165,Common,Psychic,80,Basic,"[P] Sea Bathing
<br> Heal 30 damage from this Pokémon, and it recovers from all Special Conditions.",[2] Headbutt (20),Dx2,F-30,2,
516650,Slowpoke,Slowpoke,https://tcgplayer-cdn.tcgplayer.com/product/516650_200w.jpg,3,23237,https://cpt.tcgcsv.com/0H86,2025-12-11T03:21:39.98,1,,0.07,0.23,2.39,0.2,0.2,Reverse Holofoil,079/165,Common,Psychic,80,Basic,"[P] Sea Bathing
<br> Heal 30 damage from this Pokémon, and it recovers from all Special Conditions.",[2] Headbutt (20),Dx2,F-30,2,
516651,Slowbro,Slowbro,https://tcgplayer-cdn.tcgplayer.com/product/516651_200w.jpg,3,23237,https://cpt.tcgcsv.com/2H86,2025-12-13T01:24:06.113,1,,0.01,0.12,1.49,0.09,0.05,Normal,080/165,Uncommon,Psychic,130,Stage 1,"[P] Big Yawn 
<br>Both Active Pokemon are now Asleep.","[2P] Laid-Back Tackle (160)
<br>If this Pokemon evolved during this turn, this attack does nothing.",Dx2,F-30,2,
516651,Slowbro,Slowbro,https://tcgplayer-cdn.tcgplayer.com/product/516651_200w.jpg,3,23237,https://cpt.tcgcsv.com/2H86,2025-12-13T01:24:06.113,1,,0.05,0.22,25.0,0.19,0.1,Reverse Holofoil,080/165,Uncommon,Psychic,130,Stage 1,"[P] Big Yawn 
<br>Both Active Pokemon are now Asleep.","[2P] Laid-Back Tackle (160)
<br>If this Pokemon evolved during this turn, this attack does nothing.",Dx2,F-30,2,
516652,Farfetch'd,Farfetchd,https://tcgplayer-cdn.tcgplayer.com/product/516652_200w.jpg,3,23237,https://cpt.tcgcsv.com/3H86,2025-12-13T01:17:45.483,1,,0.01,0.2,19.98,0.15,0.15,Reverse Holofoil,083/165,Common,Colorless,90,Basic,"[1] Package Deal
<br> Draw 2 cards.",[1] Leek Clobber (30),Lx2,F-30,1,
516652,Farfetch'd,Farfetchd,https://tcgplayer-cdn.tcgplayer.com/product/516652_200w.jpg,3,23237,https://cpt.tcgcsv.com/3H86,2025-12-13T01:17:45.483,1,,0.01,0.1,20.0,0.05,0.04,Normal,083/165,Common,Colorless,90,Basic,"[1] Package Deal
<br> Draw 2 cards.",[1] Leek Clobber (30),Lx2,F-30,1,
516653,Doduo,Doduo,https://tcgplayer-cdn.tcgplayer.com/product/516653_200w.jpg,3,23237,https://cpt.tcgcsv.com/5H86,2026-01-13T17:54:53.967,1,,0.01,0.1,1.49,0.07,0.07,Normal,084/165,Common,Colorless,70,Basic,"[1] Reckless Charge (30)
<br>This Pokémon also does 10 damage to itself.",,Lx2,F-30,1,
516653,Doduo,Doduo,https://tcgplayer-cdn.tcgplayer.com/product/516653_200w.jpg,3,23237,https://cpt.tcgcsv.com/5H86,2026-01-13T17:54:53.967,1,,0.05,0.2,30.0,0.18,0.2,Reverse Holofoil,084/165,Common,Colorless,70,Basic,"[1] Reckless Charge (30)
<br>This Pokémon also does 10 damage to itself.",,Lx2,F-30,1,
516654,Dodrio,Dodrio,https://tcgplayer-cdn.tcgplayer.com/product/516654_200w.jpg,3,23237,https://cpt.tcgcsv.com/6H86,2025-11-10T18:03:30.81,1,"<strong>Ability — Zooming Draw</strong>
<br>Once during your turn, you may put 1 damage counter on this Pokémon. If you do, draw a card.",0.1,0.7,10.0,0.66,0.74,Reverse Holofoil,085/165,Rare,Colorless,100,Stage 1,"[1] Ballistic Beak (10+)
<br>This attack does 30 more damage for each damage counter on this Pokémon.",,Lx2,F-30,1,
516654,Dodrio,Dodrio,https://tcgplayer-cdn.tcgplayer.com/product/516654_200w.jpg,3,23237,https://cpt.tcgcsv.com/6H86,2025-11-10T18:03:30.81,1,"<strong>Ability — Zooming Draw</strong>
<br>Once during your turn, you may put 1 damage counter on this Pokémon. If you do, draw a card.",0.01,0.2,40.0,0.17,0.18,Holofoil,085/165,Rare,Colorless,100,Stage 1,"[1] Ballistic Beak (10+)
<br>This attack does 30 more damage for each damage counter on this Pokémon.",,Lx2,F-30,1,
516655,Seel,Seel,https://tcgplayer-cdn.tcgplayer.com/product/516655_200w.jpg,3,23237,https://cpt.tcgcsv.com/7H86,2025-12-13T01:23:01.573,1,,0.01,0.1,2.29,0.08,0.05,Normal,086/165,Common,Water,80,Basic,[W] Chilly (20),,Lx2,,2,
516655,Seel,Seel,https://tcgplayer-cdn.tcgplayer.com/product/516655_200w.jpg,3,23237,https://cpt.tcgcsv.com/7H86,2025-12-13T01:23:01.573,1,,0.01,0.2,2.35,0.18,,Reverse Holofoil,086/165,Common,Water,80,Basic,[W] Chilly (20),,Lx2,,2,
516656,Dewgong,Dewgong,https://tcgplayer-cdn.tcgplayer.com/product/516656_200w.jpg,3,23237,https://cpt.tcgcsv.com/8H86,2026-01-13T17:52:46.617,1,,0.04,0.2,40.0,0.16,,Reverse Holofoil,087/165,Uncommon,Water,130,Stage 1,"[1W] Dual Splash
<br>This attack does 50 damage to 2 of your opponent's Pokémon. (Don't apply Weakness and Resistance for Benched Pokémon.)",[2W] Aurora Beam (100),Lx2,,2,
516656,Dewgong,Dewgong,https://tcgplayer-cdn.tcgplayer.com/product/516656_200w.jpg,3,23237,https://cpt.tcgcsv.com/8H86,2026-01-13T17:52:46.617,1,,0.01,0.1,1.49,0.08,0.06,Normal,087/165,Uncommon,Water,130,Stage 1,"[1W] Dual Splash
<br>This attack does 50 damage to 2 of your opponent's Pokémon. (Don't apply Weakness and Resistance for Benched Pokémon.)",[2W] Aurora Beam (100),Lx2,,2,
516657,Grimer,Grimer,https://tcgplayer-cdn.tcgplayer.com/product/516657_200w.jpg,3,23237,https://cpt.tcgcsv.com/9H86,2025-12-17T05:30:25.707,1,,0.01,0.1,20.0,0.09,0.04,Normal,088/165,Common,Darkness,80,Basic,"[D] Gummy Press (10)
<br> During your opponent's next turn, the Defending Pokémon's Retreat Cost is [1] more.",,Fx2,,2,
516657,Grimer,Grimer,https://tcgplayer-cdn.tcgplayer.com/product/516657_200w.jpg,3,23237,https://cpt.tcgcsv.com/9H86,2025-12-17T05:30:25.707,1,,0.04,0.2,2.78,0.18,,Reverse Holofoil,088/165,Common,Darkness,80,Basic,"[D] Gummy Press (10)
<br> During your opponent's next turn, the Defending Pokémon's Retreat Cost is [1] more.",,Fx2,,2,
516658,Muk,Muk,https://tcgplayer-cdn.tcgplayer.com/product/516658_200w.jpg,3,23237,https://cpt.tcgcsv.com/bH86,2025-12-12T23:04:29.207,1,,0.05,0.2,50.0,0.2,0.19,Reverse Holofoil,089/165,Uncommon,Darkness,150,Stage 1,"[D] Sticky Jail (30)
<br> During your opponent's next turn, attacks used by the Defending Pokémon cost [1] more, and its Retreat Cost is [1] more.",[1DDD] Sludge Bomb (180),Fx2,,4,
516658,Muk,Muk,https://tcgplayer-cdn.tcgplayer.com/product/516658_200w.jpg,3,23237,https://cpt.tcgcsv.com/bH86,2025-12-12T23:04:29.207,1,,0.01,0.1,20.0,0.05,0.05,Normal,089/165,Uncommon,Darkness,150,Stage 1,"[D] Sticky Jail (30)
<br> During your opponent's next turn, attacks used by the Defending Pokémon cost [1] more, and its Retreat Cost is [1] more.",[1DDD] Sludge Bomb (180),Fx2,,4,
516659,Shellder,Shellder,https://tcgplayer-cdn.tcgplayer.com/product/516659_200w.jpg,3,23237,https://cpt.tcgcsv.com/cH86,2025-12-13T01:23:30.527,1,,0.03,0.2,2.35,0.15,0.16,Reverse Holofoil,090/165,Common,Water,70,Basic,"[WW] Shell Press (30)
<br>During your opponent's next turn, this Pokémon takes 30 less damage from attacks (after applying Weakness and Resistance).",,Lx2,,2,
516659,Shellder,Shellder,https://tcgplayer-cdn.tcgplayer.com/product/516659_200w.jpg,3,23237,https://cpt.tcgcsv.com/cH86,2025-12-13T01:23:30.527,1,,0.01,0.1,18.5,0.08,0.05,Normal,090/165,Common,Water,70,Basic,"[WW] Shell Press (30)
<br>During your opponent's next turn, this Pokémon takes 30 less damage from attacks (after applying Weakness and Resistance).",,Lx2,,2,
516660,Cloyster,Cloyster,https://tcgplayer-cdn.tcgplayer.com/product/516660_200w.jpg,3,23237,https://cpt.tcgcsv.com/dH86,2025-12-13T01:00:42.253,1,,0.01,0.2,19.98,0.17,0.18,Reverse Holofoil,091/165,Uncommon,Water,130,Stage 1,"[WW] Protect Charge (80)
<br>During your opponent's next turn, this Pokémon takes 80 less damage from attacks (after applying Weakness and Resistance).",,Lx2,,3,
516660,Cloyster,Cloyster,https://tcgplayer-cdn.tcgplayer.com/product/516660_200w.jpg,3,23237,https://cpt.tcgcsv.com/dH86,2025-12-13T01:00:42.253,1,,0.01,0.11,1.49,0.09,0.06,Normal,091/165,Uncommon,Water,130,Stage 1,"[WW] Protect Charge (80)
<br>During your opponent's next turn, this Pokémon takes 80 less damage from attacks (after applying Weakness and Resistance).",,Lx2,,3,
516661,Gastly,Gastly,https://tcgplayer-cdn.tcgplayer.com/product/516661_200w.jpg,3,23237,https://cpt.tcgcsv.com/fH86,2025-12-17T05:19:03.62,1,,0.05,0.24,20.0,0.2,0.2,Reverse Holofoil,092/165,Common,Psychic,50,Basic,[P] Suffocating Gas (20),,Dx2,F-30,1,
516661,Gastly,Gastly,https://tcgplayer-cdn.tcgplayer.com/product/516661_200w.jpg,3,23237,https://cpt.tcgcsv.com/fH86,2025-12-17T05:19:03.62,1,,0.01,0.13,1.49,0.09,0.05,Normal,092/165,Common,Psychic,50,Basic,[P] Suffocating Gas (20),,Dx2,F-30,1,
516662,Haunter,Haunter,https://tcgplayer-cdn.tcgplayer.com/product/516662_200w.jpg,3,23237,https://cpt.tcgcsv.com/gH86,2025-12-12T22:53:09.88,1,"<strong>Ability — Spirit Return<strong>
<br>When you play this Pokémon from your hand to evolve 1 of your Pokémon during your turn, you may put a Supporter card from your opponent's discard pile into their hand.",0.1,0.25,60.0,0.27,,Reverse Holofoil,093/165,Uncommon,Psychic,80,Stage 1,[1P] Mumble (30),,Dx2,F-30,1,
516662,Haunter,Haunter,https://tcgplayer-cdn.tcgplayer.com/product/516662_200w.jpg,3,23237,https://cpt.tcgcsv.com/gH86,2025-12-12T22:53:09.88,1,"<strong>Ability — Spirit Return<strong>
<br>When you play this Pokémon from your hand to evolve 1 of your Pokémon during your turn, you may put a Supporter card from your opponent's discard pile into their hand.",0.02,0.15,2.12,0.11,0.1,Normal,093/165,Uncommon,Psychic,80,Stage 1,[1P] Mumble (30),,Dx2,F-30,1,
516663,Gengar,Gengar,https://tcgplayer-cdn.tcgplayer.com/product/516663_200w.jpg,3,23237,https://cpt.tcgcsv.com/hH86,2026-01-16T19:59:12.513,1,,0.24,1.2,100.0,1.15,0.3,Holofoil,094/165,Rare,Psychic,130,Stage 2,"[P] Poltergeist (50x)
<br> Your opponent reveals their hand. This attack does 50 damage for each Trainer card you find there.","[1P] Hollow Dive (110)
<br>Put 3 damage counters on your opponent's Benched Pokémon in any way you like.",Dx2,F-30,,
516663,Gengar,Gengar,https://tcgplayer-cdn.tcgplayer.com/product/516663_200w.jpg,3,23237,https://cpt.tcgcsv.com/hH86,2026-01-16T19:59:12.513,1,,1.5,3.28,14.99,3.41,4.41,Reverse Holofoil,094/165,Rare,Psychic,130,Stage 2,"[P] Poltergeist (50x)
<br> Your opponent reveals their hand. This attack does 50 damage for each Trainer card you find there.","[1P] Hollow Dive (110)
<br>Put 3 damage counters on your opponent's Benched Pokémon in any way you like.",Dx2,F-30,,
516664,Onix,Onix,https://tcgplayer-cdn.tcgplayer.com/product/516664_200w.jpg,3,23237,https://cpt.tcgcsv.com/jH86,2025-12-17T05:47:56.83,1,,0.52,1.0,40.0,0.87,0.99,Reverse Holofoil,095/165,Uncommon,Fighting,120,Basic,"[2] Thumpalanche (80x)
<br>Discard the top 5 cards of your deck. This attack does 80 damage for each Pokémon with a Retreat Cost of exactly 4 that you discarded in this way.",[2FF] Heavy Impact (100),Gx2,,4,
516664,Onix,Onix,https://tcgplayer-cdn.tcgplayer.com/product/516664_200w.jpg,3,23237,https://cpt.tcgcsv.com/jH86,2025-12-17T05:47:56.83,1,,0.01,0.11,20.0,0.09,0.07,Normal,095/165,Uncommon,Fighting,120,Basic,"[2] Thumpalanche (80x)
<br>Discard the top 5 cards of your deck. This attack does 80 damage for each Pokémon with a Retreat Cost of exactly 4 that you discarded in this way.",[2FF] Heavy Impact (100),Gx2,,4,
516665,Drowzee,Drowzee,https://tcgplayer-cdn.tcgplayer.com/product/516665_200w.jpg,3,23237,https://cpt.tcgcsv.com/kH86,2025-12-17T05:15:12.493,1,,0.01,0.1,1.51,0.06,0.05,Normal,096/165,Common,Psychic,80,Basic,[1P] Zen Headbutt (30),,Dx2,F-30,2,
516665,Drowzee,Drowzee,https://tcgplayer-cdn.tcgplayer.com/product/516665_200w.jpg,3,23237,https://cpt.tcgcsv.com/kH86,2025-12-17T05:15:12.493,1,,0.03,0.2,2.37,0.15,,Reverse Holofoil,096/165,Common,Psychic,80,Basic,[1P] Zen Headbutt (30),,Dx2,F-30,2,
516666,Hypno,Hypno,https://tcgplayer-cdn.tcgplayer.com/product/516666_200w.jpg,3,23237,https://cpt.tcgcsv.com/lH86,2025-12-17T05:35:06.257,1,"<strong>Ability — Here for Hypnosis</strong>
<br>When you play this Pokémon from your hand to evolve 1 of your Pokémon during your turn, you may make your opponent's Active Pokémon Asleep.",0.01,0.12,2.14,0.07,0.06,Normal,097/165,Uncommon,Psychic,110,Stage 1,(1PP) Super Psy Bolt (110),,Dx2,F-30,2,
516666,Hypno,Hypno,https://tcgplayer-cdn.tcgplayer.com/product/516666_200w.jpg,3,23237,https://cpt.tcgcsv.com/lH86,2025-12-17T05:35:06.257,1,"<strong>Ability — Here for Hypnosis</strong>
<br>When you play this Pokémon from your hand to evolve 1 of your Pokémon during your turn, you may make your opponent's Active Pokémon Asleep.",0.4,0.99,75.0,0.92,1.48,Reverse Holofoil,097/165,Uncommon,Psychic,110,Stage 1,(1PP) Super Psy Bolt (110),,Dx2,F-30,2,
516667,Krabby,Krabby,https://tcgplayer-cdn.tcgplayer.com/product/516667_200w.jpg,3,23237,https://cpt.tcgcsv.com/mH86,2025-12-17T05:40:23.633,1,,0.01,0.1,19.98,0.07,0.03,Normal,098/165,Common,Water,70,Basic,"[W] Salt Water
<br> Flip a coin. If heads, search your deck for up to 2 Basic [W] Energy cards and attach them to this Pokémon. Then, shuffle your deck.",[WWW] Crabhammer (50),Lx2,,1,
516667,Krabby,Krabby,https://tcgplayer-cdn.tcgplayer.com/product/516667_200w.jpg,3,23237,https://cpt.tcgcsv.com/mH86,2025-12-17T05:40:23.633,1,,0.03,0.2,19.98,0.18,0.13,Reverse Holofoil,098/165,Common,Water,70,Basic,"[W] Salt Water
<br> Flip a coin. If heads, search your deck for up to 2 Basic [W] Energy cards and attach them to this Pokémon. Then, shuffle your deck.",[WWW] Crabhammer (50),Lx2,,1,
516668,Kingler,Kingler,https://tcgplayer-cdn.tcgplayer.com/product/516668_200w.jpg,3,23237,https://cpt.tcgcsv.com/nH86,2025-12-11T03:07:11.323,1,,0.2,1.0,5.99,0.9,0.7,Reverse Holofoil,099/165,Uncommon,Water,140,Stage 1,"[WWW] Hammer Arm (90)
<br>Discard the top card of your opponent's deck.",[WWWW] Guillotine (220),Lx2,,3,
516668,Kingler,Kingler,https://tcgplayer-cdn.tcgplayer.com/product/516668_200w.jpg,3,23237,https://cpt.tcgcsv.com/nH86,2025-12-11T03:07:11.323,1,,0.01,0.12,19.98,0.1,0.07,Normal,099/165,Uncommon,Water,140,Stage 1,"[WWW] Hammer Arm (90)
<br>Discard the top card of your opponent's deck.",[WWWW] Guillotine (220),Lx2,,3,
516669,Voltorb,Voltorb,https://tcgplayer-cdn.tcgplayer.com/product/516669_200w.jpg,3,23237,https://cpt.tcgcsv.com/pH86,2025-12-13T01:31:23.897,1,,0.01,0.1,2.29,0.04,0.02,Normal,100/165,Common,Lightning,60,Basic,"[L] Tumbling Attack (10+)
<br>Flip a coin. If heads, this attack does 20 more damage.",,Fx2,,1,
516669,Voltorb,Voltorb,https://tcgplayer-cdn.tcgplayer.com/product/516669_200w.jpg,3,23237,https://cpt.tcgcsv.com/pH86,2025-12-13T01:31:23.897,1,,0.02,0.2,20.0,0.19,,Reverse Holofoil,100/165,Common,Lightning,60,Basic,"[L] Tumbling Attack (10+)
<br>Flip a coin. If heads, this attack does 20 more damage.",,Fx2,,1,
516670,Electrode,Electrode,https://tcgplayer-cdn.tcgplayer.com/product/516670_200w.jpg,3,23237,https://cpt.tcgcsv.com/qH86,2025-11-10T18:03:25.273,1,,0.96,1.3,50.0,1.18,1.07,Reverse Holofoil,101/165,Rare,Lightning,90,Stage 1,"[L] Bang Boom Chain (20+)
Before doing damage, you may discard any number of Pokémon Tools from your Pokémon. This attack does 40 more damage for each card you discarded in this way.",[1L] Electro Ball (70),Fx2,,1,
516670,Electrode,Electrode,https://tcgplayer-cdn.tcgplayer.com/product/516670_200w.jpg,3,23237,https://cpt.tcgcsv.com/qH86,2025-11-10T18:03:25.273,1,,0.01,0.19,3.13,0.18,0.15,Holofoil,101/165,Rare,Lightning,90,Stage 1,"[L] Bang Boom Chain (20+)
Before doing damage, you may discard any number of Pokémon Tools from your Pokémon. This attack does 40 more damage for each card you discarded in this way.",[1L] Electro Ball (70),Fx2,,1,
516671,Exeggcute,Exeggcute,https://tcgplayer-cdn.tcgplayer.com/product/516671_200w.jpg,3,23237,https://cpt.tcgcsv.com/rH86,2025-12-17T05:17:04.957,1,,0.05,0.2,1.4,0.15,0.15,Reverse Holofoil,102/165,Common,Grass,60,Basic,"[2] Ball Roll (30x)
<br>Flip a coin until you get tails. THis attack does 30 damage for each heads.",,Rx2,,1,
516671,Exeggcute,Exeggcute,https://tcgplayer-cdn.tcgplayer.com/product/516671_200w.jpg,3,23237,https://cpt.tcgcsv.com/rH86,2025-12-17T05:17:04.957,1,,0.01,0.1,1.51,0.07,0.05,Normal,102/165,Common,Grass,60,Basic,"[2] Ball Roll (30x)
<br>Flip a coin until you get tails. THis attack does 30 damage for each heads.",,Rx2,,1,
516672,Exeggutor,Exeggutor,https://tcgplayer-cdn.tcgplayer.com/product/516672_200w.jpg,3,23237,https://cpt.tcgcsv.com/sH86,2025-12-13T01:17:05.17,1,,0.01,0.12,1.49,0.07,0.05,Normal,103/165,Uncommon,Grass,140,Stage 1,"[2] Psychic (30+)
<br>This attack does 30 more damage for each Energy attached to your opponent's Active Pokemon.",[1GG] Hammer In (130),Fx2,None,3,
516672,Exeggutor,Exeggutor,https://tcgplayer-cdn.tcgplayer.com/product/516672_200w.jpg,3,23237,https://cpt.tcgcsv.com/sH86,2025-12-13T01:17:05.17,1,,0.5,1.0,5.99,0.93,0.83,Reverse Holofoil,103/165,Uncommon,Grass,140,Stage 1,"[2] Psychic (30+)
<br>This attack does 30 more damage for each Energy attached to your opponent's Active Pokemon.",[1GG] Hammer In (130),Fx2,None,3,
516673,Cubone,Cubone,https://tcgplayer-cdn.tcgplayer.com/product/516673_200w.jpg,3,23237,https://cpt.tcgcsv.com/tH86,2025-12-13T01:01:36.953,1,"<strong>Ability — Cheering Bone</strong>
<br>As long as this Pokemon is on your Bench, attacks used by your Marowak do 30 more damage to your opponent's Active Pokemon (before applying Weakness and Resistance).",0.01,0.1,20.0,0.09,0.06,Normal,104/165,Common,Fighting,70,Basic,"[F] Hit Twice (10x)
<br>Flip 2 coins. This attack does 10 damage for each heads.",,Gx2,None,1,
516673,Cubone,Cubone,https://tcgplayer-cdn.tcgplayer.com/product/516673_200w.jpg,3,23237,https://cpt.tcgcsv.com/tH86,2025-12-13T01:01:36.953,1,"<strong>Ability — Cheering Bone</strong>
<br>As long as this Pokemon is on your Bench, attacks used by your Marowak do 30 more damage to your opponent's Active Pokemon (before applying Weakness and Resistance).",0.03,0.2,1.99,0.17,,Reverse Holofoil,104/165,Common,Fighting,70,Basic,"[F] Hit Twice (10x)
<br>Flip 2 coins. This attack does 10 damage for each heads.",,Gx2,None,1,
516674,Marowak,Marowak,https://tcgplayer-cdn.tcgplayer.com/product/516674_200w.jpg,3,23237,https://cpt.tcgcsv.com/vH86,2026-01-13T17:58:21.137,1,,0.15,0.6,72.0,0.48,0.5,Reverse Holofoil,105/165,Rare,Fighting,120,Stage 1,"[F] Bone Throw (30)
<br>This attack also does 30 damage to 1 of your opponent's Benched Pokemon (Don't apply Weakness and Resistance for Benched Pokemon.)","[1F] Boundless Power (120)
<br>During your next turn, this Pokemon can't attack.",Gx2,None,2,
516674,Marowak,Marowak,https://tcgplayer-cdn.tcgplayer.com/product/516674_200w.jpg,3,23237,https://cpt.tcgcsv.com/vH86,2026-01-13T17:58:21.137,1,,0.02,0.19,5.0,0.16,0.15,Holofoil,105/165,Rare,Fighting,120,Stage 1,"[F] Bone Throw (30)
<br>This attack also does 30 damage to 1 of your opponent's Benched Pokemon (Don't apply Weakness and Resistance for Benched Pokemon.)","[1F] Boundless Power (120)
<br>During your next turn, this Pokemon can't attack.",Gx2,None,2,
516675,Hitmonlee,Hitmonlee,https://tcgplayer-cdn.tcgplayer.com/product/516675_200w.jpg,3,23237,https://cpt.tcgcsv.com/wH86,2025-12-17T05:33:14.233,1,,0.8,1.15,9.99,1.18,1.12,Reverse Holofoil,106/165,Uncommon,Fighting,120,Basic,"[F] Twister Kick
<br>This Attack does 10 damage to each of your opponent's Pokemon. (Don't apply Weakness and Resistance for Benched Pokemon.) Switch this Pokemon with 1 of your Benched Pokemon.",[FFF] Low Kick (100),Px2,None,2,
516675,Hitmonlee,Hitmonlee,https://tcgplayer-cdn.tcgplayer.com/product/516675_200w.jpg,3,23237,https://cpt.tcgcsv.com/wH86,2025-12-17T05:33:14.233,1,,0.01,0.15,1.51,0.1,0.05,Normal,106/165,Uncommon,Fighting,120,Basic,"[F] Twister Kick
<br>This Attack does 10 damage to each of your opponent's Pokemon. (Don't apply Weakness and Resistance for Benched Pokemon.) Switch this Pokemon with 1 of your Benched Pokemon.",[FFF] Low Kick (100),Px2,None,2,
516676,Hitmonchan,Hitmonchan,https://tcgplayer-cdn.tcgplayer.com/product/516676_200w.jpg,3,23237,https://cpt.tcgcsv.com/xH86,2025-12-11T03:03:06.643,1,"<strong>Ability — Counterattack</strong>
<br>If this Pokemon is in the Active Spot and is damaged by an attack from your opponent's Pokemon (even if this Pokemon is Knocked Out), put 3 damage counters on the Attacking Pokemon.",0.01,0.14,3.0,0.12,0.05,Normal,107/165,Uncommon,Fighting,120,Basic,"[FF] Excited Punch (60)
<br>During your next turn, this Pokemon's Excited Punch attack does 60 more damage (before applying Weakness and Resistance).",,Px2,None,1,
516676,Hitmonchan,Hitmonchan,https://tcgplayer-cdn.tcgplayer.com/product/516676_200w.jpg,3,23237,https://cpt.tcgcsv.com/xH86,2025-12-11T03:03:06.643,1,"<strong>Ability — Counterattack</strong>
<br>If this Pokemon is in the Active Spot and is damaged by an attack from your opponent's Pokemon (even if this Pokemon is Knocked Out), put 3 damage counters on the Attacking Pokemon.",0.2,1.0,50.0,0.87,0.82,Reverse Holofoil,107/165,Uncommon,Fighting,120,Basic,"[FF] Excited Punch (60)
<br>During your next turn, this Pokemon's Excited Punch attack does 60 more damage (before applying Weakness and Resistance).",,Px2,None,1,
516677,Lickitung,Lickitung,https://tcgplayer-cdn.tcgplayer.com/product/516677_200w.jpg,3,23237,https://cpt.tcgcsv.com/zH86,2025-12-12T22:58:59.41,1,,0.04,0.2,40.0,0.14,,Reverse Holofoil,108/165,Common,Colorless,100,Basic,"[3] Tongue-Tied (70)
<br>During your opponent's next turn, the Defending Pokemon can't attack.",,Fx2,None,4,
516677,Lickitung,Lickitung,https://tcgplayer-cdn.tcgplayer.com/product/516677_200w.jpg,3,23237,https://cpt.tcgcsv.com/zH86,2025-12-12T22:58:59.41,1,,0.01,0.1,2.29,0.08,0.05,Normal,108/165,Common,Colorless,100,Basic,"[3] Tongue-Tied (70)
<br>During your opponent's next turn, the Defending Pokemon can't attack.",,Fx2,None,4,
516679,Koffing,Koffing,https://tcgplayer-cdn.tcgplayer.com/product/516679_200w.jpg,3,23237,https://cpt.tcgcsv.com/CH86,2025-12-12T22:56:56.343,1,,0.03,0.2,2.31,0.16,,Reverse Holofoil,109/165,Common,Psychic,60,Basic,"[2] Suspicious Gas (20)
<br>Your opponent's Active Pokémon is now Confused.",,Fx2,,1,
516679,Koffing,Koffing,https://tcgplayer-cdn.tcgplayer.com/product/516679_200w.jpg,3,23237,https://cpt.tcgcsv.com/CH86,2025-12-12T22:56:56.343,1,,0.01,0.1,1.49,0.06,0.05,Normal,109/165,Common,Psychic,60,Basic,"[2] Suspicious Gas (20)
<br>Your opponent's Active Pokémon is now Confused.",,Fx2,,1,
516680,Weezing,Weezing,https://tcgplayer-cdn.tcgplayer.com/product/516680_200w.jpg,3,23237,https://cpt.tcgcsv.com/DH86,2025-12-05T15:07:49.593,1,"<strong> Ability — Let's Have a Blast
<br> If this Pokémon is in the Active Spot and is Knocked Out by damage from an attack from your opponent's Pokémon, flip a coin. If heads, the Attacking Pokémon is Knocked Out.",0.01,0.2,19.98,0.16,0.15,Holofoil,110/165,Rare,Darkness,110,Stage 1,"[2] Spinning Fumes (50)
<br> This attack also does 10 damage to each of your opponent's Benched Pokémon. (Don't apply Weakness and Resistance for Benched Pokémon.)",,Fx2,,2,
516680,Weezing,Weezing,https://tcgplayer-cdn.tcgplayer.com/product/516680_200w.jpg,3,23237,https://cpt.tcgcsv.com/DH86,2025-12-05T15:07:49.593,1,"<strong> Ability — Let's Have a Blast
<br> If this Pokémon is in the Active Spot and is Knocked Out by damage from an attack from your opponent's Pokémon, flip a coin. If heads, the Attacking Pokémon is Knocked Out.",0.1,0.75,40.0,0.71,0.56,Reverse Holofoil,110/165,Rare,Darkness,110,Stage 1,"[2] Spinning Fumes (50)
<br> This attack also does 10 damage to each of your opponent's Benched Pokémon. (Don't apply Weakness and Resistance for Benched Pokémon.)",,Fx2,,2,
516681,Goldeen,Goldeen,https://tcgplayer-cdn.tcgplayer.com/product/516681_200w.jpg,3,23237,https://cpt.tcgcsv.com/FH86,2025-12-17T05:25:36.6,1,,0.05,0.2,2.35,0.16,,Reverse Holofoil,118/165,Common,Water,70,Basic,"[W] Triple Strike (10x)
<br>Flip 3 coins. This attack does 10 damage for each heads.",[2] Sprinkle Water (20),Lx2,None,1,
516681,Goldeen,Goldeen,https://tcgplayer-cdn.tcgplayer.com/product/516681_200w.jpg,3,23237,https://cpt.tcgcsv.com/FH86,2025-12-17T05:25:36.6,1,,0.01,0.1,2.29,0.06,0.05,Normal,118/165,Common,Water,70,Basic,"[W] Triple Strike (10x)
<br>Flip 3 coins. This attack does 10 damage for each heads.",[2] Sprinkle Water (20),Lx2,None,1,
516682,Seaking,Seaking,https://tcgplayer-cdn.tcgplayer.com/product/516682_200w.jpg,3,23237,https://cpt.tcgcsv.com/GH86,2025-12-13T01:22:30.45,1,,0.15,0.94,75.0,0.91,0.99,Reverse Holofoil,119/165,Uncommon,Water,110,Stage 1,"[W] Swim Freely (10)
<br>Flip a coin. If heads, during your opponent's next turn, prevent all damage from and effects of attacks done to this Pokemon.","[3] Aqua Horn (60+)
<br>This attack does 30 more damage for each W Energy attached to this Pokemon.",Lx2,None,2,
516682,Seaking,Seaking,https://tcgplayer-cdn.tcgplayer.com/product/516682_200w.jpg,3,23237,https://cpt.tcgcsv.com/GH86,2025-12-13T01:22:30.45,1,,0.01,0.12,1.49,0.09,0.05,Normal,119/165,Uncommon,Water,110,Stage 1,"[W] Swim Freely (10)
<br>Flip a coin. If heads, during your opponent's next turn, prevent all damage from and effects of attacks done to this Pokemon.","[3] Aqua Horn (60+)
<br>This attack does 30 more damage for each W Energy attached to this Pokemon.",Lx2,None,2,
516683,Staryu,Staryu,https://tcgplayer-cdn.tcgplayer.com/product/516683_200w.jpg,3,23237,https://cpt.tcgcsv.com/HH86,2025-12-13T01:25:50.72,1,,0.04,0.2,35.0,0.15,0.16,Reverse Holofoil,120/165,Common,Water,60,Basic,"[1W] Swift (30)
<br>This attack's damage isn't affected by Weakness or Resistance, or by any effects on your opponent's Active Pokemon.",,Lx2,None,1,
516683,Staryu,Staryu,https://tcgplayer-cdn.tcgplayer.com/product/516683_200w.jpg,3,23237,https://cpt.tcgcsv.com/HH86,2025-12-13T01:25:50.72,1,,0.01,0.1,2.29,0.07,0.05,Normal,120/165,Common,Water,60,Basic,"[1W] Swift (30)
<br>This attack's damage isn't affected by Weakness or Resistance, or by any effects on your opponent's Active Pokemon.",,Lx2,None,1,
516684,Starmie,Starmie,https://tcgplayer-cdn.tcgplayer.com/product/516684_200w.jpg,3,23237,https://cpt.tcgcsv.com/JH86,2025-12-11T03:25:11.61,1,"<strong>Ability — Mysterious Comet</strong>
<br>Once during your turn, you may put 2 damage counters on 1 of your opponent's Pokemon. If you placed any damage counters in this way, discard this Pokemon and all attached cards.",0.2,0.6,50.0,0.57,0.47,Reverse Holofoil,121/165,Rare,Water,90,Stage 1,[1W] Speed Attack (50),,Lx2,None,1,
516684,Starmie,Starmie,https://tcgplayer-cdn.tcgplayer.com/product/516684_200w.jpg,3,23237,https://cpt.tcgcsv.com/JH86,2025-12-11T03:25:11.61,1,"<strong>Ability — Mysterious Comet</strong>
<br>Once during your turn, you may put 2 damage counters on 1 of your opponent's Pokemon. If you placed any damage counters in this way, discard this Pokemon and all attached cards.",0.01,0.2,25.0,0.16,0.14,Holofoil,121/165,Rare,Water,90,Stage 1,[1W] Speed Attack (50),,Lx2,None,1,
516685,Mr. Mime - 122/165,Mr Mime 122 165,https://tcgplayer-cdn.tcgplayer.com/product/516685_200w.jpg,3,23237,https://cpt.tcgcsv.com/KH86,2026-01-05T14:40:28.56,1,"<strong>Ability — Mimic Barrier</strong>
<br>If this Pokemon and your opponent's Active Pokemon have the same amount of Energy attached, Prevent all damage done to this Pokemon by attacks from your opponent's Pokemon.",0.01,0.2,5.0,0.2,0.17,Holofoil,122/165,Rare,Psychic,90,Basic,"[1] Psypower
<br>Put 3 damage counters on your opponent's Pokemon in any way you like.",,Dx2,F-30,1,
516685,Mr. Mime - 122/165,Mr Mime 122 165,https://tcgplayer-cdn.tcgplayer.com/product/516685_200w.jpg,3,23237,https://cpt.tcgcsv.com/KH86,2026-01-05T14:40:28.56,1,"<strong>Ability — Mimic Barrier</strong>
<br>If this Pokemon and your opponent's Active Pokemon have the same amount of Energy attached, Prevent all damage done to this Pokemon by attacks from your opponent's Pokemon.",0.3,0.59,50.0,0.51,0.5,Reverse Holofoil,122/165,Rare,Psychic,90,Basic,"[1] Psypower
<br>Put 3 damage counters on your opponent's Pokemon in any way you like.",,Dx2,F-30,1,
516686,Scyther,Scyther,https://tcgplayer-cdn.tcgplayer.com/product/516686_200w.jpg,3,23237,https://cpt.tcgcsv.com/LH86,2025-12-13T01:21:28.177,1,,0.2,1.65,100.0,1.23,1.32,Reverse Holofoil,123/165,Uncommon,Grass,70,Basic,"[G] Helpful Slash (20)
<br>Attach a Basic G Energy card from your discard pile to 1 of your Benched Pokemon.",[2G] Slicing Blade (70),Rx2,None,0,
516686,Scyther,Scyther,https://tcgplayer-cdn.tcgplayer.com/product/516686_200w.jpg,3,23237,https://cpt.tcgcsv.com/LH86,2025-12-13T01:21:28.177,1,,0.01,0.15,2.39,0.1,0.07,Normal,123/165,Uncommon,Grass,70,Basic,"[G] Helpful Slash (20)
<br>Attach a Basic G Energy card from your discard pile to 1 of your Benched Pokemon.",[2G] Slicing Blade (70),Rx2,None,0,
516687,Jynx ex - 124/165,Jynx ex 124 165,https://tcgplayer-cdn.tcgplayer.com/product/516687_200w.jpg,3,23237,https://cpt.tcgcsv.com/MH86,2025-11-10T18:03:30.283,1,,0.4,1.0,10.0,0.94,0.88,Holofoil,124/165,Double Rare,Water,200,Basic,"[2W] Heart-Stopping Kiss
<br>If your opponent's Active Pokemon is Asleep, it is Knocked Out.","[WWW] Icy Wind (120)
<br>Your opponent's Active Pokemon is now Asleep.",Mx2,None,2,
516688,Electabuzz,Electabuzz,https://tcgplayer-cdn.tcgplayer.com/product/516688_200w.jpg,3,23237,https://cpt.tcgcsv.com/NH86,2025-12-13T01:08:10.497,1,,0.01,0.1,1.49,0.06,0.04,Normal,125/165,Common,Lightning,90,Basic,"[L] Electro Combo (10+)
<br>If Magmar is on your Bench, this attack does 40 more damage.",[1L] Light Punch (30),Fx2,None,2,
516688,Electabuzz,Electabuzz,https://tcgplayer-cdn.tcgplayer.com/product/516688_200w.jpg,3,23237,https://cpt.tcgcsv.com/NH86,2025-12-13T01:08:10.497,1,,0.2,0.6,3.69,0.52,,Reverse Holofoil,125/165,Common,Lightning,90,Basic,"[L] Electro Combo (10+)
<br>If Magmar is on your Bench, this attack does 40 more damage.",[1L] Light Punch (30),Fx2,None,2,
516689,Magmar,Magmar,https://tcgplayer-cdn.tcgplayer.com/product/516689_200w.jpg,3,23237,https://cpt.tcgcsv.com/PH86,2025-12-12T23:00:10.247,1,,0.01,0.1,20.0,0.07,0.05,Normal,126/165,Common,Fire,90,Basic,[R] Live Coal (10),"[1RR] Flare Combo (80+)
<br>If Electabuzz is on your Bench, this attack does 80 more damage.",Wx2,None,2,
516689,Magmar,Magmar,https://tcgplayer-cdn.tcgplayer.com/product/516689_200w.jpg,3,23237,https://cpt.tcgcsv.com/PH86,2025-12-12T23:00:10.247,1,,0.5,1.15,50.0,1.1,0.91,Reverse Holofoil,126/165,Common,Fire,90,Basic,[R] Live Coal (10),"[1RR] Flare Combo (80+)
<br>If Electabuzz is on your Bench, this attack does 80 more damage.",Wx2,None,2,
516690,Pinsir,Pinsir,https://tcgplayer-cdn.tcgplayer.com/product/516690_200w.jpg,3,23237,https://cpt.tcgcsv.com/QH86,2025-12-12T23:15:48.483,1,,0.01,0.1,19.98,0.06,0.05,Normal,127/165,Uncommon,Grass,120,Basic,[1G] Vise Grip (30),"[1GG] Reckless Throw (90+)
<br>If you have more Prize cards remaining than your opponent, this attack does 90 more damage.",Rx2,None,2,
516690,Pinsir,Pinsir,https://tcgplayer-cdn.tcgplayer.com/product/516690_200w.jpg,3,23237,https://cpt.tcgcsv.com/QH86,2025-12-12T23:15:48.483,1,,0.44,1.0,4.99,0.9,1.19,Reverse Holofoil,127/165,Uncommon,Grass,120,Basic,[1G] Vise Grip (30),"[1GG] Reckless Throw (90+)
<br>If you have more Prize cards remaining than your opponent, this attack does 90 more damage.",Rx2,None,2,
516691,Tauros,Tauros,https://tcgplayer-cdn.tcgplayer.com/product/516691_200w.jpg,3,23237,https://cpt.tcgcsv.com/RH86,2025-12-13T01:26:39.99,1,,0.01,0.11,1.51,0.07,0.06,Normal,128/165,Uncommon,Colorless,120,Basic,"[1] Gather the Crew
<br>Search your deck for a Basic Pokemon and put it onto your Bench. Then, shuffle your deck.","[2] Rage (30+)
<br>This attack does 10 more damage for each damage counter on this Pokemon.",Fx2,None,2,
516691,Tauros,Tauros,https://tcgplayer-cdn.tcgplayer.com/product/516691_200w.jpg,3,23237,https://cpt.tcgcsv.com/RH86,2025-12-13T01:26:39.99,1,,0.14,0.71,50.0,0.56,0.53,Reverse Holofoil,128/165,Uncommon,Colorless,120,Basic,"[1] Gather the Crew
<br>Search your deck for a Basic Pokemon and put it onto your Bench. Then, shuffle your deck.","[2] Rage (30+)
<br>This attack does 10 more damage for each damage counter on this Pokemon.",Fx2,None,2,
516692,Magikarp,Magikarp,https://tcgplayer-cdn.tcgplayer.com/product/516692_200w.jpg,3,23237,https://cpt.tcgcsv.com/SH86,2025-12-17T05:44:17.18,1,,0.08,0.22,5.0,0.2,0.2,Reverse Holofoil,129/165,Common,Water,30,Basic,"[W] Splashy Splash
<br>Flip a coin until you get tails. For each heads, draw a card.",,Lx2,None,1,
516692,Magikarp,Magikarp,https://tcgplayer-cdn.tcgplayer.com/product/516692_200w.jpg,3,23237,https://cpt.tcgcsv.com/SH86,2025-12-17T05:44:17.18,1,,0.01,0.11,1.51,0.07,0.05,Normal,129/165,Common,Water,30,Basic,"[W] Splashy Splash
<br>Flip a coin until you get tails. For each heads, draw a card.",,Lx2,None,1,
516693,Gyarados,Gyarados,https://tcgplayer-cdn.tcgplayer.com/product/516693_200w.jpg,3,23237,https://cpt.tcgcsv.com/TH86,2025-12-03T20:49:56.697,1,"<strong>Ability — Untamed One</strong>
<br>When you play this Pokemon from your hand to evolve 1 of your Pokemon during your turn, you must discard the top 5 cards of your deck.",0.2,1.06,50.0,0.97,1.25,Reverse Holofoil,130/165,Rare,Water,190,Stage 1,"[3W] Hyper Beam (200)
<br>Discard an Energy from your opponent's Active Pokemon.",,Lx2,None,4,
516693,Gyarados,Gyarados,https://tcgplayer-cdn.tcgplayer.com/product/516693_200w.jpg,3,23237,https://cpt.tcgcsv.com/TH86,2025-12-03T20:49:56.697,1,"<strong>Ability — Untamed One</strong>
<br>When you play this Pokemon from your hand to evolve 1 of your Pokemon during your turn, you must discard the top 5 cards of your deck.",0.04,0.25,5.0,0.26,0.25,Holofoil,130/165,Rare,Water,190,Stage 1,"[3W] Hyper Beam (200)
<br>Discard an Energy from your opponent's Active Pokemon.",,Lx2,None,4,
516694,Lapras,Lapras,https://tcgplayer-cdn.tcgplayer.com/product/516694_200w.jpg,3,23237,https://cpt.tcgcsv.com/VH86,2025-12-17T05:43:17.607,1,,0.01,0.14,20.0,0.12,0.1,Normal,131/165,Uncommon,Water,110,Basic,"[W] Hop on My Back
<br>Search your deck for up to 2 Pokemon, reveal them, and put them into your hand. Then, shuffle your deck.",[2W] Aqua Edge (90),Lx2,None,1,
516694,Lapras,Lapras,https://tcgplayer-cdn.tcgplayer.com/product/516694_200w.jpg,3,23237,https://cpt.tcgcsv.com/VH86,2025-12-17T05:43:17.607,1,,0.7,1.41,6.99,1.29,1.8,Reverse Holofoil,131/165,Uncommon,Water,110,Basic,"[W] Hop on My Back
<br>Search your deck for up to 2 Pokemon, reveal them, and put them into your hand. Then, shuffle your deck.",[2W] Aqua Edge (90),Lx2,None,1,
516695,Ditto,Ditto,https://tcgplayer-cdn.tcgplayer.com/product/516695_200w.jpg,3,23237,https://cpt.tcgcsv.com/WH86,2026-01-15T01:04:37.143,1,"<strong>Ability — Transformative start</strong>
<br>Once during your first turn, if this Pokemon is in the Active Spot, you may search your deck and choose a Basic Pokemon you find there, except any Ditto. If you do, discard this Pokemon and all attached cards, and put the chosen Pokemon in its place. Then, shuffle your deck.",0.09,0.98,4.99,0.9,0.86,Reverse Holofoil,132/165,Rare,Colorless,60,Basic,[1] Splup (10),,Fx2,None,1,
516695,Ditto,Ditto,https://tcgplayer-cdn.tcgplayer.com/product/516695_200w.jpg,3,23237,https://cpt.tcgcsv.com/WH86,2026-01-15T01:04:37.143,1,"<strong>Ability — Transformative start</strong>
<br>Once during your first turn, if this Pokemon is in the Active Spot, you may search your deck and choose a Basic Pokemon you find there, except any Ditto. If you do, discard this Pokemon and all attached cards, and put the chosen Pokemon in its place. Then, shuffle your deck.",0.1,0.34,25.0,0.31,0.3,Holofoil,132/165,Rare,Colorless,60,Basic,[1] Splup (10),,Fx2,None,1,
516696,Eevee,Eevee,https://tcgplayer-cdn.tcgplayer.com/product/516696_200w.jpg,3,23237,https://cpt.tcgcsv.com/XH86,2025-12-13T01:06:37.907,1,,0.01,0.15,20.0,0.15,0.1,Normal,133/165,Common,Colorless,70,Basic,"[1] Colorful Friends
<br>Search your deck for up to 3 Pokemon of different types, reveal them, and put them into your hand. Then, shuffle your deck.",[1] Skip (10),Fx2,None,1,
516696,Eevee,Eevee,https://tcgplayer-cdn.tcgplayer.com/product/516696_200w.jpg,3,23237,https://cpt.tcgcsv.com/XH86,2025-12-13T01:06:37.907,1,,0.1,0.29,5.95,0.29,0.2,Reverse Holofoil,133/165,Common,Colorless,70,Basic,"[1] Colorful Friends
<br>Search your deck for up to 3 Pokemon of different types, reveal them, and put them into your hand. Then, shuffle your deck.",[1] Skip (10),Fx2,None,1,
516697,Vaporeon,Vaporeon,https://tcgplayer-cdn.tcgplayer.com/product/516697_200w.jpg,3,23237,https://cpt.tcgcsv.com/ZH86,2025-11-10T18:03:24.113,1,,0.7,1.26,100.0,1.17,1.25,Reverse Holofoil,134/165,Rare,Water,130,Stage 1,"[W] Spiral Drain (30)
<br>Heal 30 damage from this Pokemon.","[2W] Fighting Whirlpool (90+)
<br>If your opponent's Active Pokemon is a Pokemon EX or Pokemon V, this attack does 90 more damage.",Lx2,None,2,
516697,Vaporeon,Vaporeon,https://tcgplayer-cdn.tcgplayer.com/product/516697_200w.jpg,3,23237,https://cpt.tcgcsv.com/ZH86,2025-11-10T18:03:24.113,1,,0.01,0.25,10.0,0.18,0.2,Holofoil,134/165,Rare,Water,130,Stage 1,"[W] Spiral Drain (30)
<br>Heal 30 damage from this Pokemon.","[2W] Fighting Whirlpool (90+)
<br>If your opponent's Active Pokemon is a Pokemon EX or Pokemon V, this attack does 90 more damage.",Lx2,None,2,
516698,Jolteon,Jolteon,https://tcgplayer-cdn.tcgplayer.com/product/516698_200w.jpg,3,23237,https://cpt.tcgcsv.com/-H86,2025-11-10T18:03:23.62,1,,0.55,1.42,9.99,1.38,2.23,Reverse Holofoil,135/165,Rare,Lightning,110,Stage 1,"[L] Linear Attack
<br>This attack does 30 damage to 1 of your opponent's Pokemon. <em>(Don't apply Weakness and Resistance for Benched Pokemon.)</em>","[2L] Fighting Lightning (90+)
<br>If your opponent's Active Pokemon is a Pokemon EX or Pokemon V, this attack does 90 more damage.",Fx2,None,0,
516698,Jolteon,Jolteon,https://tcgplayer-cdn.tcgplayer.com/product/516698_200w.jpg,3,23237,https://cpt.tcgcsv.com/-H86,2025-11-10T18:03:23.62,1,,0.03,0.25,10.0,0.24,,Holofoil,135/165,Rare,Lightning,110,Stage 1,"[L] Linear Attack
<br>This attack does 30 damage to 1 of your opponent's Pokemon. <em>(Don't apply Weakness and Resistance for Benched Pokemon.)</em>","[2L] Fighting Lightning (90+)
<br>If your opponent's Active Pokemon is a Pokemon EX or Pokemon V, this attack does 90 more damage.",Fx2,None,0,
516699,Flareon,Flareon,https://tcgplayer-cdn.tcgplayer.com/product/516699_200w.jpg,3,23237,https://cpt.tcgcsv.com/_H86,2025-12-05T15:08:31.133,1,,0.79,1.41,7.88,1.32,1.28,Reverse Holofoil,136/165,Rare,Fire,130,Stage 1,"[R] Destructive Flame (30)
<br>Flip a coin. If heads, discard an Energy from your opponent's Active Pokemon.","[2R] Fighting Blaze (90+)
<br>If your opponent's Active Pokemon is a Pokemon EX or Pokemon V, this attack does 90 more damage.",Wx2,None,2,
516699,Flareon,Flareon,https://tcgplayer-cdn.tcgplayer.com/product/516699_200w.jpg,3,23237,https://cpt.tcgcsv.com/_H86,2025-12-05T15:08:31.133,1,,0.01,0.26,80.0,0.23,0.23,Holofoil,136/165,Rare,Fire,130,Stage 1,"[R] Destructive Flame (30)
<br>Flip a coin. If heads, discard an Energy from your opponent's Active Pokemon.","[2R] Fighting Blaze (90+)
<br>If your opponent's Active Pokemon is a Pokemon EX or Pokemon V, this attack does 90 more damage.",Wx2,None,2,
516700,Porygon,Porygon,https://tcgplayer-cdn.tcgplayer.com/product/516700_200w.jpg,3,23237,https://cpt.tcgcsv.com/0J86,2026-01-15T06:20:31.827,1,,0.01,0.1,19.98,0.09,0.04,Normal,137/165,Common,Colorless,60,Basic,"[1] Conversion 4
<br>Choose, G, R, W, L, P, F, D, M, or D type. Until the Defending Pokemon leaves the Active spot, its weakness is now that type. <em>(The amount of Weakness doesn't change.)</em>",,Fx2,None,1,
516700,Porygon,Porygon,https://tcgplayer-cdn.tcgplayer.com/product/516700_200w.jpg,3,23237,https://cpt.tcgcsv.com/0J86,2026-01-15T06:20:31.827,1,,0.05,0.2,2.47,0.16,0.14,Reverse Holofoil,137/165,Common,Colorless,60,Basic,"[1] Conversion 4
<br>Choose, G, R, W, L, P, F, D, M, or D type. Until the Defending Pokemon leaves the Active spot, its weakness is now that type. <em>(The amount of Weakness doesn't change.)</em>",,Fx2,None,1,
516701,Omanyte - 138/165,Omanyte 138 165,https://tcgplayer-cdn.tcgplayer.com/product/516701_200w.jpg,3,23237,https://cpt.tcgcsv.com/2J86,2025-12-12T23:07:09.793,1,,0.01,0.13,5.0,0.1,0.05,Normal,138/165,Uncommon,Water,100,Stage 1,"[WW] Tentacular Return (50)
<br>Put an Energy attached to your opponent's Active Pokemon into their hand.",,Lx2,None,2,
516701,Omanyte - 138/165,Omanyte 138 165,https://tcgplayer-cdn.tcgplayer.com/product/516701_200w.jpg,3,23237,https://cpt.tcgcsv.com/2J86,2025-12-12T23:07:09.793,1,,0.1,1.12,6.5,1.1,1.27,Reverse Holofoil,138/165,Uncommon,Water,100,Stage 1,"[WW] Tentacular Return (50)
<br>Put an Energy attached to your opponent's Active Pokemon into their hand.",,Lx2,None,2,
516702,Omastar,Omastar,https://tcgplayer-cdn.tcgplayer.com/product/516702_200w.jpg,3,23237,https://cpt.tcgcsv.com/3J86,2026-01-15T01:11:58.883,1,"<strong>Ability — Primordial Tentacles</strong>
<br>As long as this Pokemon is in the Active Spot, your opponent's Active Pokemon can't retreat.",0.34,0.65,50.0,0.59,0.78,Reverse Holofoil,139/165,Rare,Water,150,Stage 2,"[WW] Aqua Split (90)
<br>This attack also does 30 damage to 2 of your opponent's Benched Pokemon. <em>(Don't apply Weakness and Resistance for Benched Pokemon.)</em>",,Lx2,None,3,
516702,Omastar,Omastar,https://tcgplayer-cdn.tcgplayer.com/product/516702_200w.jpg,3,23237,https://cpt.tcgcsv.com/3J86,2026-01-15T01:11:58.883,1,"<strong>Ability — Primordial Tentacles</strong>
<br>As long as this Pokemon is in the Active Spot, your opponent's Active Pokemon can't retreat.",0.01,0.2,60.0,0.19,0.19,Holofoil,139/165,Rare,Water,150,Stage 2,"[WW] Aqua Split (90)
<br>This attack also does 30 damage to 2 of your opponent's Benched Pokemon. <em>(Don't apply Weakness and Resistance for Benched Pokemon.)</em>",,Lx2,None,3,
516703,Kabuto,Kabuto,https://tcgplayer-cdn.tcgplayer.com/product/516703_200w.jpg,3,23237,https://cpt.tcgcsv.com/5J86,2025-12-17T05:39:47.993,1,,0.69,1.03,8.99,1.02,,Reverse Holofoil,140/165,Uncommon,Fighting,90,Stage 1,"[1F] Double Scratch (70x)
<br>Flip 2 coins. This attack does 70 damage for each heads.",,Gx2,None,2,
516703,Kabuto,Kabuto,https://tcgplayer-cdn.tcgplayer.com/product/516703_200w.jpg,3,23237,https://cpt.tcgcsv.com/5J86,2025-12-17T05:39:47.993,1,,0.01,0.14,20.0,0.11,0.05,Normal,140/165,Uncommon,Fighting,90,Stage 1,"[1F] Double Scratch (70x)
<br>Flip 2 coins. This attack does 70 damage for each heads.",,Gx2,None,2,
516704,Kabutops,Kabutops,https://tcgplayer-cdn.tcgplayer.com/product/516704_200w.jpg,3,23237,https://cpt.tcgcsv.com/6J86,2025-12-11T03:05:24.397,1,"<strong>Ability — Ancient Way</strong>
<br>Apply Weakness for your opponent's Active Pokemon as x4 instead.",0.36,0.8,65.0,0.78,0.75,Reverse Holofoil,141/165,Rare,Fighting,160,Stage 2,"[2F] Draining Blade (100)
<br>Heal 30 damage from this Pokemon.",,Gx2,None,2,
516704,Kabutops,Kabutops,https://tcgplayer-cdn.tcgplayer.com/product/516704_200w.jpg,3,23237,https://cpt.tcgcsv.com/6J86,2025-12-11T03:05:24.397,1,"<strong>Ability — Ancient Way</strong>
<br>Apply Weakness for your opponent's Active Pokemon as x4 instead.",0.01,0.23,5.0,0.21,0.19,Holofoil,141/165,Rare,Fighting,160,Stage 2,"[2F] Draining Blade (100)
<br>Heal 30 damage from this Pokemon.",,Gx2,None,2,
516705,Aerodactyl,Aerodactyl,https://tcgplayer-cdn.tcgplayer.com/product/516705_200w.jpg,3,23237,https://cpt.tcgcsv.com/7J86,2026-01-09T02:50:04.69,1,,0.04,0.25,25.0,0.2,,Holofoil,142/165,Rare,Colorless,130,Stage 1,[1] Glide (30),"[2] Devolution Ray (100)
<br>If your opponent's Active Pokemon is an evolved Pokemon, devolve it by putting the highest Stage Evolution card on it into your opponent's hand.",Lx2,F-30,0,
516705,Aerodactyl,Aerodactyl,https://tcgplayer-cdn.tcgplayer.com/product/516705_200w.jpg,3,23237,https://cpt.tcgcsv.com/7J86,2026-01-09T02:50:04.69,1,,0.1,0.74,10.0,0.75,0.49,Reverse Holofoil,142/165,Rare,Colorless,130,Stage 1,[1] Glide (30),"[2] Devolution Ray (100)
<br>If your opponent's Active Pokemon is an evolved Pokemon, devolve it by putting the highest Stage Evolution card on it into your opponent's hand.",Lx2,F-30,0,
516706,Snorlax,Snorlax,https://tcgplayer-cdn.tcgplayer.com/product/516706_200w.jpg,3,23237,https://cpt.tcgcsv.com/8J86,2025-12-13T01:24:34.96,1,"<strong>Ability — Voraciousness</strong>
<br>Once during your turn, you may put up to 2 Leaftovers cards from your discard pile into your hand.",0.01,0.18,10.0,0.18,0.1,Normal,143/165,Uncommon,Colorless,150,Basic,"[3] Thudding Press (130)
<br>This Pokemon also does 30 damage to itself.",,Fx2,None,4,
516706,Snorlax,Snorlax,https://tcgplayer-cdn.tcgplayer.com/product/516706_200w.jpg,3,23237,https://cpt.tcgcsv.com/8J86,2025-12-13T01:24:34.96,1,"<strong>Ability — Voraciousness</strong>
<br>Once during your turn, you may put up to 2 Leaftovers cards from your discard pile into your hand.",0.99,2.04,9.99,2.03,1.79,Reverse Holofoil,143/165,Uncommon,Colorless,150,Basic,"[3] Thudding Press (130)
<br>This Pokemon also does 30 damage to itself.",,Fx2,None,4,
516707,Articuno,Articuno,https://tcgplayer-cdn.tcgplayer.com/product/516707_200w.jpg,3,23237,https://cpt.tcgcsv.com/9J86,2025-12-11T02:42:33.887,1,"<strong>Ability — Ice Float</strong>
<br>If this Pokemon has any W Energy attached, it has no Retreat Cost.",0.05,0.25,2.99,0.21,0.18,Holofoil,144/165,Rare,Water,120,Basic,"[WWW] Blizzard (110)
<br>This attack also does 10 damage to each of your opponent's Benched Pokemon. <em>(Don't apply Weakness and Resistance for Benched Pokemon.)</em>",,Lx2,F-30,2,
516707,Articuno,Articuno,https://tcgplayer-cdn.tcgplayer.com/product/516707_200w.jpg,3,23237,https://cpt.tcgcsv.com/9J86,2025-12-11T02:42:33.887,1,"<strong>Ability — Ice Float</strong>
<br>If this Pokemon has any W Energy attached, it has no Retreat Cost.",0.33,0.72,5.48,0.59,,Reverse Holofoil,144/165,Rare,Water,120,Basic,"[WWW] Blizzard (110)
<br>This attack also does 10 damage to each of your opponent's Benched Pokemon. <em>(Don't apply Weakness and Resistance for Benched Pokemon.)</em>",,Lx2,F-30,2,
516708,Zapdos ex - 145/165,Zapdos ex 145 165,https://tcgplayer-cdn.tcgplayer.com/product/516708_200w.jpg,3,23237,https://cpt.tcgcsv.com/bJ86,2026-01-15T01:18:18.697,1,"<strong>Ability — Voltaic Float</strong>
<br>If this Pokemon has any L Energy attached, it has no Retreat Cost.",0.39,1.14,85.0,1.06,1.29,Holofoil,145/165,Double Rare,Lightning,200,Basic,"[LLL] Multishot Lightning (120)
<br>This attack also does 90 damage to 1 of your opponent's Benched Pokemon that has any damage counters on it. <em>(Don't apply Weakness and Resistance for Benched Pokemon.)</em>",,Lx2,F-30,2,
516709,Moltres,Moltres,https://tcgplayer-cdn.tcgplayer.com/product/516709_200w.jpg,3,23237,https://cpt.tcgcsv.com/cJ86,2025-12-11T03:11:32.193,1,"<strong>Ability — Flare Float</strong>
<br>If this Pokemon has any R Energy attached, it has no Retreat Cost.",0.49,0.86,100.0,0.76,0.72,Reverse Holofoil,146/165,Rare,Fire,120,Basic,"[RRR] Blazing Flight
<br>Discard 2 R Energy from this Pokemon. This attack does 120 damage to 1 of your opponent's Benched Pokemon. <em>(Don'r apply Weakness or Resistance for Benched Pokemon.)</em>",,Lx2,F-30,2,
516709,Moltres,Moltres,https://tcgplayer-cdn.tcgplayer.com/product/516709_200w.jpg,3,23237,https://cpt.tcgcsv.com/cJ86,2025-12-11T03:11:32.193,1,"<strong>Ability — Flare Float</strong>
<br>If this Pokemon has any R Energy attached, it has no Retreat Cost.",0.05,0.25,5.0,0.19,0.25,Holofoil,146/165,Rare,Fire,120,Basic,"[RRR] Blazing Flight
<br>Discard 2 R Energy from this Pokemon. This attack does 120 damage to 1 of your opponent's Benched Pokemon. <em>(Don'r apply Weakness or Resistance for Benched Pokemon.)</em>",,Lx2,F-30,2,
516710,Dratini,Dratini,https://tcgplayer-cdn.tcgplayer.com/product/516710_200w.jpg,3,23237,https://cpt.tcgcsv.com/dJ86,2025-12-13T01:04:43.1,1,,0.01,0.15,3.32,0.15,0.05,Normal,147/165,Common,Dragon,60,Basic,[W] Beat (10),[WL] Draconic Whip (40),None,None,1,
516710,Dratini,Dratini,https://tcgplayer-cdn.tcgplayer.com/product/516710_200w.jpg,3,23237,https://cpt.tcgcsv.com/dJ86,2025-12-13T01:04:43.1,1,,0.05,0.22,2.5,0.17,0.19,Reverse Holofoil,147/165,Common,Dragon,60,Basic,[W] Beat (10),[WL] Draconic Whip (40),None,None,1,
516711,Dragonair - 148/165,Dragonair 148 165,https://tcgplayer-cdn.tcgplayer.com/product/516711_200w.jpg,3,23237,https://cpt.tcgcsv.com/fJ86,2026-01-09T02:58:07.847,1,,0.01,0.15,2.75,0.12,0.1,Normal,148/165,Uncommon,Dragon,100,Stage 1,[W] Beat (20),"[WL] Aqua Slash (90)
<br>During your next turn, this Pokemon can't attack.",None,None,2,
516711,Dragonair - 148/165,Dragonair 148 165,https://tcgplayer-cdn.tcgplayer.com/product/516711_200w.jpg,3,23237,https://cpt.tcgcsv.com/fJ86,2026-01-09T02:58:07.847,1,,0.98,1.97,7.99,1.93,1.4,Reverse Holofoil,148/165,Uncommon,Dragon,100,Stage 1,[W] Beat (20),"[WL] Aqua Slash (90)
<br>During your next turn, this Pokemon can't attack.",None,None,2,
516712,Dragonite,Dragonite,https://tcgplayer-cdn.tcgplayer.com/product/516712_200w.jpg,3,23237,https://cpt.tcgcsv.com/gJ86,2026-01-09T03:00:48.043,1,"<strong>Ability — Jet Cruise</strong>
<br>Your Pokemon in play have no Retreat Cost.",0.09,0.39,19.98,0.32,0.28,Holofoil,149/165,Rare,Dragon,180,Stage 2,"[WL] Dragon Pulse (180)
<br>Discard the top 2 cards of your deck.",,None,None,3,
516712,Dragonite,Dragonite,https://tcgplayer-cdn.tcgplayer.com/product/516712_200w.jpg,3,23237,https://cpt.tcgcsv.com/gJ86,2026-01-09T03:00:48.043,1,"<strong>Ability — Jet Cruise</strong>
<br>Your Pokemon in play have no Retreat Cost.",0.6,1.61,15.0,1.75,,Reverse Holofoil,149/165,Rare,Dragon,180,Stage 2,"[WL] Dragon Pulse (180)
<br>Discard the top 2 cards of your deck.",,None,None,3,
516713,Mewtwo,Mewtwo,https://tcgplayer-cdn.tcgplayer.com/product/516713_200w.jpg,3,23237,https://cpt.tcgcsv.com/hJ86,2025-12-04T12:23:45.99,1,,0.8,2.25,9.99,2.33,,Reverse Holofoil,150/165,Rare,Psychic,130,Basic,"[2] Reflective Barrier (20)
<br>During your opponent's next turn, if this Pokemon is damaged by an attack <em>(even if it is Knocked out)</em>, put damage counters on the Attacking Pokemon equal to the damage done to this Pokemon.","[1PP] Psyslash (130)
<br>Discard 2 Energy from this Pokemon.",Fx2,F-30,2,
516713,Mewtwo,Mewtwo,https://tcgplayer-cdn.tcgplayer.com/product/516713_200w.jpg,3,23237,https://cpt.tcgcsv.com/hJ86,2025-12-04T12:23:45.99,1,,0.1,0.73,5.99,0.69,0.99,Holofoil,150/165,Rare,Psychic,130,Basic,"[2] Reflective Barrier (20)
<br>During your opponent's next turn, if this Pokemon is damaged by an attack <em>(even if it is Knocked out)</em>, put damage counters on the Attacking Pokemon equal to the damage done to this Pokemon.","[1PP] Psyslash (130)
<br>Discard 2 Energy from this Pokemon.",Fx2,F-30,2,
516714,Antique Dome Fossil,Antique Dome Fossil,https://tcgplayer-cdn.tcgplayer.com/product/516714_200w.jpg,3,23237,https://cpt.tcgcsv.com/jJ86,2025-12-10T20:59:41.583,0,"Play this card as if it were a 60-HP Basic C Pokémon. This card can't be affected by any Special Conditions and can't retreat. At any time during your turn, you may discard this card from play.
<br><strong>Ability — Domed Armor</strong>
<br>This Pokémon takes 30 less damage from attacks <em>(after applying Weakness and Resistance).</em>",0.01,0.14,20.0,0.11,0.08,Normal,152/165,Common,Item,60,,,,,,,
516714,Antique Dome Fossil,Antique Dome Fossil,https://tcgplayer-cdn.tcgplayer.com/product/516714_200w.jpg,3,23237,https://cpt.tcgcsv.com/jJ86,2025-12-10T20:59:41.583,0,"Play this card as if it were a 60-HP Basic C Pokémon. This card can't be affected by any Special Conditions and can't retreat. At any time during your turn, you may discard this card from play.
<br><strong>Ability — Domed Armor</strong>
<br>This Pokémon takes 30 less damage from attacks <em>(after applying Weakness and Resistance).</em>",0.25,0.58,3.99,0.51,0.42,Reverse Holofoil,152/165,Common,Item,60,,,,,,,
516715,Antique Helix Fossil,Antique Helix Fossil,https://tcgplayer-cdn.tcgplayer.com/product/516715_200w.jpg,3,23237,https://cpt.tcgcsv.com/kJ86,2025-12-13T00:53:40.533,0,"Play this card as if it were a 60-HP Basic C Pokémon. This card can't be affected by any Special Conditions and can't retreat. At any time during your turn, you may discard this card from play.
<br><strong>Ability — Helical Swell</strong>
<br>As long as this Pokémon is in the Active Spot, your opponent can't play any Stadium cards from their hand.",0.29,0.75,10.98,0.59,0.43,Reverse Holofoil,153/165,Common,Item,60,,,,,,,
516715,Antique Helix Fossil,Antique Helix Fossil,https://tcgplayer-cdn.tcgplayer.com/product/516715_200w.jpg,3,23237,https://cpt.tcgcsv.com/kJ86,2025-12-13T00:53:40.533,0,"Play this card as if it were a 60-HP Basic C Pokémon. This card can't be affected by any Special Conditions and can't retreat. At any time during your turn, you may discard this card from play.
<br><strong>Ability — Helical Swell</strong>
<br>As long as this Pokémon is in the Active Spot, your opponent can't play any Stadium cards from their hand.",0.02,0.14,40.0,0.11,0.09,Normal,153/165,Common,Item,60,,,,,,,
516716,Antique Old Amber,Antique Old Amber,https://tcgplayer-cdn.tcgplayer.com/product/516716_200w.jpg,3,23237,https://cpt.tcgcsv.com/lJ86,2025-12-13T00:54:00.34,0,"Play this card as if it were a 60-HP Basic C Pokémon. This card can't be affected by any Special Conditions and can't retreat. At any time during your turn, you may discard this card from play.
<br><strong>Ability — Amber Protection</strong>
<br>Prevent all effects of your opponent's Pokémon's Abilities done to this Pokémon.",0.25,0.66,25.0,0.57,,Reverse Holofoil,154/165,Common,Item,60,,,,,,,
516716,Antique Old Amber,Antique Old Amber,https://tcgplayer-cdn.tcgplayer.com/product/516716_200w.jpg,3,23237,https://cpt.tcgcsv.com/lJ86,2025-12-13T00:54:00.34,0,"Play this card as if it were a 60-HP Basic C Pokémon. This card can't be affected by any Special Conditions and can't retreat. At any time during your turn, you may discard this card from play.
<br><strong>Ability — Amber Protection</strong>
<br>Prevent all effects of your opponent's Pokémon's Abilities done to this Pokémon.",0.01,0.15,5.0,0.13,0.1,Normal,154/165,Common,Item,60,,,,,,,
516717,Big Air Balloon,Big Air Balloon,https://tcgplayer-cdn.tcgplayer.com/product/516717_200w.jpg,3,23237,https://cpt.tcgcsv.com/mJ86,2026-01-15T06:04:10.24,0,"The Stage 2 Pokémon this card is attached to has no Retreat Cost.
<br><br>You may attach any number of Pokémon Tools to your Pokémon during your turn. You may attach only 1 Pokémon Tool to each Pokémon, and it stays attached.",0.01,0.15,2.47,0.1,0.1,Normal,155/165,Uncommon,Tool,,,,,,,,
516717,Big Air Balloon,Big Air Balloon,https://tcgplayer-cdn.tcgplayer.com/product/516717_200w.jpg,3,23237,https://cpt.tcgcsv.com/mJ86,2026-01-15T06:04:10.24,0,"The Stage 2 Pokémon this card is attached to has no Retreat Cost.
<br><br>You may attach any number of Pokémon Tools to your Pokémon during your turn. You may attach only 1 Pokémon Tool to each Pokémon, and it stays attached.",0.19,0.75,5000.32,0.64,0.62,Reverse Holofoil,155/165,Uncommon,Tool,,,,,,,,
516718,Bill's Transfer - 156/165,Bills Transfer 156 165,https://tcgplayer-cdn.tcgplayer.com/product/516718_200w.jpg,3,23237,https://cpt.tcgcsv.com/nJ86,2025-12-13T00:55:48.42,0,"Look at the top 8 cards of your deck. You may reveal any number of Pokémon you find there and put them into your hand. Shuffle the other cards back into your deck.
<br><br>You may play only 1 Supporter card during your turn.",0.21,0.61,3.0,0.61,0.6,Reverse Holofoil,156/165,Uncommon,Supporter,,,,,,,,
516718,Bill's Transfer - 156/165,Bills Transfer 156 165,https://tcgplayer-cdn.tcgplayer.com/product/516718_200w.jpg,3,23237,https://cpt.tcgcsv.com/nJ86,2025-12-13T00:55:48.42,0,"Look at the top 8 cards of your deck. You may reveal any number of Pokémon you find there and put them into your hand. Shuffle the other cards back into your deck.
<br><br>You may play only 1 Supporter card during your turn.",0.01,0.15,19.98,0.13,0.1,Normal,156/165,Uncommon,Supporter,,,,,,,,
516719,Cycling Road,Cycling Road,https://tcgplayer-cdn.tcgplayer.com/product/516719_200w.jpg,3,23237,https://cpt.tcgcsv.com/pJ86,2025-12-13T01:02:07.87,0,"Once during each player's turn, that player may discard a Basic Energy card from their hand in order to draw a card.
<br><br>You may play only 1 Stadium card during your turn. Put it next to the Active Spot, and discard it if another Stadium comes into play. A stadium with the same name can't be played.",0.2,0.64,25.0,0.58,0.56,Reverse Holofoil,157/165,Uncommon,Stadium,,,,,,,,
516719,Cycling Road,Cycling Road,https://tcgplayer-cdn.tcgplayer.com/product/516719_200w.jpg,3,23237,https://cpt.tcgcsv.com/pJ86,2025-12-13T01:02:07.87,0,"Once during each player's turn, that player may discard a Basic Energy card from their hand in order to draw a card.
<br><br>You may play only 1 Stadium card during your turn. Put it next to the Active Spot, and discard it if another Stadium comes into play. A stadium with the same name can't be played.",0.01,0.13,2.28,0.07,0.07,Normal,157/165,Uncommon,Stadium,,,,,,,,
516720,Daisy's Help - 158/165,Daisys Help 158 165,https://tcgplayer-cdn.tcgplayer.com/product/516720_200w.jpg,3,23237,https://cpt.tcgcsv.com/qJ86,2025-12-13T01:02:55.91,0,"Draw 2 cards. Look at your face-down Prize cards.
<br><br>you may play only 1 Supporter card during your turn.",0.01,0.55,5.72,0.53,0.48,Reverse Holofoil,158/165,Uncommon,Supporter,,,,,,,,
516720,Daisy's Help - 158/165,Daisys Help 158 165,https://tcgplayer-cdn.tcgplayer.com/product/516720_200w.jpg,3,23237,https://cpt.tcgcsv.com/qJ86,2025-12-13T01:02:55.91,0,"Draw 2 cards. Look at your face-down Prize cards.
<br><br>you may play only 1 Supporter card during your turn.",0.01,0.12,1.51,0.11,0.06,Normal,158/165,Uncommon,Supporter,,,,,,,,
516721,Energy Sticker,Energy Sticker,https://tcgplayer-cdn.tcgplayer.com/product/516721_200w.jpg,3,23237,https://cpt.tcgcsv.com/rJ86,2025-12-13T01:15:56.693,0,"Flip a coin. If heads, attach a Basic Energy card from your discard pile to 1 of your Benched Pokémon.
<br><br>You may play any number of Item cards during your turn.",0.4,0.75,25.0,0.56,0.58,Reverse Holofoil,159/165,Uncommon,Item,,,,,,,,
516721,Energy Sticker,Energy Sticker,https://tcgplayer-cdn.tcgplayer.com/product/516721_200w.jpg,3,23237,https://cpt.tcgcsv.com/rJ86,2025-12-13T01:15:56.693,0,"Flip a coin. If heads, attach a Basic Energy card from your discard pile to 1 of your Benched Pokémon.
<br><br>You may play any number of Item cards during your turn.",0.01,0.17,2.28,0.14,0.12,Normal,159/165,Uncommon,Item,,,,,,,,
516722,Erika's Invitation - 160/165,Erikas Invitation 160 165,https://tcgplayer-cdn.tcgplayer.com/product/516722_200w.jpg,3,23237,https://cpt.tcgcsv.com/sJ86,2025-12-11T03:15:21.473,1,"Your opponent reveals their hand, and you put a Basic Pokemon you find there onto your opponent's Bench. If you put a Pokemon onto their Bench in this way, switch in that Pokemon to the Active Spot.",0.01,0.14,2.37,0.11,0.05,Normal,160/165,Uncommon,Supporter,,,,,,,,
516722,Erika's Invitation - 160/165,Erikas Invitation 160 165,https://tcgplayer-cdn.tcgplayer.com/product/516722_200w.jpg,3,23237,https://cpt.tcgcsv.com/sJ86,2025-12-11T03:15:21.473,1,"Your opponent reveals their hand, and you put a Basic Pokemon you find there onto your opponent's Bench. If you put a Pokemon onto their Bench in this way, switch in that Pokemon to the Active Spot.",0.25,0.65,7.95,0.6,0.5,Reverse Holofoil,160/165,Uncommon,Supporter,,,,,,,,
516723,Giovanni's Charisma - 161/165,Giovannis Charisma 161 165,https://tcgplayer-cdn.tcgplayer.com/product/516723_200w.jpg,3,23237,https://cpt.tcgcsv.com/tJ86,2025-12-17T05:23:02.797,1,"Put an Energy attached to your opponent's Active Pokemon into their hand. If you do, attach an Energy card from your hand to your Active Pokemon.",0.01,0.15,1.53,0.13,0.1,Normal,161/165,Uncommon,Supporter,,,,,,,,
516723,Giovanni's Charisma - 161/165,Giovannis Charisma 161 165,https://tcgplayer-cdn.tcgplayer.com/product/516723_200w.jpg,3,23237,https://cpt.tcgcsv.com/tJ86,2025-12-17T05:23:02.797,1,"Put an Energy attached to your opponent's Active Pokemon into their hand. If you do, attach an Energy card from your hand to your Active Pokemon.",0.15,0.88,25.0,0.83,0.98,Reverse Holofoil,161/165,Uncommon,Supporter,,,,,,,,
516724,Grabber,Grabber,https://tcgplayer-cdn.tcgplayer.com/product/516724_200w.jpg,3,23237,https://cpt.tcgcsv.com/vJ86,2025-12-11T03:00:10.34,0,"Your opponent reveals their hand, and you put a Pokémon you find there on the bottom of their deck.
<br><br>You may play any number of Item cards during your turn.",0.01,0.2,2.99,0.19,0.11,Normal,162/165,Uncommon,Item,,,,,,,,
516724,Grabber,Grabber,https://tcgplayer-cdn.tcgplayer.com/product/516724_200w.jpg,3,23237,https://cpt.tcgcsv.com/vJ86,2025-12-11T03:00:10.34,0,"Your opponent reveals their hand, and you put a Pokémon you find there on the bottom of their deck.
<br><br>You may play any number of Item cards during your turn.",0.25,0.72,5.0,0.57,0.5,Reverse Holofoil,162/165,Uncommon,Item,,,,,,,,
516725,Leftovers,Leftovers,https://tcgplayer-cdn.tcgplayer.com/product/516725_200w.jpg,3,23237,https://cpt.tcgcsv.com/wJ86,2025-12-12T22:58:39.65,0,"At the end of your turn, if the Pokémon this card is attached to is in the Active Spot, heal 20 damage from it.
<br><br>You may attach any number of Pokémon Tools to your Pokémon during your turn. You may attach only 1 Pokémon Tool to each Pokémon, and it stays attached.",0.01,0.14,2.57,0.11,0.08,Normal,163/165,Uncommon,Tool,,,,,,,,
516725,Leftovers,Leftovers,https://tcgplayer-cdn.tcgplayer.com/product/516725_200w.jpg,3,23237,https://cpt.tcgcsv.com/wJ86,2025-12-12T22:58:39.65,0,"At the end of your turn, if the Pokémon this card is attached to is in the Active Spot, heal 20 damage from it.
<br><br>You may attach any number of Pokémon Tools to your Pokémon during your turn. You may attach only 1 Pokémon Tool to each Pokémon, and it stays attached.",0.1,0.62,2.99,0.59,0.25,Reverse Holofoil,163/165,Uncommon,Tool,,,,,,,,
516726,Protective Goggles,Protective Goggles,https://tcgplayer-cdn.tcgplayer.com/product/516726_200w.jpg,3,23237,https://cpt.tcgcsv.com/xJ86,2025-12-17T05:49:16.54,0,"The Basic Pokémon this card is attached to has no Weakness.
<br><br>You may attach any number of Pokémon Tools to your Pokémon during your turn. You may attach only 1 Pokémon Tool to each Pokémon, and it stays attached.",0.02,0.19,10.0,0.16,0.14,Normal,164/165,Uncommon,Tool,,,,,,,,
516726,Protective Goggles,Protective Goggles,https://tcgplayer-cdn.tcgplayer.com/product/516726_200w.jpg,3,23237,https://cpt.tcgcsv.com/xJ86,2025-12-17T05:49:16.54,0,"The Basic Pokémon this card is attached to has no Weakness.
<br><br>You may attach any number of Pokémon Tools to your Pokémon during your turn. You may attach only 1 Pokémon Tool to each Pokémon, and it stays attached.",0.24,0.69,5.0,0.56,0.5,Reverse Holofoil,164/165,Uncommon,Tool,,,,,,,,
516727,Rigid Band,Rigid Band,https://tcgplayer-cdn.tcgplayer.com/product/516727_200w.jpg,3,23237,https://cpt.tcgcsv.com/zJ86,2025-12-12T23:24:25.147,0,"The Stage 1 Pokémon this card is attached to takes 30 less damage from attacks from your opponent's Pokémon <em>(after applying Weakness and Resistance).<em>
<br><br>You may attach any number of Pokémon Tools to your Pokémon during your turn. You may attach only 1 Pokémon Tool to each Pokémon, and it stays attached.",0.01,0.15,5.0,0.09,0.1,Normal,165/165,Uncommon,Tool,,,,,,,,
516727,Rigid Band,Rigid Band,https://tcgplayer-cdn.tcgplayer.com/product/516727_200w.jpg,3,23237,https://cpt.tcgcsv.com/zJ86,2025-12-12T23:24:25.147,0,"The Stage 1 Pokémon this card is attached to takes 30 less damage from attacks from your opponent's Pokémon <em>(after applying Weakness and Resistance).<em>
<br><br>You may attach any number of Pokémon Tools to your Pokémon during your turn. You may attach only 1 Pokémon Tool to each Pokémon, and it stays attached.",0.25,1.0,50.0,0.78,0.74,Reverse Holofoil,165/165,Uncommon,Tool,,,,,,,,
516997,Bulbasaur - 166/165,Bulbasaur 166 165,https://tcgplayer-cdn.tcgplayer.com/product/516997_200w.jpg,3,23237,https://cpt.tcgcsv.com/ZP86,2026-01-05T14:34:41.69,1,,36.0,45.0,120.0,39.0,43.73,Holofoil,166/165,Illustration Rare,Grass,70,Basic,[1G] Leech Seed (20)<br>Heal 20 damage from this Pokemon.,,Rx2,None,2,
516998,Ivysaur - 167/165,Ivysaur 167 165,https://tcgplayer-cdn.tcgplayer.com/product/516998_200w.jpg,3,23237,https://cpt.tcgcsv.com/-P86,2025-12-04T13:16:58.233,1,,27.24,36.0,527.24,33.5,36.38,Holofoil,167/165,Illustration Rare,Grass,100,Stage 1,[1G] Leech Seed (30)<br>Heal 20 damage from this Pokemon.,[1GG] Vine Whip (80),Rx2,None,3,
517013,Alakazam ex - 188/165,Alakazam ex 188 165,https://tcgplayer-cdn.tcgplayer.com/product/517013_200w.jpg,3,23237,https://cpt.tcgcsv.com/hQ86,2025-10-23T11:41:20.553,1,,5.69,7.99,100.0,6.54,,Holofoil,188/165,Ultra Rare,Psychic,310,Stage 2,"[2] Mind Jack (90+)
<br>This attack does 30 more damage for each of your opponent's Benched Pokemon.","[PP] Dimensional Hand (120)
<br>This attack can be used if this Pokemon is on the Bench.",Dx2,F-30,1,
517014,Arbok ex - 185/165,Arbok ex 185 165,https://tcgplayer-cdn.tcgplayer.com/product/517014_200w.jpg,3,23237,https://cpt.tcgcsv.com/jQ86,2026-01-09T02:51:37.227,1,,4.0,5.66,50.0,5.59,6.5,Holofoil,185/165,Ultra Rare,Darkness,270,Stage 1,"[DD] Bind Down (70)
<br>During your opponent's next turn, the Defending Pokemon can't retreat.","[DDD] Menacing Fangs (150)
<br>Your opponent discards 2 cards from their hand.",Fx2,None,2,
517015,Blastoise ex - 184/165,Blastoise ex 184 165,https://tcgplayer-cdn.tcgplayer.com/product/517015_200w.jpg,3,23237,https://cpt.tcgcsv.com/kQ86,2026-01-13T17:50:28.53,1,"<strong>Ability — Solid Shell</strong>
<br>This Pokemon takes 30 less damage from attacks <em>(after applying Weakness and Resistance).</em>",12.64,16.32,300.0,15.18,15.6,Holofoil,184/165,Ultra Rare,Water,330,Stage 2,"[WW] Twin Cannons (140x)
<br>Discard up to 2 Basic W Energy cards from your hand. This attack does 140 damage for each card you discarded in this way.",,Lx2,None,3,
517016,Caterpie - 172/165,Caterpie 172 165,https://tcgplayer-cdn.tcgplayer.com/product/517016_200w.jpg,3,23237,https://cpt.tcgcsv.com/lQ86,2025-12-03T18:17:29.48,1,,7.59,10.64,100.0,10.35,15.96,Holofoil,172/165,Illustration Rare,Grass,50,Basic,"[G] Leaf Munch (10+)<br>If your opponent's Active Pokemon is a G Pokemon, this attack does 30 more damage.",,Rx2,None,1,
517017,Charizard ex - 183/165,Charizard ex 183 165,https://tcgplayer-cdn.tcgplayer.com/product/517017_200w.jpg,3,23237,https://cpt.tcgcsv.com/mQ86,2025-12-11T02:49:29.967,1,,25.0,37.99,160.0,30.97,35.4,Holofoil,183/165,Ultra Rare,Fire,330,Stage 2,"[R] Brave Wing (60+)<br> if this Pokemon has any damage counters on it, this attack does 100 more damage.",[RRRR] Explosive Vortex (330)<br>Discard 3 Energy from this Pokemon.,Wx2,None,2,
517018,Charmeleon - 169/165,Charmeleon 169 165,https://tcgplayer-cdn.tcgplayer.com/product/517018_200w.jpg,3,23237,https://cpt.tcgcsv.com/nQ86,2026-01-09T02:56:43.617,1,,35.99,45.46,145.0,44.62,46.78,Holofoil,169/165,Illustration Rare,Fire,100,Stage 1,[R] Combustion (20),[RRR] Fire Blast (90)<br>Discard an Energy from this Pokemon,Wx2,None,2,
517020,Dragonair - 181/165,Dragonair 181 165,https://tcgplayer-cdn.tcgplayer.com/product/517020_200w.jpg,3,23237,https://cpt.tcgcsv.com/qQ86,2025-12-02T22:09:32.033,1,,22.75,29.15,1700.0,27.07,30.75,Holofoil,181/165,Illustration Rare,Dragon,100,Stage 1,[W] Beat (20),"[WL] Aqua Slash (90)
<br>During your next turn, this Pokémon can't attack.",None,None,2,
517021,Golem ex - 189/165,Golem ex 189 165,https://tcgplayer-cdn.tcgplayer.com/product/517021_200w.jpg,3,23237,https://cpt.tcgcsv.com/rQ86,2025-12-05T15:09:57.36,1,,3.75,5.35,40.0,5.44,,Holofoil,189/165,Ultra Rare,Fighting,330,Stage 2,"[F] Dynamic Roll (50)
<br>During your next turn, attacks used by this Pokemon do 120 more damage to your opponent's Active Pokemon(before applying Weakness and Resistance).","[2F] Rock Blaster (180)
<br>This attack's damage isn't affected by Resistance.",Gx2,None,4,
517023,Jynx ex - 191/165,Jynx ex 191 165,https://tcgplayer-cdn.tcgplayer.com/product/517023_200w.jpg,3,23237,https://cpt.tcgcsv.com/tQ86,2025-11-29T05:34:33.87,1,,3.25,5.0,30.0,4.19,6.06,Holofoil,191/165,Ultra Rare,Water,200,Basic,"[2W] Heart-Stopping Kiss
<br>If your opponent's Active Pokemon is Asleep, it is Knocked Out.","[WWW] Icy Wind (120)
<br>Your opponent's Active Pokemon is now Asleep.",Mx2,None,2,
517024,Kangaskhan ex - 190/165,Kangaskhan ex 190 165,https://tcgplayer-cdn.tcgplayer.com/product/517024_200w.jpg,3,23237,https://cpt.tcgcsv.com/vQ86,2025-07-27T11:39:49.037,1,,3.65,5.0,504.36,4.5,,Holofoil,190/165,Ultra Rare,Colorless,230,Basic,"[1] Triple Draw
<br> Draw 3 cards.","[3] Incessant Punching (100x)
<br> Flip 4 coins. This attack does 100 damage for each heads.",Fx2,,2,
517025,Machoke - 177/165,Machoke 177 165,https://tcgplayer-cdn.tcgplayer.com/product/517025_200w.jpg,3,23237,https://cpt.tcgcsv.com/wQ86,2025-11-29T07:41:44.207,1,,10.88,13.99,90.0,13.18,14.49,Holofoil,177/165,Illustration Rare,Fighting,100,Stage 1,"[FF] Mountain Ramming (50)
<br>Discard the top card of your opponent's deck.",,Px2,None,2,
517027,Mew ex - 193/165,Mew ex 193 165,https://tcgplayer-cdn.tcgplayer.com/product/517027_200w.jpg,3,23237,https://cpt.tcgcsv.com/zQ86,2025-12-10T20:13:12.703,1,"<strong>Ability — Restart</strong>
<br>Once during your turn, you may draw cards until you have 3 cards in your hand.",17.5,23.0,100.0,21.91,27.74,Holofoil,193/165,Ultra Rare,Psychic,180,Basic,"[3] Genome Hacking
<br> Choose 1 of your opponent's Active Pokémon's attacks and use it as this attack.",,Dx2,F-30,,
517028,Mr. Mime - 179/165,Mr Mime 179 165,https://tcgplayer-cdn.tcgplayer.com/product/517028_200w.jpg,3,23237,https://cpt.tcgcsv.com/BQ86,2025-12-10T20:19:02.913,1,"<strong>Ability — Mimic Barrier</strong>
<br>If this Pokemon and your opponent's Active Pokemon have the same amount of Energy attached, Prevent all damage done to this Pokemon by attacks from your opponent's Pokemon.",6.0,7.91,90.0,6.94,7.74,Holofoil,179/165,Illustration Rare,Psychic,90,Basic,"[1] Psypower
<br>Put 3 damage counters on your opponent's Pokemon in any way you like.",,Dx2,F-30,1,
517029,Nidoking - 174/165,Nidoking 174 165,https://tcgplayer-cdn.tcgplayer.com/product/517029_200w.jpg,3,23237,https://cpt.tcgcsv.com/CQ86,2025-12-10T20:22:22.083,1,"<strong>Ability — Enthusiastic King</strong>
<br>If you have Nidoqueen in play, ignore all Energy in the costs of attacks used by this Pokemon.",9.0,12.0,4321.0,12.03,,Holofoil,174/165,Illustration Rare,Darkness,170,Stage 2,"[2DD] Venomous Impact (190)
<br>Your opponent's Active Pokemon is now Poisoned.",,Fx2,None,3,
517030,Ninetales ex - 186/165,Ninetales ex 186 165,https://tcgplayer-cdn.tcgplayer.com/product/517030_200w.jpg,3,23237,https://cpt.tcgcsv.com/DQ86,2025-12-11T03:15:36.513,1,,6.0,9.54,49.99,8.14,,Holofoil,186/165,Ultra Rare,Fire,260,Stage 1,"[F] Heat Wave (30)
<br>Your opponent's Active Pokemon is Burned.","[1F] Mirrored Flames (80+)
<br>If you have the same number of cards in your hand as your opponent, this attack does 140 more damage.",Wx2,None,2,
517031,Omanyte - 180/165,Omanyte 180 165,https://tcgplayer-cdn.tcgplayer.com/product/517031_200w.jpg,3,23237,https://cpt.tcgcsv.com/FQ86,2025-11-29T04:17:11.53,1,,5.0,7.99,90.0,7.84,8.26,Holofoil,180/165,Illustration Rare,Water,100,Stage 1,"[WW] Tentacular Return (50)
<br>Put an Energy attached to your opponent's Active Pokémon into their hand.",,Lx2,None,2,
517033,Pikachu - 025/165,Pikachu 025 165,https://tcgplayer-cdn.tcgplayer.com/product/517033_200w.jpg,3,23237,https://cpt.tcgcsv.com/HQ86,2025-12-11T03:13:39.707,1,"[L] <strong>Charge </strong> <br>
Search your deck for a Basic L Energy card and attach it to this Pokémon. Then, shuffle your deck.",0.13,0.31,35.0,0.29,0.31,Reverse Holofoil,025/165,Common,Lightning,60,Basic,[1LL] Pike Punch (50),,Fx2,,1,
517033,Pikachu - 025/165,Pikachu 025 165,https://tcgplayer-cdn.tcgplayer.com/product/517033_200w.jpg,3,23237,https://cpt.tcgcsv.com/HQ86,2025-12-11T03:13:39.707,1,"[L] <strong>Charge </strong> <br>
Search your deck for a Basic L Energy card and attach it to this Pokémon. Then, shuffle your deck.",0.01,0.16,2.29,0.12,0.13,Normal,025/165,Common,Lightning,60,Basic,[1LL] Pike Punch (50),,Fx2,,1,
517034,Poliwhirl - 176/165,Poliwhirl 176 165,https://tcgplayer-cdn.tcgplayer.com/product/517034_200w.jpg,3,23237,https://cpt.tcgcsv.com/JQ86,2025-12-10T20:20:51.78,1,,16.68,23.65,90.0,22.65,22.81,Holofoil,176/165,Illustration Rare,Water,90,Stage 1,[W] Wave Splash (20),"[1W] Frog Hop (30+)
<br>Flip a coin. If heads, this attack does 60 more damage.",Lx2,None,1,
517035,Psyduck - 175/165,Psyduck 175 165,https://tcgplayer-cdn.tcgplayer.com/product/517035_200w.jpg,3,23237,https://cpt.tcgcsv.com/KQ86,2025-12-04T13:20:04.137,1,,27.77,35.0,70.0,33.82,50.55,Holofoil,175/165,Illustration Rare,Water,70,Basic,"[1] Overthink
<br>During your opponent's next turn, whenever they flip a coin, treat it as tails.",[W] Water Gun (10),Lx2,None,1,
517036,Tangela - 178/165,Tangela 178 165,https://tcgplayer-cdn.tcgplayer.com/product/517036_200w.jpg,3,23237,https://cpt.tcgcsv.com/LQ86,2025-10-23T12:00:28.023,1,,5.71,8.0,506.79,7.6,,Holofoil,178/165,Illustration Rare,Grass,80,Basic,"[G] Tactful Tangling (10+)
<br> If you played Erika's Invitation from your hand during this turn, this attack does 60 more damage.",,Rx2,,2,
517037,Venusaur ex - 182/165,Venusaur ex 182 165,https://tcgplayer-cdn.tcgplayer.com/product/517037_200w.jpg,3,23237,https://cpt.tcgcsv.com/MQ86,2025-11-29T06:25:58.793,1,"<strong>Ability — Tranquil Flower</strong><br>Once during your turn, if this Pokemon is in the Active Spot, you may heal 60 damage from 1 of your Pokemon.",9.0,12.47,49.99,11.47,13.03,Holofoil,182/165,Ultra Rare,Grass,340,Stage 2,[1GG] Dangerous Toxwhip (150)<br>Your opponent's Active Pokemon is now Confused and Poisoned.,,Rx2,None,4,
517038,Wartortle - 171/165,Wartortle 171 165,https://tcgplayer-cdn.tcgplayer.com/product/517038_200w.jpg,3,23237,https://cpt.tcgcsv.com/NQ86,2025-11-30T00:41:20.87,1,,26.99,37.32,100.0,34.84,29.08,Holofoil,171/165,Illustration Rare,Water,100,Stage 1,"[W] Free Diving
<br>Put up to 3 Basic W Energy cards from your discard pile into your hand.",[WW] Spinning Attack (50),Lx2,None,2,
517039,Wigglytuff ex - 187/165,Wigglytuff ex 187 165,https://tcgplayer-cdn.tcgplayer.com/product/517039_200w.jpg,3,23237,https://cpt.tcgcsv.com/PQ86,2025-12-11T03:30:26.52,1,"<strong>Ability — Expanding Body</strong>
<br>If this Pokemon has any Special Energy attached, it gets +100HP.",3.93,5.88,30.0,5.2,,Holofoil,187/165,Ultra Rare,Colorless,250,Stage 1,"[3] Friend Tackle (90+)
<br>If you played a Supporter card from your hand during this turn, this attack does 90 more damage.",,Fx2,None,3,
517040,Zapdos ex - 192/165,Zapdos ex 192 165,https://tcgplayer-cdn.tcgplayer.com/product/517040_200w.jpg,3,23237,https://cpt.tcgcsv.com/QQ86,2025-11-29T05:37:01.46,1,"<strong>Ability — Voltaic Float</strong>
<br>If this Pokémon has any L Energy attached, it has no Retreat Cost.",5.71,8.47,80.0,7.42,8.67,Holofoil,192/165,Ultra Rare,Lightning,200,Basic,"[LLL] Multishot Lightning 120
<br>This attack also does 90 damage to 1 of your opponent's Benched Pokémon that has any damage counters on it. <em>(Don't apply Weakness and Resistance for Benched Pokémon.)",,Lx2,F-30,2,
517041,Bill's Transfer - 194/165,Bills Transfer 194 165,https://tcgplayer-cdn.tcgplayer.com/product/517041_200w.jpg,3,23237,https://cpt.tcgcsv.com/RQ86,2025-10-21T16:29:01.997,1,"Look at the top 8 cards of your deck. You may reveal any number of Pokémon you find there and put them into your hand. Shuffle the other cards back into your deck.
<br><br>You may play only 1 Supporter card during your turn.",1.75,3.0,36.0,2.6,2.93,Holofoil,194/165,Ultra Rare,Supporter,,,,,,,,
517042,Daisy's Help - 195/165,Daisys Help 195 165,https://tcgplayer-cdn.tcgplayer.com/product/517042_200w.jpg,3,23237,https://cpt.tcgcsv.com/SQ86,2025-11-21T19:29:53.297,1,"Draw 2 cards. Look at your face-down Prize cards.
<br><br>You may play only 1 Supporter card during your turn.",1.69,2.99,42.0,2.45,2.81,Holofoil,195/165,Ultra Rare,Supporter,,,,,,,,
517043,Giovanni's Charisma - 197/165,Giovannis Charisma 197 165,https://tcgplayer-cdn.tcgplayer.com/product/517043_200w.jpg,3,23237,https://cpt.tcgcsv.com/TQ86,2025-10-23T11:49:07.81,1,"Put an Energy attached to your opponent's Active Pokemon into their hand. If you do, attach an Energy card from your hand to your Active Pokemon.",2.0,3.71,60.0,2.96,5.0,Holofoil,197/165,Ultra Rare,Supporter,,,,,,,,
517044,Venusaur ex - 198/165,Venusaur ex 198 165,https://tcgplayer-cdn.tcgplayer.com/product/517044_200w.jpg,3,23237,https://cpt.tcgcsv.com/VQ86,2025-10-25T00:28:39.227,1,"<strong>Ability — Tranquil Flower</strong><br>Once during your turn, if this Pokemon is in the Active Spot, you may heal 60 damage from 1 of your Pokemon.",66.02,83.87,450.0,80.22,91.24,Holofoil,198/165,Special Illustration Rare,Grass,340,Stage 2,[1GG] Dangerous Toxwhip (150)<br>Your opponent's Active Pokemon is now Confused and Poisoned.,,Rx2,None,4,
517045,Charizard ex - 199/165,Charizard ex 199 165,https://tcgplayer-cdn.tcgplayer.com/product/517045_200w.jpg,3,23237,https://cpt.tcgcsv.com/WQ86,2026-01-15T14:21:18.47,1,,212.13,294.44,1000.0,261.2,255.0,Holofoil,199/165,Special Illustration Rare,Fire,330,Stage 2,"[R] Brave Wing (60+)<br> if this Pokemon has any damage counters on it, this attack does 100 more damage.",[RRRR] Explosive Vortex (330)<br>Discard 3 Energy from this Pokemon.,Wx2,None,2,
517046,Blastoise ex - 200/165,Blastoise ex 200 165,https://tcgplayer-cdn.tcgplayer.com/product/517046_200w.jpg,3,23237,https://cpt.tcgcsv.com/XQ86,2025-11-29T03:10:39.557,1,"<strong>Ability — Solid Shell</strong>
<br>This Pokemon takes 30 less damage from attacks <em>(after applying Weakness and Resistance).</em>",71.42,96.77,199.99,82.55,,Holofoil,200/165,Special Illustration Rare,Water,330,Stage 2,"[WW] Twin Cannons (140x)
<br>Discard up to 2 Basic W Energy cards from your hand. This attack does 140 damage for each card you discarded in this way.",,Lx2,None,3,
517047,Alakazam ex - 201/165,Alakazam ex 201 165,https://tcgplayer-cdn.tcgplayer.com/product/517047_200w.jpg,3,23237,https://cpt.tcgcsv.com/ZQ86,2026-01-05T14:32:09.667,1,,38.99,55.0,300.0,46.88,57.68,Holofoil,201/165,Special Illustration Rare,Psychic,310,Stage 2,"[2] Mind Jack (90+)
<br>This attack does 30 more damage for each of your opponent's Benched Pokemon.","[PP] Dimensional Hand (120)
<br>This attack can be used if this Pokemon is on the Bench.",Dx2,F-30,1,
517048,Zapdos ex - 202/165,Zapdos ex 202 165,https://tcgplayer-cdn.tcgplayer.com/product/517048_200w.jpg,3,23237,https://cpt.tcgcsv.com/-Q86,2025-11-11T22:59:58.88,1,"<strong>Ability — Voltaic Float</strong>
<br>If this Pokémon has any L Energy attached, it has no retreat cost.",54.99,74.93,500.0,69.26,69.1,Holofoil,202/165,Special Illustration Rare,Lightning,200,Basic,"[LLL] Multishot Lightning (120)
<br>This attack also does 90 damage to 1 of your opponent's Benched Pokémon that has any damage counters on it. <em>(Don't apply Weakness and Resistance for Benched Pokémon.)</em>",,Lx2,F-30,2,
517049,Erika's Invitation - 203/165,Erikas Invitation 203 165,https://tcgplayer-cdn.tcgplayer.com/product/517049_200w.jpg,3,23237,https://cpt.tcgcsv.com/_Q86,2025-12-02T22:12:14.343,1,"Your opponent reveals their hand, and you put a Basic Pokemon you find there onto your opponent's Bench. If you put a Pokemon onto their Bench in this way, switch in that Pokemon to the Active Spot.",13.0,15.75,180.0,13.67,14.34,Holofoil,203/165,Special Illustration Rare,Supporter,,,,,,,,
517050,Giovanni's Charisma - 204/165,Giovannis Charisma 204 165,https://tcgplayer-cdn.tcgplayer.com/product/517050_200w.jpg,3,23237,https://cpt.tcgcsv.com/0R86,2025-11-29T05:33:40.313,1,"Put an Energy attached to your opponent's Active Pokemon into their hand. If you do, attach an Energy card from your hand to your Active Pokemon.",9.19,13.0,510.63,11.44,15.35,Holofoil,204/165,Special Illustration Rare,Supporter,,,,,,,,
517051,Mew ex - 205/165,Mew ex 205 165,https://tcgplayer-cdn.tcgplayer.com/product/517051_200w.jpg,3,23237,https://cpt.tcgcsv.com/2R86,2025-07-27T11:39:51.133,1,"<strong>Ability — Restart</strong>
<br>Once during your turn, you may draw cards until you have 3 cards in your hand.",15.0,20.0,88.88,18.04,23.6,Holofoil,205/165,Hyper Rare,Psychic,180,Basic,"[3] Genome Hacking
<br> Choose 1 of your opponent's Active Pokémon's attacks and use it as this attack.",,Dx2,F-30,,
517052,Switch - 206/165,Switch 206 165,https://tcgplayer-cdn.tcgplayer.com/product/517052_200w.jpg,3,23237,https://cpt.tcgcsv.com/3R86,2025-11-29T05:35:52.643,1,"Switch your Active Pokémon with 1 of your Benched Pokémon.
<br>
You may play as many Item cards as you like during your turn.",1.24,2.58,15.0,2.19,2.53,Holofoil,206/165,Hyper Rare,Item,,,,,,,,
517053,Basic Psychic Energy - 207/165,Basic Psychic Energy 207 165,https://tcgplayer-cdn.tcgplayer.com/product/517053_200w.jpg,3,23237,https://cpt.tcgcsv.com/5R86,2025-12-11T02:43:08.767,1,,1.8,3.98,19.99,3.27,3.59,Holofoil,207/165,Hyper Rare,Basic Energy,,,,,,,,
517176,Erika's Invitation - 196/165,Erikas Invitation 196 165,https://tcgplayer-cdn.tcgplayer.com/product/517176_200w.jpg,3,23237,https://cpt.tcgcsv.com/xT86,2025-12-03T20:40:44.957,1,"Your opponent reveals their hand, and you put a Basic Pokemon you find there onto your opponent's Bench. If you put a Pokemon onto their Bench in this way, switch in that Pokemon to the Active Spot.",3.7,5.99,100.0,4.59,,Holofoil,196/165,Ultra Rare,Supporter,,,,,,,,
517267,Code Card - 151 Booster Pack,Code Card 151 Booster Pack,https://tcgplayer-cdn.tcgplayer.com/product/517267_200w.jpg,3,23237,https://cpt.tcgcsv.com/mW86,2023-09-22T17:46:39.657,1,"This listing is <strong>not</strong> a physical item. Please keep in mind that this <strong>Code Card</strong> listing represents a digital copy of the stated item for the Pokémon TCG Online <strong>and/or</strong> the Pokémon TCG Live games. You may receive the physical <strong>Code Card</strong>. Upon purchase, please work with your specific Seller by sending them a message using the <strong>Contact Seller</strong> button on the order details in your <a href=https://store.tcgplayer.com/myaccount/orderhistory>Order History</a> to opt in to having your <strong>Code Card</strong> code delivered digitally due to the nature of the product.",0.01,0.05,9.99,0.04,,Normal,,Code Card,,,,,,,,,
517553,Code Card -151 Poster Collection,Code Card 151 Poster Collection,https://tcgplayer-cdn.tcgplayer.com/product/517553_200w.jpg,3,23237,https://cpt.tcgcsv.com/5296,2023-09-27T17:24:18.013,1,"This listing is <strong>not</strong> a physical item. Please keep in mind that this <strong>Code Card</strong> listing represents a digital copy of the stated item for the Pokémon TCG Online <strong>and/or</strong> the Pokémon TCG Live games. You may receive the physical <strong>Code Card</strong>. Upon purchase, please work with your specific Seller by sending them a message using the <strong>Contact Seller</strong> button on the order details in your <a href=https://store.tcgplayer.com/myaccount/orderhistory>Order History</a> to opt in to having your <strong>Code Card</strong> code delivered digitally due to the nature of the product.",0.01,0.07,0.5,0.05,,Normal,,Code Card,,,,,,,,,
517554,Code Card - 151 Elite Trainer Box,Code Card 151 Elite Trainer Box,https://tcgplayer-cdn.tcgplayer.com/product/517554_200w.jpg,3,23237,https://cpt.tcgcsv.com/6296,2023-09-27T17:25:04.683,1,"This listing is <strong>not</strong> a physical item. Please keep in mind that this <strong>Code Card</strong> listing represents a digital copy of the stated item for the Pokémon TCG Online <strong>and/or</strong> the Pokémon TCG Live games. You may receive the physical <strong>Code Card</strong>. Upon purchase, please work with your specific Seller by sending them a message using the <strong>Contact Seller</strong> button on the order details in your <a href=https://store.tcgplayer.com/myaccount/orderhistory>Order History</a> to opt in to having your <strong>Code Card</strong> code delivered digitally due to the nature of the product.",0.02,0.1,1.36,0.1,,Normal,,Code Card,,,,,,,,,
518464,Code Card - 151 Ultra-Premium Collection,Code Card 151 Ultra Premium Collection,https://tcgplayer-cdn.tcgplayer.com/product/518464_200w.jpg,3,23237,https://cpt.tcgcsv.com/jp96,2023-09-27T17:25:36.307,1,"This listing is <strong>not</strong> a physical item. Please keep in mind that this <strong>Code Card</strong> listing represents a digital copy of the stated item for the Pokémon TCG Online <strong>and/or</strong> the Pokémon TCG Live games. You may receive the physical <strong>Code Card</strong>. Upon purchase, please work with your specific Seller by sending them a message using the <strong>Contact Seller</strong> button on the order details in your <a href=https://store.tcgplayer.com/myaccount/orderhistory>Order History</a> to opt in to having your <strong>Code Card</strong> code delivered digitally due to the nature of the product.",0.1,0.31,4.99,0.27,,Normal,,Code Card,,,,,,,,,
518781,151 Collection Alakazam ex Case,151 Collection Alakazam ex Case,https://tcgplayer-cdn.tcgplayer.com/product/518781_200w.jpg,3,23237,https://cpt.tcgcsv.com/Fw96,2023-10-06T04:03:10.72,1,"""Attack from the Bench—with Alakazam ex!
Alakazam ex plays mind tricks on your opponent by attacking from the Bench! After evolving from Abra and Kadabra, this formidable Pokémon ex shows off its Psychic-type prowess no matter where it stands on the battlefield.

This case includes 6 okémon TCG: Scarlet & Violet—151 Collection—Alakazam ex

Each Pokémon TCG: Scarlet & Violet—151 Collection—Alakazam ex includes:
• 1 foil promo card featuring Alakazam ex
• 1 foil card featuring Kadabra
• 1 foil card featuring Abra
• 4 Pokémon TCG: Scarlet & Violet—151 booster packs
• A code card for Pokémon TCG Live.""",585.0,590.0,599.0,370.71,,Normal,,,,,,,,,,,
518782,151 Collection Zapdos ex Case,151 Collection Zapdos ex Case,https://tcgplayer-cdn.tcgplayer.com/product/518782_200w.jpg,3,23237,https://cpt.tcgcsv.com/Gw96,2023-10-06T04:03:10.72,1,"Zap Your Opponent & Make a Quick Retreat—with Zapdos ex!
Strike with electrifying power and then retreat as fast as lightning with Zapdos ex! This Legendary Pokémon of the Kanto region is here as a ready-to-play promo card and an oversize card for your collection, along with a foil card featuring Electabuzz, and more Pokémon inside booster packs from the special Scarlet & Violet—151 expansion.

This case contains 6 151 Collection Zapdos ex boxes.

The Pokémon TCG: Scarlet & Violet—151 Collection—Zapdos ex includes:
• 1 foil promo card featuring Zapdos ex
• 1 foil card featuring Electabuzz
• 1 oversize foil card featuring Zapdos ex
• 4 Pokémon TCG: Scarlet & Violet—151 booster packs
• A code card for Pokémon TCG Live",399.99,499.0,997.0,337.57,,Normal,,,,,,,,,,,
519481,Mew ex - 205/165 (151 Metal Card),Mew ex 205 165 151 Metal Card,https://tcgplayer-cdn.tcgplayer.com/product/519481_200w.jpg,3,23237,https://cpt.tcgcsv.com/FP96,2025-12-05T22:51:47.443,1,"<strong>Ability — Restart</strong>
<br>Once during your turn, you may draw cards until you have 3 cards in your hand.",11.81,19.0,249.99,17.31,,Normal,205/165,Double Rare,Psychic,180,Basic,"[3] Genome Hacking
<br> Choose 1 of your opponent's Active Pokémon's attacks and use it as this attack.",,Dx2,F-30,,
522699,151 Mini Tin [Arcanine & Omanyte],151 Mini Tin Arcanine and Omanyte,https://tcgplayer-cdn.tcgplayer.com/product/522699_200w.jpg,3,23237,https://cpt.tcgcsv.com/_5c6,2023-10-19T14:46:44.25,1,"Each mini tin comes with two booster packs, a metallic Pokemon coin, and “a Pokemon art card showing the art from this Mini Tin — you can collect and combine all ten!”",30.89,39.96,45.0,27.65,,Normal,,,,,,,,,,,
522700,151 Mini Tin [Dragonite & Vileplume],151 Mini Tin Dragonite and Vileplume,https://tcgplayer-cdn.tcgplayer.com/product/522700_200w.jpg,3,23237,https://cpt.tcgcsv.com/06c6,2023-10-19T14:47:57.91,1,"Each mini tin comes with two booster packs, a metallic Pokemon coin, and “a Pokemon art card showing the art from this Mini Tin — you can collect and combine all ten!”",28.0,35.5,88.0,27.01,,Normal,,,,,,,,,,,
522701,151 Mini Tin [Electabuzz & Magnemites],151 Mini Tin Electabuzz and Magnemites,https://tcgplayer-cdn.tcgplayer.com/product/522701_200w.jpg,3,23237,https://cpt.tcgcsv.com/26c6,2023-10-19T14:48:26.073,1,"Each mini tin comes with two booster packs, a metallic Pokemon coin, and “a Pokemon art card showing the art from this Mini Tin — you can collect and combine all ten!”",27.0,33.0,40.95,25.16,,Normal,,,,,,,,,,,
522702,151 Mini Tin [Gengar & Poliwag],151 Mini Tin Gengar and Poliwag,https://tcgplayer-cdn.tcgplayer.com/product/522702_200w.jpg,3,23237,https://cpt.tcgcsv.com/36c6,2023-10-19T14:48:50.237,1,"Each mini tin comes with two booster packs, a metallic Pokemon coin, and “a Pokemon art card showing the art from this Mini Tin — you can collect and combine all ten!”",30.0,33.5,49.99,28.86,,Normal,,,,,,,,,,,
522703,151 Mini Tin [Hitmonlee & Kadabra],151 Mini Tin Hitmonlee and Kadabra,https://tcgplayer-cdn.tcgplayer.com/product/522703_200w.jpg,3,23237,https://cpt.tcgcsv.com/56c6,2023-10-19T14:53:32.35,1,"Each mini tin comes with two booster packs, a metallic Pokemon coin, and “a Pokemon art card showing the art from this Mini Tin — you can collect and combine all ten!”",29.99,37.47,40.95,26.04,,Normal,,,,,,,,,,,
522704,151 Mini Tin [Machamp & Cubone],151 Mini Tin Machamp and Cubone,https://tcgplayer-cdn.tcgplayer.com/product/522704_200w.jpg,3,23237,https://cpt.tcgcsv.com/66c6,2023-10-19T14:53:55.003,1,"Each mini tin comes with two booster packs, a metallic Pokemon coin, and “a Pokemon art card showing the art from this Mini Tin — you can collect and combine all ten!”",27.0,36.0,40.0,26.83,,Normal,,,,,,,,,,,
522705,151 Mini Tin [Magneton & Ekans],151 Mini Tin Magneton and Ekans,https://tcgplayer-cdn.tcgplayer.com/product/522705_200w.jpg,3,23237,https://cpt.tcgcsv.com/76c6,2023-11-24T12:51:40.443,1,"Each mini tin comes with two booster packs, a metallic Pokemon coin, and “a Pokemon art card showing the art from this Mini Tin — you can collect and combine all ten!”",27.0,36.0,40.0,25.56,,Normal,,,,,,,,,,,
522706,151 Mini Tin [Hitmonchan & Meowth],151 Mini Tin Hitmonchan and Meowth,https://tcgplayer-cdn.tcgplayer.com/product/522706_200w.jpg,3,23237,https://cpt.tcgcsv.com/86c6,2023-10-19T14:52:59.293,1,"Each mini tin comes with two booster packs, a metallic Pokemon coin, and “a Pokemon art card showing the art from this Mini Tin — you can collect and combine all ten!”",27.0,34.49,40.0,26.06,,Normal,,,,,,,,,,,
522707,151 Mini Tin [Weezing & Scyther],151 Mini Tin Weezing and Scyther,https://tcgplayer-cdn.tcgplayer.com/product/522707_200w.jpg,3,23237,https://cpt.tcgcsv.com/96c6,2023-10-19T15:01:09.78,1,"Each mini tin comes with two booster packs, a metallic Pokemon coin, and “a Pokemon art card showing the art from this Mini Tin — you can collect and combine all ten!”",30.0,34.95,39.99,26.09,,Normal,,,,,,,,,,,
522708,151 Mini Tin [Slowpoke & Sandshrew],151 Mini Tin Slowpoke and Sandshrew,https://tcgplayer-cdn.tcgplayer.com/product/522708_200w.jpg,3,23237,https://cpt.tcgcsv.com/b6c6,2023-10-19T15:00:50.987,1,"Each mini tin comes with two booster packs, a metallic Pokemon coin, and “a Pokemon art card showing the art from this Mini Tin — you can collect and combine all ten!”",29.83,34.5,40.0,26.92,,Normal,,,,,,,,,,,
528030,151 Pokemon Center Elite Trainer Box (Exclusive) Case,151 Pokemon Center Elite Trainer Box Exclusive Case,https://tcgplayer-cdn.tcgplayer.com/product/528030_200w.jpg,3,23237,https://cpt.tcgcsv.com/Ddf6,2025-04-03T15:35:32.277,1,"The Pokémon TCG: Scarlet & Violet — 151 Pokémon Center Elite Trainer Box Case contains 4 151 Pokemon Center Elite Trainer Boxes.
<br><br>The Pokémon TCG: Scarlet & Violet — 151 Pokémon Center Elite Trainer Box includes:
<br>• 11 Pokémon TCG: Scarlet & Violet—151 booster packs
<br>• Each booster pack contains 10 cards and 1 Basic Energy. Cards vary by pack.
<br>• 1 full-art foil promo card featuring Snorlax with a Pokémon Center logo
<br>• 1 full-art foil promo card featuring Snorlax
<br>• 65 card sleeves
<br>• 45 Pokémon TCG Energy cards
<br>• A player’s guide to the Scarlet & Violet—151 expansion
<br>• 6 damage-counter dice
<br>• 1 competition-legal coin-flip die
<br>• 2 plastic condition markers
<br>• A collector’s box to hold everything, with 4 dividers to keep it organized
<br>• A code card for Pokémon Trading Card Game Live",3998.0,4999.5,15000.0,3936.92,,Normal,,,,,,,,,,,820650873157
530105,151 Booster Bundle Bulk Case,151 Booster Bundle Bulk Case,https://tcgplayer-cdn.tcgplayer.com/product/530105_200w.jpg,3,23237,https://cpt.tcgcsv.com/73g6,2025-05-07T15:14:30.797,1,"Each sealed case contains 25 Booster Bundles.
<br>Each Booster Bundle contains six booster packs from Pokémon TCG: 151 (150 Packs total)",3311.99,3989.89,9999.9,2649.67,,Normal,,,,,,,,,,,0820650873218
531960,Code Card - 151 Pokemon Center Elite Trainer Box (Exclusive),Code Card 151 Pokemon Center Elite Trainer Box Exclusive,https://tcgplayer-cdn.tcgplayer.com/product/531960_200w.jpg,3,23237,https://cpt.tcgcsv.com/dPg6,2024-01-03T21:48:59.337,1,"This listing is <strong>not</strong> a physical item. Please keep in mind that this <strong>Code Card</strong> listing represents a digital copy of the stated item for the Pokémon TCG Online <strong>and/or</strong> the Pokémon TCG Live games. You may receive the physical <strong>Code Card</strong>. Upon purchase, please work with your specific Seller by sending them a message using the <strong>Contact Seller</strong> button on the order details in your <a href=https://store.tcgplayer.com/myaccount/orderhistory>Order History</a> to opt in to having your <strong>Code Card</strong> code delivered digitally due to the nature of the product.",9.0,9.0,9.0,8.03,,Normal,,Code Card,,,,,,,,,
531961,Code Card - 151: Zapdos ex Collection,Code Card 151 Zapdos ex Collection,https://tcgplayer-cdn.tcgplayer.com/product/531961_200w.jpg,3,23237,https://cpt.tcgcsv.com/fPg6,2024-01-03T21:49:06.783,1,"This listing is <strong>not</strong> a physical item. Please keep in mind that this <strong>Code Card</strong> listing represents a digital copy of the stated item for the Pokémon TCG Online <strong>and/or</strong> the Pokémon TCG Live games. You may receive the physical <strong>Code Card</strong>. Upon purchase, please work with your specific Seller by sending them a message using the <strong>Contact Seller</strong> button on the order details in your <a href=https://store.tcgplayer.com/myaccount/orderhistory>Order History</a> to opt in to having your <strong>Code Card</strong> code delivered digitally due to the nature of the product.",0.03,0.14,1.0,0.11,,Normal,,Code Card,,,,,,,,,
531962,Code Card - 151: Alakazam ex Collection,Code Card 151 Alakazam ex Collection,https://tcgplayer-cdn.tcgplayer.com/product/531962_200w.jpg,3,23237,https://cpt.tcgcsv.com/gPg6,2024-01-03T21:49:13.71,1,"This listing is <strong>not</strong> a physical item. Please keep in mind that this <strong>Code Card</strong> listing represents a digital copy of the stated item for the Pokémon TCG Online <strong>and/or</strong> the Pokémon TCG Live games. You may receive the physical <strong>Code Card</strong>. Upon purchase, please work with your specific Seller by sending them a message using the <strong>Contact Seller</strong> button on the order details in your <a href=https://store.tcgplayer.com/myaccount/orderhistory>Order History</a> to opt in to having your <strong>Code Card</strong> code delivered digitally due to the nature of the product.",0.01,0.11,1.0,0.07,,Normal,,Code Card,,,,,,,,,
662302,Sam's Club 151 (4 Mini Tins + 4 Promo Cards Bundle),Sams Club 151 4 Mini Tins plus 4 Promo Cards Bundle,https://tcgplayer-cdn.tcgplayer.com/product/662302_200w.jpg,3,23237,https://cpt.tcgcsv.com/3Xj7,2025-11-05T15:13:27.357,1,"Pokémon Favorites in the Palm of Your Hand!<br>
In each Pokémon TCG: Scarlet & Violet-151 Mini Tin, you'll find: 2 Pokémon TCG: Scarlet & Violet-151 booster packs 1 cool coin featuring an Energy symbol A Pokémon art card showing the art from this Mini Tin-you can collect and combine all 10!<br>
You'll also get a handful of foil cards featuring:<br>
• Raichu<br>
• Machamp<br>
• Gengar<br>
• Dragonite",124.0,149.99,179.99,112.91,,Normal,,,,,,,,,,,0196214134478
668357,151 Mini Tin Display Case,151 Mini Tin Display Case,https://tcgplayer-cdn.tcgplayer.com/product/668357_200w.jpg,3,23237,https://cpt.tcgcsv.com/9mm7,2025-12-08T17:35:08.983,0,"<strong> Case contains 4 151 Mini Tin Displays</strong><br>

Each display 1 of each of the 151 Mini Tin designs (for a total of 10). Each tin contains 2 booster packs, 1 metallic coin, and a Pokémon art card.",2949.94,2949.95,2949.99,,,Normal,,,,,,,,,,,
