productId,name,cleanName,imageUrl,categoryId,groupId,url,modifiedOn,imageCount,extCardText,extUPC,lowPrice,midPrice,highPrice,marketPrice,directLowPrice,subTypeName,extNumber,extRarity,extCardType,extHP,extStage,extAttack1,extWeakness,extResistance,extRetreatCost,extAttack2
565599,Surging Sparks Build & Battle Box,Surging Sparks Build and Battle Box,https://tcgplayer-cdn.tcgplayer.com/product/565599_200w.jpg,3,23651,https://cpt.tcgcsv.com/_fx6,2024-12-23T20:27:39.373,1,"A Growing Storm of Stellar Strength!<br>
Terawatts of electricity crash down from the sky in a tropical paradise, setting the stage for the supercharged Pikachu ex! With the power of a Stellar Tera Pokémon ex, it lights up the shoreline, revealing a parade of dragon Pokémon led by the towering Alolan Exeggutor ex! Archaludon ex and Latias ex round out the horde, while new ACE SPEC cards and more new Pokémon ex bring surprises of their own. Currents crackle and dragons roar in the Pokémon TCG: Scarlet & Violet—Surging Sparks expansion!
<br><br>
Product details:<br>
• A 40-card ready-to-play deck, including 1 of 4 unique foil promo cards<br>
• 4 Pokémon TCG: Scarlet & Violet—Surging Sparks booster packs<br>
• A code card for Pokémon TCG Live<br>",0820650859571,48.99,65.0,150.0,47.88,,Normal,,,,,,,,,,
565600,Surging Sparks Build & Battle Box Display,Surging Sparks Build and Battle Box Display,https://tcgplayer-cdn.tcgplayer.com/product/565600_200w.jpg,3,23651,https://cpt.tcgcsv.com/0gx6,2024-12-23T20:30:16.367,1,"Each display contains 10 Surging Sparks Build and Battle Boxes.<br>
A Growing Storm of Stellar Strength!<br>
Terawatts of electricity crash down from the sky in a tropical paradise, setting the stage for the supercharged Pikachu ex! With the power of a Stellar Tera Pokémon ex, it lights up the shoreline, revealing a parade of dragon Pokémon led by the towering Alolan Exeggutor ex! Archaludon ex and Latias ex round out the horde, while new ACE SPEC cards and more new Pokémon ex bring surprises of their own. Currents crackle and dragons roar in the Pokémon TCG: Scarlet & Violet—Surging Sparks expansion!
<br><br>

Product Details:
• A 40-card ready-to-play deck, including 1 of 4 unique foil promo cards
• 4 Pokémon TCG: Scarlet & Violet—Surging Sparks booster packs
• A code card for Pokémon TCG Live",0820650869570,444.0,468.0,596.99,420.69,,Normal,,,,,,,,,,
565602,Surging Sparks Sleeved Booster Pack,Surging Sparks Sleeved Booster Pack,https://tcgplayer-cdn.tcgplayer.com/product/565602_200w.jpg,3,23651,https://cpt.tcgcsv.com/3gx6,2024-11-08T05:09:13.36,1,"A Growing Storm of Stellar Strength! <br>
Terawatts of electricity crash down from the sky in a tropical paradise, setting the stage for the supercharged Pikachu ex! With the power of a Stellar Tera Pokémon ex, it lights up the shoreline, revealing a parade of dragon Pokémon led by the towering Alolan Exeggutor ex! Archaludon ex and Latias ex round out the horde, while new ACE SPEC cards and more new Pokémon ex bring surprises of their own. Currents crackle and dragons roar in the Pokémon TCG: Scarlet & Violet—Surging Sparks expansion!<BR><BR>

Product details: <br>
• Each Surging Sparks sleeved booster pack contains 10 random cards.",0820650859328,6.5,8.96,16.0,7.65,,Normal,,,,,,,,,,
565603,Surging Sparks Sleeved Booster Pack Bundle [Set of 4],Surging Sparks Sleeved Booster Pack Bundle Set of 4,https://tcgplayer-cdn.tcgplayer.com/product/565603_200w.jpg,3,23651,https://cpt.tcgcsv.com/5gx6,2025-05-21T19:14:29.01,1,"A Growing Storm of Stellar Strength!<br>
Terawatts of electricity crash down from the sky in a tropical paradise, setting the stage for the supercharged Pikachu ex! With the power of a Stellar Tera Pokémon ex, it lights up the shoreline, revealing a parade of dragon Pokémon led by the towering Alolan Exeggutor ex! Archaludon ex and Latias ex round out the horde, while new ACE SPEC cards and more new Pokémon ex bring surprises of their own. Currents crackle and dragons roar in the Pokémon TCG: Scarlet & Violet—Surging Sparks expansion! <br><br>
Collect 4 bundled packs for Surging Spark.
<br>Each Surging Sparks Sleeved Booster Pack contains 10 random cards.",,31.85,36.95,65.0,29.65,,Normal,,,,,,,,,,
565604,Surging Sparks Booster Pack,Surging Sparks Booster Pack,https://tcgplayer-cdn.tcgplayer.com/product/565604_200w.jpg,3,23651,https://cpt.tcgcsv.com/6gx6,2024-11-13T21:09:59.76,1,"A Growing Storm of Stellar Strength! <br>
Terawatts of electricity crash down from the sky in a tropical paradise, setting the stage for the supercharged Pikachu ex! With the power of a Stellar Tera Pokémon ex, it lights up the shoreline, revealing a parade of dragon Pokémon led by the towering Alolan Exeggutor ex! Archaludon ex and Latias ex round out the horde, while new ACE SPEC cards and more new Pokémon ex bring surprises of their own. Currents crackle and dragons roar in the Pokémon TCG: Scarlet & Violet—Surging Sparks expansion! <br><BR>

Product details:
• Each pack contains 10 random cards",0820650413124,4.5,7.0,9999.0,5.94,,Normal,,,,,,,,,,
565605,Surging Sparks Booster Pack Art Bundle [Set of 4],Surging Sparks Booster Pack Art Bundle Set of 4,https://tcgplayer-cdn.tcgplayer.com/product/565605_200w.jpg,3,23651,https://cpt.tcgcsv.com/7gx6,2024-11-08T05:09:13.36,1,"A Growing Storm of Stellar Strength!<br>
Terawatts of electricity crash down from the sky in a tropical paradise, setting the stage for the supercharged Pikachu ex! With the power of a Stellar Tera Pokémon ex, it lights up the shoreline, revealing a parade of dragon Pokémon led by the towering Alolan Exeggutor ex! Archaludon ex and Latias ex round out the horde, while new ACE SPEC cards and more new Pokémon ex bring surprises of their own. Currents crackle and dragons roar in the Pokémon TCG: Scarlet & Violet—Surging Sparks expansion! <br><br>

Collect each of the 4 unique art packs for Surging Sparks.
<br>Each Surging Sparks booster pack contains 10 random cards.",,24.0,26.87,32.45,24.96,,Normal,,,,,,,,,,
565606,Surging Sparks Booster Box,Surging Sparks Booster Box,https://tcgplayer-cdn.tcgplayer.com/product/565606_200w.jpg,3,23651,https://cpt.tcgcsv.com/8gx6,2025-05-21T19:13:16.737,1,"A Growing Storm of Stellar Strength!<br>
Terawatts of electricity crash down from the sky in a tropical paradise, setting the stage for the supercharged Pikachu ex! With the power of a Stellar Tera Pokémon ex, it lights up the shoreline, revealing a parade of dragon Pokémon led by the towering Alolan Exeggutor ex! Archaludon ex and Latias ex round out the horde, while new ACE SPEC cards and more new Pokémon ex bring surprises of their own. Currents crackle and dragons roar in the Pokémon TCG: Scarlet & Violet—Surging Sparks expansion! <br><br>

Each Surging Sparks booster display contains 36 booster packs.<br> <em>(Each booster pack contains 10 cards and 1 Basic Energy. Cards vary by pack.)</em>
• Over 250 cards<br>
• More than a dozen new Pokémon ex<br>
• More new ACE SPEC cards<br>
• More than 20 Trainer cards<br>
• More than 50 Pokémon and Trainer cards with special illustrations<br>",0820650423123,230.0,319.99,4999.99,251.87,,Normal,,,,,,,,,,
565629,Surging Sparks Booster Bundle,Surging Sparks Booster Bundle,https://tcgplayer-cdn.tcgplayer.com/product/565629_200w.jpg,3,23651,https://cpt.tcgcsv.com/Cgx6,2025-03-14T20:32:43.993,1,"A Growing Storm of Stellar Strength!
Terawatts of electricity crash down from the sky in a tropical paradise, setting the stage for the supercharged Pikachu ex! With the power of a Stellar Tera Pokémon ex, it lights up the shoreline, revealing a parade of dragon Pokémon led by the towering Alolan Exeggutor ex! Archaludon ex and Latias ex round out the horde, while new ACE SPEC cards and more new Pokémon ex bring surprises of their own. Currents crackle and dragons roar in the Pokémon TCG: Scarlet & Violet—Surging Sparks expansion!<br>
• Over 250 cards<br>
• 8 ACE SPEC cards<br>
• 8 Stellar Tera Pokémon ex and 9 Tera Pokémon ex<br>
• 23 illustration rare Pokémon<br>
• 11 special illustration rare Pokémon and Supporter cards<br>
• 6 hyper rare gold etched cards<br>
• Electrifying Lightning-type Pokémon<br>
<br><br>
Includes: <br>
• 6 Pokémon TCG: Scarlet & Violet—Surging Sparks booster packs
<br><br><em>(Pokemon TCG booster packs and contents vary by product.)</em>",0820650859915,31.0,45.0,999.0,41.75,,Normal,,,,,,,,,,
565630,Surging Sparks Elite Trainer Box,Surging Sparks Elite Trainer Box,https://tcgplayer-cdn.tcgplayer.com/product/565630_200w.jpg,3,23651,https://cpt.tcgcsv.com/Dgx6,2024-11-08T05:09:13.36,2,"A Growing Storm of Stellar Strength!<br>
Terawatts of electricity crash down from the sky in a tropical paradise, setting the stage for the supercharged Pikachu ex! With the power of a Stellar Tera Pokémon ex, it lights up the shoreline, revealing a parade of dragon Pokémon led by the towering Alolan Exeggutor ex! Archaludon ex and Latias ex round out the horde, while new ACE SPEC cards and more new Pokémon ex bring surprises of their own. Currents crackle and dragons roar in the Pokémon TCG: Scarlet & Violet—Surging Sparks expansion!<br><br>

The Pokémon TCG: Scarlet & Violet—Surging Sparks Elite Trainer Box includes:<br>
• 9 Pokémon TCG: Scarlet & Violet—Surging Sparks booster packs<br>
• 1 full-art foil promo card featuring Magneton<br>
• 65 card sleeves<br>
• 45 Pokémon TCG Energy cards<br>
• A player’s guide to the Scarlet & Violet—Surging Sparks expansion<br>
• 6 damage-counter dice<br>
• 1 competition-legal coin-flip die<br>
• 2 plastic condition markers<br>
• A collector’s box to hold everything, with 4 dividers to keep it organized<br>
• A code card for Pokémon Trading Card Game Live<br>",0820650859526,60.0,82.0,999.99,72.51,,Normal,,,,,,,,,,
565631,Surging Sparks Elite Trainer Box Case,Surging Sparks Elite Trainer Box Case,https://tcgplayer-cdn.tcgplayer.com/product/565631_200w.jpg,3,23651,https://cpt.tcgcsv.com/Fgx6,2024-11-08T05:09:13.36,1,"Each sealed Elite Trainer Box case contains 10 Elite Trainer Boxes.
<br><br>
A Growing Storm of Stellar Strength!<br>
Terawatts of electricity crash down from the sky in a tropical paradise, setting the stage for the supercharged Pikachu ex! With the power of a Stellar Tera Pokémon ex, it lights up the shoreline, revealing a parade of dragon Pokémon led by the towering Alolan Exeggutor ex! Archaludon ex and Latias ex round out the horde, while new ACE SPEC cards and more new Pokémon ex bring surprises of their own. Currents crackle and dragons roar in the Pokémon TCG: Scarlet & Violet—Surging Sparks expansion!<br><br>

The Pokémon TCG: Scarlet & Violet—Surging Sparks Elite Trainer Box includes:<br>
• 9 Pokémon TCG: Scarlet & Violet—Surging Sparks booster packs<br>
• 1 full-art foil promo card featuring Magneton<br>
• 65 card sleeves<br>
• 45 Pokémon TCG Energy cards<br>
• A player’s guide to the Scarlet & Violet—Surging Sparks expansion<br>
• 6 damage-counter dice<br>
• 1 competition-legal coin-flip die<br>
• 2 plastic condition markers<br>
• A collector’s box to hold everything, with 4 dividers to keep it organized<br>
• A code card for Pokémon Trading Card Game Live<br>",0820650879524,749.45,905.0,1499.0,737.86,,Normal,,,,,,,,,,
565632,Surging Sparks Pokemon Center Elite Trainer Box (Exclusive),Surging Sparks Pokemon Center Elite Trainer Box Exclusive,https://tcgplayer-cdn.tcgplayer.com/product/565632_200w.jpg,3,23651,https://cpt.tcgcsv.com/Ggx6,2024-11-08T05:09:13.36,2,"A Growing Storm of Stellar Strength!<br>
Terawatts of electricity crash down from the sky in a tropical paradise, setting the stage for the supercharged Pikachu ex! With the power of a Stellar Tera Pokémon ex, it lights up the shoreline, revealing a parade of dragon Pokémon led by the towering Alolan Exeggutor ex! Archaludon ex and Latias ex round out the horde, while new ACE SPEC cards and more new Pokémon ex bring surprises of their own. Currents crackle and dragons roar in the Pokémon TCG: Scarlet & Violet—Surging Sparks expansion.<br><br>

The Pokémon TCG: Scarlet & Violet—Surging Sparks Pokémon Center Elite Trainer Box includes:<br>
•11 Pokémon TCG: Scarlet & Violet—Surging Sparks booster packs<br>
       •Each booster pack contains 10 cards and 1 Basic Energy. Cards vary by pack.<br>
• 1 full-art foil promo card featuring Magneton with a Pokémon Center logo<br>
• 1 full-art foil promo card featuring Magneton<br>
• 65 card sleeves<br>
• 45 Pokémon TCG Energy cards<br>
• A player’s guide to the Scarlet & Violet—Surging Sparks expansion
6 damage-counter dice<br>
• 1 competition-legal coin-flip die<br>
• 2 plastic condition markers<br>
• A box to hold everything, with 4 dividers to keep it organized<br>
• A code card for Pokémon Trading Card Game Live<br>",,185.0,274.99,4998.0,195.26,,Normal,,,,,,,,,,
565633,Surging Sparks Pokemon Center Elite Trainer Box (Exclusive) Case,Surging Sparks Pokemon Center Elite Trainer Box Exclusive Case,https://tcgplayer-cdn.tcgplayer.com/product/565633_200w.jpg,3,23651,https://cpt.tcgcsv.com/Hgx6,2024-11-08T05:09:13.36,1,"Each Surging Sparks Pokemon Center Exclusive Elite Trainer Box Case contains 4 boxes.<br><br>
A Growing Storm of Stellar Strength!<br>
Terawatts of electricity crash down from the sky in a tropical paradise, setting the stage for the supercharged Pikachu ex! With the power of a Stellar Tera Pokémon ex, it lights up the shoreline, revealing a parade of dragon Pokémon led by the towering Alolan Exeggutor ex! Archaludon ex and Latias ex round out the horde, while new ACE SPEC cards and more new Pokémon ex bring surprises of their own. Currents crackle and dragons roar in the Pokémon TCG: Scarlet & Violet—Surging Sparks expansion!
<br><br>
The Pokémon TCG: Scarlet & Violet—Surging Sparks Pokémon Center Elite Trainer Box includes:<br>
• 11 Pokémon TCG: Scarlet & Violet—Surging Sparks booster packs<br>
        •Each booster pack contains 10 cards and 1 Basic Energy. Cards vary by pack.<br>
• 1 full-art foil promo card featuring Magneton with a Pokémon Center logo<br>
• 1 full-art foil promo card featuring Magneton<br>
• 65 card sleeves<br>
• 45 Pokémon TCG Energy cards<br>
• A player’s guide to the Scarlet & Violet—Surging Sparks expansion<br>
• 6 damage-counter dice<br>
• 1 competition-legal coin-flip die<br>
• 2 plastic condition markers<br>
• A box to hold everything, with 4 dividers to keep it organized<br>
• A code card for Pokémon Trading Card Game Live<br>",,1015.0,1214.92,5000.0,1025.23,,Normal,,,,,,,,,,
565634,Surging Sparks 3 Pack Blisters [Zapdos],Surging Sparks 3 Pack Blisters Zapdos,https://tcgplayer-cdn.tcgplayer.com/product/565634_200w.jpg,3,23651,https://cpt.tcgcsv.com/Jgx6,2025-05-21T19:13:09.71,1,"A Growing Storm of Stellar Strength!<br>
Terawatts of electricity crash down from the sky in a tropical paradise, setting the stage for the supercharged Pikachu ex! With the power of a Stellar Tera Pokémon ex, it lights up the shoreline, revealing a parade of dragon Pokémon led by the towering Alolan Exeggutor ex! Archaludon ex and Latias ex round out the horde, while new ACE SPEC cards and more new Pokémon ex bring surprises of their own. Currents crackle and dragons roar in the Pokémon TCG: Scarlet & Violet—Surging Sparks expansion! <br><br>
Each blister contains:
• 3 Surging Sparks booster packs<br>
       • Each booster contains 10 random cards<br>
• 1 foil promotional card of Zapdos",0820650859380,16.0,29.98,50.0,28.06,,Normal,,,,,,,,,,
565635,Surging Sparks 3 Pack Blisters [Quagsire],Surging Sparks 3 Pack Blisters Quagsire,https://tcgplayer-cdn.tcgplayer.com/product/565635_200w.jpg,3,23651,https://cpt.tcgcsv.com/Kgx6,2025-05-21T19:13:03.107,1,"A Growing Storm of Stellar Strength!<br>
Terawatts of electricity crash down from the sky in a tropical paradise, setting the stage for the supercharged Pikachu ex! With the power of a Stellar Tera Pokémon ex, it lights up the shoreline, revealing a parade of dragon Pokémon led by the towering Alolan Exeggutor ex! Archaludon ex and Latias ex round out the horde, while new ACE SPEC cards and more new Pokémon ex bring surprises of their own. Currents crackle and dragons roar in the Pokémon TCG: Scarlet & Violet—Surging Sparks expansion! <br><br>

Each blister contains:
• 3 Surging Sparks booster packs<br>
       • Each booster contains 10 random cards<br>
• 1 foil promotional card of Quagsire",0820650859380,23.96,30.13,59.99,30.49,,Normal,,,,,,,,,,
565636,Surging Sparks Single Pack Blister [Wooper],Surging Sparks Single Pack Blister Wooper,https://tcgplayer-cdn.tcgplayer.com/product/565636_200w.jpg,3,23651,https://cpt.tcgcsv.com/Lgx6,2025-01-22T12:30:25.67,1,"A Growing Storm of Stellar Strength!<br>
Terawatts of electricity crash down from the sky in a tropical paradise, setting the stage for the supercharged Pikachu ex! With the power of a Stellar Tera Pokémon ex, it lights up the shoreline, revealing a parade of dragon Pokémon led by the towering Alolan Exeggutor ex! Archaludon ex and Latias ex round out the horde, while new ACE SPEC cards and more new Pokémon ex bring surprises of their own. Currents crackle and dragons roar in the Pokémon TCG: Scarlet & Violet—Surging Sparks expansion!
<br>Each blister contains 1 Surging Sparks booster pack, a coin, and a promotional card of Wooper.",0820650853319,12.72,18.06,21.99,15.01,,Normal,,,,,,,,,,
565637,Surging Sparks Single Pack Blister [Pachirisu],Surging Sparks Single Pack Blister Pachirisu,https://tcgplayer-cdn.tcgplayer.com/product/565637_200w.jpg,3,23651,https://cpt.tcgcsv.com/Mgx6,2025-01-23T18:39:17.133,1,"A Growing Storm of Stellar Strength!<br>
Terawatts of electricity crash down from the sky in a tropical paradise, setting the stage for the supercharged Pikachu ex! With the power of a Stellar Tera Pokémon ex, it lights up the shoreline, revealing a parade of dragon Pokémon led by the towering Alolan Exeggutor ex! Archaludon ex and Latias ex round out the horde, while new ACE SPEC cards and more new Pokémon ex bring surprises of their own. Currents crackle and dragons roar in the Pokémon TCG: Scarlet & Violet—Surging Sparks expansion!
<br>Each blister contains 1 Surging Sparks booster pack, a coin, and a promotional card of Parchirisu.",0820650853319,10.89,17.42,21.99,13.47,,Normal,,,,,,,,,,
565638,Surging Sparks Premium Checklane Blister [Alakazam],Surging Sparks Premium Checklane Blister Alakazam,https://tcgplayer-cdn.tcgplayer.com/product/565638_200w.jpg,3,23651,https://cpt.tcgcsv.com/Ngx6,2024-12-11T16:02:48.643,1,"A Growing Storm of Stellar Strength!<br>
Terawatts of electricity crash down from the sky in a tropical paradise, setting the stage for the supercharged Pikachu ex! With the power of a Stellar Tera Pokémon ex, it lights up the shoreline, revealing a parade of dragon Pokémon led by the towering Alolan Exeggutor ex! Archaludon ex and Latias ex round out the horde, while new ACE SPEC cards and more new Pokémon ex bring surprises of their own. Currents crackle and dragons roar in the Pokémon TCG: Scarlet & Violet—Surging Sparks expansion!<br><br>

Product details: <br>
• 1 Surging Sparks booster pack<br>
• TCGO Code<br>
* Coin<br>
• 3 cards with an evolution line",,32.0,38.5,44.99,27.16,,Normal,,,,,,,,,,
565639,Surging Sparks Premium Checklane Blister [Chandelure],Surging Sparks Premium Checklane Blister Chandelure,https://tcgplayer-cdn.tcgplayer.com/product/565639_200w.jpg,3,23651,https://cpt.tcgcsv.com/Pgx6,2024-12-11T16:02:37.147,1,"A Growing Storm of Stellar Strength!<br>
Terawatts of electricity crash down from the sky in a tropical paradise, setting the stage for the supercharged Pikachu ex! With the power of a Stellar Tera Pokémon ex, it lights up the shoreline, revealing a parade of dragon Pokémon led by the towering Alolan Exeggutor ex! Archaludon ex and Latias ex round out the horde, while new ACE SPEC cards and more new Pokémon ex bring surprises of their own. Currents crackle and dragons roar in the Pokémon TCG: Scarlet & Violet—Surging Sparks expansion!<br><br>

Product details: <br>
• 1 Surging Sparks booster pack<br>
• TCGO Code<br>
* Coin<br>
• 3 cards with an evolution line",,18.98,31.99,44.99,18.99,,Normal,,,,,,,,,,
580708,Surging Sparks Booster Box Case,Surging Sparks Booster Box Case,https://tcgplayer-cdn.tcgplayer.com/product/580708_200w.jpg,3,23651,https://cpt.tcgcsv.com/bjG6,2024-11-08T05:09:13.36,1,"Each sealed booster box case contains 6 booster boxes of 36 booster packs. <em>(Each pack contains 10 random cards)</em>
<br>
A Growing Storm of Stellar Strength!
Terawatts of electricity crash down from the sky in a tropical paradise, setting the stage for the supercharged Pikachu ex! With the power of a Stellar Tera Pokémon ex, it lights up the shoreline, revealing a parade of dragon Pokémon led by the towering Alolan Exeggutor ex! Archaludon ex and Latias ex round out the horde, while new ACE SPEC cards and more new Pokémon ex bring surprises of their own. Currents crackle and dragons roar in the Pokémon TCG: Scarlet & Violet—Surging Sparks expansion!",0820650433122,1572.0,1999.99,10000.0,1554.49,,Normal,,,,,,,,,,
589855,Alolan Diglett,Alolan Diglett,https://tcgplayer-cdn.tcgplayer.com/product/589855_200w.jpg,3,23651,https://cpt.tcgcsv.com/7ZK6,2025-10-22T19:26:18.317,1,,,0.01,0.1,19.98,0.06,0.03,Normal,122/191,Common,Metal,50,Basic,"Surprise Attack (30)<br> Flip a coin. If tails, this attack does nothing.",Rx2,G-30,1,
589855,Alolan Diglett,Alolan Diglett,https://tcgplayer-cdn.tcgplayer.com/product/589855_200w.jpg,3,23651,https://cpt.tcgcsv.com/7ZK6,2025-10-22T19:26:18.317,1,,,0.01,0.15,2.16,0.14,0.1,Reverse Holofoil,122/191,Common,Metal,50,Basic,"Surprise Attack (30)<br> Flip a coin. If tails, this attack does nothing.",Rx2,G-30,1,
589856,Alolan Dugtrio - 123/191,Alolan Dugtrio 123 191,https://tcgplayer-cdn.tcgplayer.com/product/589856_200w.jpg,3,23651,https://cpt.tcgcsv.com/8ZK6,2025-10-14T20:56:17.723,1,,,0.01,0.1,5.0,0.06,0.03,Normal,123/191,Uncommon,Metal,110,Stage 1,"Trio-Cheehoo (120)<br> If you don't have exactly 3 cards in your hand, this attack does nothing.",Rx2,G-30,2,
589856,Alolan Dugtrio - 123/191,Alolan Dugtrio 123 191,https://tcgplayer-cdn.tcgplayer.com/product/589856_200w.jpg,3,23651,https://cpt.tcgcsv.com/8ZK6,2025-10-14T20:56:17.723,1,,,0.01,0.21,2.19,0.18,0.25,Reverse Holofoil,123/191,Uncommon,Metal,110,Stage 1,"Trio-Cheehoo (120)<br> If you don't have exactly 3 cards in your hand, this attack does nothing.",Rx2,G-30,2,
589857,Alolan Dugtrio - 208/191,Alolan Dugtrio 208 191,https://tcgplayer-cdn.tcgplayer.com/product/589857_200w.jpg,3,23651,https://cpt.tcgcsv.com/9ZK6,2025-08-07T12:23:32.89,1,,,3.5,5.31,40.0,4.88,4.39,Holofoil,208/191,Illustration Rare,Metal,110,Stage 1,"Trio-Cheehoo (120)<br> If you don't have exactly 3 cards in your hand, this attack does nothing.",Rx2,G-30,2,
589858,Alolan Exeggutor ex - 133/191,Alolan Exeggutor ex 133 191,https://tcgplayer-cdn.tcgplayer.com/product/589858_200w.jpg,3,23651,https://cpt.tcgcsv.com/bZK6,2025-12-09T03:21:57.7,1,,,0.17,0.75,65.0,0.53,0.64,Holofoil,133/191,Double Rare,Dragon,300,Stage 1,[GW] Tropical Frenzy (150)<br> You may attach any number of Basic Energy cards from your hand to your Pokemon in any way you like.,,,3,"[GWF] Swinging Sphene<br> Flip a coin. If heads, Knock Out your opponent's Active Basic Pokemon. If tails, Knock Out 1 of your opponent's Benched Basic Pokemon."
589859,Alolan Exeggutor ex - 225/191,Alolan Exeggutor ex 225 191,https://tcgplayer-cdn.tcgplayer.com/product/589859_200w.jpg,3,23651,https://cpt.tcgcsv.com/cZK6,2025-08-07T12:23:32.987,1,,,1.1,1.99,18.0,1.43,1.61,Holofoil,225/191,Ultra Rare,Dragon,300,Stage 1,[GW] Tropical Frenzy (150)<br> You may attach any number of Basic Energy cards from your hand to your Pokemon in any way you like.,,,3,"[GWF] Swinging Sphene<br> Flip a coin. If heads, Knock Out your opponent's Active Basic Pokemon. If tails, Knock Out 1 of your opponent's Benched Basic Pokemon."
589860,Alolan Exeggutor ex - 242/191,Alolan Exeggutor ex 242 191,https://tcgplayer-cdn.tcgplayer.com/product/589860_200w.jpg,3,23651,https://cpt.tcgcsv.com/dZK6,2025-08-07T12:23:33.05,1,,,23.56,30.52,127.69,27.73,,Holofoil,242/191,Special Illustration Rare,Dragon,300,Stage 1,[GW] Tropical Frenzy (150)<br> You may attach any number of Basic Energy cards from your hand to your Pokemon in any way you like.,,,3,"[GWF] Swinging Sphene<br> Flip a coin. If heads, Knock Out your opponent's Active Basic Pokemon. If tails, Knock Out 1 of your opponent's Benched Basic Pokemon."
589861,Altaria,Altaria,https://tcgplayer-cdn.tcgplayer.com/product/589861_200w.jpg,3,23651,https://cpt.tcgcsv.com/fZK6,2025-08-07T12:23:33.1,1,,,0.02,0.21,2.18,0.2,0.25,Reverse Holofoil,134/191,Uncommon,Dragon,120,Stage 1,"[W] Humming Charge<br> Search your deck for up to 2 Basic Energy cards and attach them to your Pokemon in any way you like. Then, shuffle your deck.",,,1,"[WM] Cotton Wings (100)<br> Flip a coin. If heads, during your opponent's next turn, prevent all damage done to this Pokemon by attacks."
589861,Altaria,Altaria,https://tcgplayer-cdn.tcgplayer.com/product/589861_200w.jpg,3,23651,https://cpt.tcgcsv.com/fZK6,2025-08-07T12:23:33.1,1,,,0.01,0.1,2.06,0.04,0.05,Normal,134/191,Uncommon,Dragon,120,Stage 1,"[W] Humming Charge<br> Search your deck for up to 2 Basic Energy cards and attach them to your Pokemon in any way you like. Then, shuffle your deck.",,,1,"[WM] Cotton Wings (100)<br> Flip a coin. If heads, during your opponent's next turn, prevent all damage done to this Pokemon by attacks."
589862,Amulet of Hope,Amulet of Hope,https://tcgplayer-cdn.tcgplayer.com/product/589862_200w.jpg,3,23651,https://cpt.tcgcsv.com/gZK6,2025-08-07T12:23:33.147,1,"If the Pokémon this card is attached to is Knocked Out by damage from an attack from your opponent's Pokémon, search your deck for up to 3 cards and put them into your hand. Then, shuffle your deck.",,0.07,0.44,30.0,0.31,0.33,Holofoil,162/191,ACE SPEC Rare,Trainer - Pokemon Tool,,,,,,,
589863,Annihilape,Annihilape,https://tcgplayer-cdn.tcgplayer.com/product/589863_200w.jpg,3,23651,https://cpt.tcgcsv.com/hZK6,2025-08-07T12:23:33.193,1,,,0.01,0.1,20.0,0.05,0.05,Normal,100/191,Uncommon,Fighting,140,Stage 2,[F] Tantrum (130)<br> This Pokemon is now Confused.,Px2,,2,[FC] Destined Fight<br> Both Active Pokemon are Knocked Out.
589863,Annihilape,Annihilape,https://tcgplayer-cdn.tcgplayer.com/product/589863_200w.jpg,3,23651,https://cpt.tcgcsv.com/hZK6,2025-08-07T12:23:33.193,1,,,0.05,0.21,2.15,0.15,0.2,Reverse Holofoil,100/191,Uncommon,Fighting,140,Stage 2,[F] Tantrum (130)<br> This Pokemon is now Confused.,Px2,,2,[FC] Destined Fight<br> Both Active Pokemon are Knocked Out.
589864,Appletun - 140/191,Appletun 140 191,https://tcgplayer-cdn.tcgplayer.com/product/589864_200w.jpg,3,23651,https://cpt.tcgcsv.com/jZK6,2025-12-11T01:49:08.103,1,,,0.01,0.2,10.0,0.19,0.21,Reverse Holofoil,140/191,Uncommon,Dragon,90,Stage 1,"[CC] Melting Sweetness (50)<br> During your opponent's next turn, the Defending Pokemon can't attack.",,,3,[GR] Wild Tackle (130)<br> This Pokemon also does 20 damage to itself.
589864,Appletun - 140/191,Appletun 140 191,https://tcgplayer-cdn.tcgplayer.com/product/589864_200w.jpg,3,23651,https://cpt.tcgcsv.com/jZK6,2025-12-11T01:49:08.103,1,,,0.01,0.1,2.05,0.05,0.03,Normal,140/191,Uncommon,Dragon,90,Stage 1,"[CC] Melting Sweetness (50)<br> During your opponent's next turn, the Defending Pokemon can't attack.",,,3,[GR] Wild Tackle (130)<br> This Pokemon also does 20 damage to itself.
589865,Appletun - 211/191,Appletun 211 191,https://tcgplayer-cdn.tcgplayer.com/product/589865_200w.jpg,3,23651,https://cpt.tcgcsv.com/kZK6,2025-08-07T12:23:33.287,1,,,3.0,4.51,25.0,3.74,,Holofoil,211/191,Illustration Rare,Dragon,90,Stage 1,"[CC] Melting Sweetness (50)<br> During your opponent's next turn, the Defending Pokemon can't attack.",,,3,[GR] Wild Tackle (130)<br> This Pokemon also does 20 damage to itself.
589866,Applin,Applin,https://tcgplayer-cdn.tcgplayer.com/product/589866_200w.jpg,3,23651,https://cpt.tcgcsv.com/lZK6,2025-10-14T20:53:46.73,1,,,0.01,0.11,19.98,0.09,0.09,Normal,138/191,Common,Dragon,40,Basic,[C] Nutrients<br> Heal 30 damage from 1 of your Pokemon.,,,1,"[GR] Trip Over (20+)<br> Flip a coin. If heads, this attack does 30 more damage."
589866,Applin,Applin,https://tcgplayer-cdn.tcgplayer.com/product/589866_200w.jpg,3,23651,https://cpt.tcgcsv.com/lZK6,2025-10-14T20:53:46.73,1,,,0.01,0.16,2.17,0.13,0.14,Reverse Holofoil,138/191,Common,Dragon,40,Basic,[C] Nutrients<br> Heal 30 damage from 1 of your Pokemon.,,,1,"[GR] Trip Over (20+)<br> Flip a coin. If heads, this attack does 30 more damage."
589867,Archaludon ex - 130/191,Archaludon ex 130 191,https://tcgplayer-cdn.tcgplayer.com/product/589867_200w.jpg,3,23651,https://cpt.tcgcsv.com/mZK6,2025-11-29T05:30:28.41,1,"<strong>Ability: Assemble Alloy</strong> When you play this Pokémon from your hand to evolve 1 of your Pokémon during your turn, you may attach up to 2 Basic Metal Energy cards from your discard pile to your Metal Pokémon in any way you like.",,0.09,0.75,16.57,0.35,0.36,Holofoil,130/191,Double Rare,Metal,300,Stage 1,"[MMM] Metal Defender (220)<br> During your opponent's next turn, this Pokemon has no Weakness.",Rx2,G-30,2,
589868,Archaludon ex - 224/191,Archaludon ex 224 191,https://tcgplayer-cdn.tcgplayer.com/product/589868_200w.jpg,3,23651,https://cpt.tcgcsv.com/nZK6,2025-08-07T12:23:33.46,1,"<strong>Ability: Assemble Alloy</strong> When you play this Pokémon from your hand to evolve 1 of your Pokémon during your turn, you may attach up to 2 Basic Metal Energy cards from your discard pile to your Metal Pokémon in any way you like.",,0.57,1.46,50.0,1.0,1.05,Holofoil,224/191,Ultra Rare,Metal,300,Stage 1,"[MMM] Metal Defender (220)<br> During your opponent's next turn, this Pokemon has no Weakness.",Rx2,G-30,2,
589869,Archaludon ex - 241/191,Archaludon ex 241 191,https://tcgplayer-cdn.tcgplayer.com/product/589869_200w.jpg,3,23651,https://cpt.tcgcsv.com/pZK6,2025-08-07T12:23:33.533,1,"<strong>Ability: Assemble Alloy</strong> When you play this Pokémon from your hand to evolve 1 of your Pokémon during your turn, you may attach up to 2 Basic Metal Energy cards from your discard pile to your Metal Pokémon in any way you like.",,8.49,14.0,50.0,11.25,,Holofoil,241/191,Special Illustration Rare,Metal,300,Stage 1,"[MMM] Metal Defender (220)<br> During your opponent's next turn, this Pokemon has no Weakness.",Rx2,G-30,2,
589870,Armarouge,Armarouge,https://tcgplayer-cdn.tcgplayer.com/product/589870_200w.jpg,3,23651,https://cpt.tcgcsv.com/qZK6,2025-12-09T03:24:23.647,1,,,0.05,0.24,2.28,0.25,0.29,Reverse Holofoil,034/191,Uncommon,Fire,140,Stage 1,[CC] Combustion (50),Wx2,,2,"[RRC] Crimson Blaster<br> Discard all Fire Energy from this Pokemon, and this attack does 180 damage to 1 of your opponent's Benched Pokemon. <em>(Don't apply Weakness and Resistance for Benched Pokemon.)</em>"
589870,Armarouge,Armarouge,https://tcgplayer-cdn.tcgplayer.com/product/589870_200w.jpg,3,23651,https://cpt.tcgcsv.com/qZK6,2025-12-09T03:24:23.647,1,,,0.01,0.1,2.06,0.06,0.04,Normal,034/191,Uncommon,Fire,140,Stage 1,[CC] Combustion (50),Wx2,,2,"[RRC] Crimson Blaster<br> Discard all Fire Energy from this Pokemon, and this attack does 180 damage to 1 of your opponent's Benched Pokemon. <em>(Don't apply Weakness and Resistance for Benched Pokemon.)</em>"
589871,Azelf,Azelf,https://tcgplayer-cdn.tcgplayer.com/product/589871_200w.jpg,3,23651,https://cpt.tcgcsv.com/rZK6,2026-01-07T14:53:11.35,1,,,0.01,0.1,20.0,0.06,0.08,Normal,080/191,Common,Psychic,70,Basic,[PC] Neurokinesis (10+)<br> This attack does 10 more damage for each damage counter on all of your opponent's Pokemon.,Dx2,F-30,1,
589871,Azelf,Azelf,https://tcgplayer-cdn.tcgplayer.com/product/589871_200w.jpg,3,23651,https://cpt.tcgcsv.com/rZK6,2026-01-07T14:53:11.35,1,,,0.01,0.24,2.18,0.19,0.23,Reverse Holofoil,080/191,Common,Psychic,70,Basic,[PC] Neurokinesis (10+)<br> This attack does 10 more damage for each damage counter on all of your opponent's Pokemon.,Dx2,F-30,1,
589872,Azumarill,Azumarill,https://tcgplayer-cdn.tcgplayer.com/product/589872_200w.jpg,3,23651,https://cpt.tcgcsv.com/sZK6,2025-10-14T20:51:43.29,1,"<strong>Ability: Glistening Bubbles</strong> If you have any Tera Pokémon in play, this Pokémon can use the Double-Edge attack for Psychic.",,0.01,0.1,20.0,0.04,0.03,Normal,074/191,Uncommon,Psychic,120,Stage 1,[PPPP] Double-Edge (230)<br> This Pokemon also does 50 damage to itself.,Mx2,,2,
589872,Azumarill,Azumarill,https://tcgplayer-cdn.tcgplayer.com/product/589872_200w.jpg,3,23651,https://cpt.tcgcsv.com/sZK6,2025-10-14T20:51:43.29,1,"<strong>Ability: Glistening Bubbles</strong> If you have any Tera Pokémon in play, this Pokémon can use the Double-Edge attack for Psychic.",,0.09,0.24,2.22,0.24,0.29,Reverse Holofoil,074/191,Uncommon,Psychic,120,Stage 1,[PPPP] Double-Edge (230)<br> This Pokemon also does 50 damage to itself.,Mx2,,2,
589873,Babiri Berry,Babiri Berry,https://tcgplayer-cdn.tcgplayer.com/product/589873_200w.jpg,3,23651,https://cpt.tcgcsv.com/tZK6,2025-08-07T12:23:33.743,1,"If the Pokémon this card is attached to is damaged by an attack from your opponent's Metal Pokémon, it takes 60 less damage <em>(after applying Weakness and Resistance)</em>, and discard this card.",,0.01,0.17,10.0,0.14,0.15,Reverse Holofoil,163/191,Uncommon,Trainer - Pokemon Tool,,,,,,,
589873,Babiri Berry,Babiri Berry,https://tcgplayer-cdn.tcgplayer.com/product/589873_200w.jpg,3,23651,https://cpt.tcgcsv.com/tZK6,2025-08-07T12:23:33.743,1,"If the Pokémon this card is attached to is damaged by an attack from your opponent's Metal Pokémon, it takes 60 less damage <em>(after applying Weakness and Resistance)</em>, and discard this card.",,0.01,0.1,2.28,0.04,0.03,Normal,163/191,Uncommon,Trainer - Pokemon Tool,,,,,,,
589874,Black Kyurem ex - 048/191,Black Kyurem ex 048 191,https://tcgplayer-cdn.tcgplayer.com/product/589874_200w.jpg,3,23651,https://cpt.tcgcsv.com/vZK6,2025-10-22T21:52:08.383,1,,,0.09,0.75,5.0,0.47,0.8,Holofoil,048/191,Double Rare,Water,230,Basic,"[CCC] Ice Age (90)<br> If your opponent's Active Pokemon is a Dragon Pokemon, it is now Paralyzed.",Mx2,,3,[WWCC] Black Frost (250)<br> This Pokemon also does 30 damage to itself.
589875,Black Kyurem ex - 218/191,Black Kyurem ex 218 191,https://tcgplayer-cdn.tcgplayer.com/product/589875_200w.jpg,3,23651,https://cpt.tcgcsv.com/wZK6,2025-08-07T12:23:33.853,1,,,1.0,2.4,10.0,1.84,2.97,Holofoil,218/191,Ultra Rare,Water,230,Basic,"[CCC] Ice Age (90)<br> If your opponent's Active Pokemon is a Dragon Pokemon, it is now Paralyzed.",Mx2,,3,[WWCC] Black Frost (250)<br> This Pokemon also does 30 damage to itself.
589876,Blitzle,Blitzle,https://tcgplayer-cdn.tcgplayer.com/product/589876_200w.jpg,3,23651,https://cpt.tcgcsv.com/xZK6,2025-08-07T12:23:33.917,1,,,0.01,0.15,40.0,0.11,0.11,Reverse Holofoil,062/191,Common,Lightning,70,Basic,[C] Add On<br> Draw a card.,Fx2,,1,[LC] Static Shock (20)
589876,Blitzle,Blitzle,https://tcgplayer-cdn.tcgplayer.com/product/589876_200w.jpg,3,23651,https://cpt.tcgcsv.com/xZK6,2025-08-07T12:23:33.917,1,,,0.01,0.1,2.03,0.03,0.03,Normal,062/191,Common,Lightning,70,Basic,[C] Add On<br> Draw a card.,Fx2,,1,[LC] Static Shock (20)
589877,Bouffalant,Bouffalant,https://tcgplayer-cdn.tcgplayer.com/product/589877_200w.jpg,3,23651,https://cpt.tcgcsv.com/zZK6,2025-10-31T18:29:19.983,1,,,0.01,0.1,2.06,0.05,0.02,Normal,151/191,Common,Colorless,130,Basic,"[CC] Ready to Ram (40)<br> During your opponent's next turn, if this Pokemon is damaged by an attack <em>(even if it is Knocked Out)</em>, put 6 damage counters on the Attacking Pokemon.",Fx2,,2,[CCCC] Smashing Headbutt (150)<br> Discard 2 Energy from this Pokemon.
589877,Bouffalant,Bouffalant,https://tcgplayer-cdn.tcgplayer.com/product/589877_200w.jpg,3,23651,https://cpt.tcgcsv.com/zZK6,2025-10-31T18:29:19.983,1,,,0.01,0.2,2.17,0.18,0.12,Reverse Holofoil,151/191,Common,Colorless,130,Basic,"[CC] Ready to Ram (40)<br> During your opponent's next turn, if this Pokemon is damaged by an attack <em>(even if it is Knocked Out)</em>, put 6 damage counters on the Attacking Pokemon.",Fx2,,2,[CCCC] Smashing Headbutt (150)<br> Discard 2 Energy from this Pokemon.
589878,Braviary - 153/191,Braviary 153 191,https://tcgplayer-cdn.tcgplayer.com/product/589878_200w.jpg,3,23651,https://cpt.tcgcsv.com/BZK6,2025-08-07T12:23:34.027,1,,,0.01,0.2,2.17,0.19,0.23,Reverse Holofoil,153/191,Uncommon,Colorless,130,Stage 1,[CC] Drag Off<br> Switch in 1 of your opponent's Benched Pokemon to the Active Spot. This attack does 40 damage to the new Active Pokemon.,Lx2,F-30,1,[CCC] Blasting Wind (120)
589878,Braviary - 153/191,Braviary 153 191,https://tcgplayer-cdn.tcgplayer.com/product/589878_200w.jpg,3,23651,https://cpt.tcgcsv.com/BZK6,2025-08-07T12:23:34.027,1,,,0.01,0.1,2.05,0.05,0.03,Normal,153/191,Uncommon,Colorless,130,Stage 1,[CC] Drag Off<br> Switch in 1 of your opponent's Benched Pokemon to the Active Spot. This attack does 40 damage to the new Active Pokemon.,Lx2,F-30,1,[CCC] Blasting Wind (120)
589879,Braviary - 214/191,Braviary 214 191,https://tcgplayer-cdn.tcgplayer.com/product/589879_200w.jpg,3,23651,https://cpt.tcgcsv.com/CZK6,2025-08-07T12:23:34.14,1,,,1.99,3.99,29.0,3.23,4.49,Holofoil,214/191,Illustration Rare,Colorless,130,Stage 1,[CC] Drag Off<br> Switch in 1 of your opponent's Benched Pokemon to the Active Spot. This attack does 40 damage to the new Active Pokemon.,Lx2,F-30,1,[CCC] Blasting Wind (120)
589880,Brilliant Blender,Brilliant Blender,https://tcgplayer-cdn.tcgplayer.com/product/589880_200w.jpg,3,23651,https://cpt.tcgcsv.com/DZK6,2025-10-31T18:29:18.347,1,"Search your deck for up to 5 cards and discard them. Then, shuffle your deck.",,0.09,0.73,7.0,0.55,0.29,Holofoil,164/191,ACE SPEC Rare,Trainer - Item,,,,,,,
589881,Bronzong,Bronzong,https://tcgplayer-cdn.tcgplayer.com/product/589881_200w.jpg,3,23651,https://cpt.tcgcsv.com/FZK6,2025-10-31T18:29:20.497,1,,,0.01,0.1,2.04,0.05,0.03,Normal,127/191,Common,Metal,130,Stage 1,[MC] Spinning Attack (50),Rx2,G-30,3,[MCC] Double Impact (100x)<br> Flip 2 coins. This attack does 100 damage for each heads.
589881,Bronzong,Bronzong,https://tcgplayer-cdn.tcgplayer.com/product/589881_200w.jpg,3,23651,https://cpt.tcgcsv.com/FZK6,2025-10-31T18:29:20.497,1,,,0.01,0.15,2.28,0.13,0.05,Reverse Holofoil,127/191,Common,Metal,130,Stage 1,[MC] Spinning Attack (50),Rx2,G-30,3,[MCC] Double Impact (100x)<br> Flip 2 coins. This attack does 100 damage for each heads.
589882,Bronzor,Bronzor,https://tcgplayer-cdn.tcgplayer.com/product/589882_200w.jpg,3,23651,https://cpt.tcgcsv.com/GZK6,2025-12-05T15:19:36.263,1,,,0.01,0.1,2.03,0.03,0.03,Normal,126/191,Common,Metal,60,Basic,"[MC] Shield Attack (20+)<br> Flip a coin. If heads, this attack does 20 more damage.",Rx2,G-30,1,
589882,Bronzor,Bronzor,https://tcgplayer-cdn.tcgplayer.com/product/589882_200w.jpg,3,23651,https://cpt.tcgcsv.com/GZK6,2025-12-05T15:19:36.263,1,,,0.01,0.15,2.1,0.09,0.08,Reverse Holofoil,126/191,Common,Metal,60,Basic,"[MC] Shield Attack (20+)<br> Flip a coin. If heads, this attack does 20 more damage.",Rx2,G-30,1,
589883,Bruxish - 049/191,Bruxish 049 191,https://tcgplayer-cdn.tcgplayer.com/product/589883_200w.jpg,3,23651,https://cpt.tcgcsv.com/HZK6,2025-12-11T01:50:08.313,1,"<strong>Ability: Counterattack</strong> If this Pokémon is in the Active Spot and is damaged by an attack from your opponent's Pokémon <em>(even if this Pokémon is Knocked Out)</em>, put 3 damage counters on the Attacking Pokémon.",,0.01,0.1,2.05,0.04,0.03,Normal,049/191,Uncommon,Water,110,Basic,"[WC] Big Bite (50)<br> During your opponent's next turn, the Defending Pokemon can't retreat.",Lx2,,1,
589883,Bruxish - 049/191,Bruxish 049 191,https://tcgplayer-cdn.tcgplayer.com/product/589883_200w.jpg,3,23651,https://cpt.tcgcsv.com/HZK6,2025-12-11T01:50:08.313,1,"<strong>Ability: Counterattack</strong> If this Pokémon is in the Active Spot and is damaged by an attack from your opponent's Pokémon <em>(even if this Pokémon is Knocked Out)</em>, put 3 damage counters on the Attacking Pokémon.",,0.02,0.2,5.0,0.16,0.2,Reverse Holofoil,049/191,Uncommon,Water,110,Basic,"[WC] Big Bite (50)<br> During your opponent's next turn, the Defending Pokemon can't retreat.",Lx2,,1,
589884,Bruxish - 200/191,Bruxish 200 191,https://tcgplayer-cdn.tcgplayer.com/product/589884_200w.jpg,3,23651,https://cpt.tcgcsv.com/JZK6,2025-12-09T03:25:43.94,1,"<strong>Ability: Counterattack</strong> If this Pokémon is in the Active Spot and is damaged by an attack from your opponent's Pokémon <em>(even if this Pokémon is Knocked Out)</em>, put 3 damage counters on the Attacking Pokémon.",,0.99,2.0,200.0,1.56,1.73,Holofoil,200/191,Illustration Rare,Water,110,Basic,"[WC] Big Bite (50)<br> During your opponent's next turn, the Defending Pokemon can't retreat.",Lx2,,1,
589885,Call Bell,Call Bell,https://tcgplayer-cdn.tcgplayer.com/product/589885_200w.jpg,3,23651,https://cpt.tcgcsv.com/KZK6,2025-08-07T12:23:34.55,1,"You can use this card only if you go second, and only during your first turn.<br>Search your deck for a Supporter card, reveal it, and put it into your hand. Then, shuffle your deck.",,0.02,0.2,10.0,0.18,0.17,Reverse Holofoil,165/191,Uncommon,Trainer - Item,,,,,,,
589885,Call Bell,Call Bell,https://tcgplayer-cdn.tcgplayer.com/product/589885_200w.jpg,3,23651,https://cpt.tcgcsv.com/KZK6,2025-08-07T12:23:34.55,1,"You can use this card only if you go second, and only during your first turn.<br>Search your deck for a Supporter card, reveal it, and put it into your hand. Then, shuffle your deck.",,0.01,0.1,2.28,0.04,0.03,Normal,165/191,Uncommon,Trainer - Item,,,,,,,
589886,Capsakid,Capsakid,https://tcgplayer-cdn.tcgplayer.com/product/589886_200w.jpg,3,23651,https://cpt.tcgcsv.com/LZK6,2025-08-07T12:23:34.6,1,,,0.01,0.15,10.12,0.13,0.1,Reverse Holofoil,012/191,Common,Grass,70,Basic,[CC] Headbutt Bounce (20),Rx2,,1,
589886,Capsakid,Capsakid,https://tcgplayer-cdn.tcgplayer.com/product/589886_200w.jpg,3,23651,https://cpt.tcgcsv.com/LZK6,2025-08-07T12:23:34.6,1,,,0.01,0.1,2.04,0.04,0.03,Normal,012/191,Common,Grass,70,Basic,[CC] Headbutt Bounce (20),Rx2,,1,
589887,Castform Sunny Form - 020/191,Castform Sunny Form 020 191,https://tcgplayer-cdn.tcgplayer.com/product/589887_200w.jpg,3,23651,https://cpt.tcgcsv.com/MZK6,2025-08-07T12:23:34.647,1,,,0.01,0.1,2.04,0.05,0.03,Normal,020/191,Common,Fire,70,Basic,[R] Singe<br> Your opponent's Active Pokemon is now Burned.,Wx2,,0,[RC] Sunny Assist (50)<br> Move all Energy from this Pokemon to 1 of your Benched Pokemon.
589887,Castform Sunny Form - 020/191,Castform Sunny Form 020 191,https://tcgplayer-cdn.tcgplayer.com/product/589887_200w.jpg,3,23651,https://cpt.tcgcsv.com/MZK6,2025-08-07T12:23:34.647,1,,,0.02,0.15,40.0,0.15,0.11,Reverse Holofoil,020/191,Common,Fire,70,Basic,[R] Singe<br> Your opponent's Active Pokemon is now Burned.,Wx2,,0,[RC] Sunny Assist (50)<br> Move all Energy from this Pokemon to 1 of your Benched Pokemon.
589888,Castform Sunny Form - 195/191,Castform Sunny Form 195 191,https://tcgplayer-cdn.tcgplayer.com/product/589888_200w.jpg,3,23651,https://cpt.tcgcsv.com/NZK6,2025-08-07T12:23:34.71,1,,,3.69,5.5,35.0,4.53,,Holofoil,195/191,Illustration Rare,Fire,70,Basic,[R] Singe<br> Your opponent's Active Pokemon is now Burned.,Wx2,,0,[RC] Sunny Assist (50)<br> Move all Energy from this Pokemon to 1 of your Benched Pokemon.
589889,Centiskorch,Centiskorch,https://tcgplayer-cdn.tcgplayer.com/product/589889_200w.jpg,3,23651,https://cpt.tcgcsv.com/PZK6,2025-08-07T12:23:34.763,1,,,0.01,0.1,2.05,0.05,0.07,Normal,028/191,Common,Fire,130,Stage 1,[R] Billowing Heat Wave (130)<br> This attack also does 30 damage to each of your Benched Pokemon. <em>(Don't apply Weakness and Resistance for Benched Pokemon.)</em>,Wx2,,2,[CCC] Heat Blast (80)
589889,Centiskorch,Centiskorch,https://tcgplayer-cdn.tcgplayer.com/product/589889_200w.jpg,3,23651,https://cpt.tcgcsv.com/PZK6,2025-08-07T12:23:34.763,1,,,0.01,0.15,2.14,0.14,0.14,Reverse Holofoil,028/191,Common,Fire,130,Stage 1,[R] Billowing Heat Wave (130)<br> This attack also does 30 damage to each of your Benched Pokemon. <em>(Don't apply Weakness and Resistance for Benched Pokemon.)</em>,Wx2,,2,[CCC] Heat Blast (80)
589890,Ceruledge - 035/191,Ceruledge 035 191,https://tcgplayer-cdn.tcgplayer.com/product/589890_200w.jpg,3,23651,https://cpt.tcgcsv.com/QZK6,2025-12-11T01:50:38.45,1,,,0.09,0.23,2.37,0.18,0.18,Reverse Holofoil,035/191,Uncommon,Fire,140,Stage 1,[C] Cursed Edge<br> Discard all Special Energy from all of your opponent's Pokemon.,Wx2,,2,"[RRC] Black Blaze Slash (160)<br> During your next turn, this Pokemon can't attack."
589890,Ceruledge - 035/191,Ceruledge 035 191,https://tcgplayer-cdn.tcgplayer.com/product/589890_200w.jpg,3,23651,https://cpt.tcgcsv.com/QZK6,2025-12-11T01:50:38.45,1,,,0.01,0.1,20.0,0.08,0.03,Normal,035/191,Uncommon,Fire,140,Stage 1,[C] Cursed Edge<br> Discard all Special Energy from all of your opponent's Pokemon.,Wx2,,2,"[RRC] Black Blaze Slash (160)<br> During your next turn, this Pokemon can't attack."
589891,Ceruledge - 197/191,Ceruledge 197 191,https://tcgplayer-cdn.tcgplayer.com/product/589891_200w.jpg,3,23651,https://cpt.tcgcsv.com/RZK6,2025-08-07T12:23:34.877,1,,,13.5,17.48,63.39,15.72,,Holofoil,197/191,Illustration Rare,Fire,140,Stage 1,[C] Cursed Edge<br> Discard all Special Energy from all of your opponent's Pokemon.,Wx2,,2,"[RRC] Black Blaze Slash (160)<br> During your next turn, this Pokemon can't attack."
589892,Ceruledge ex,Ceruledge ex,https://tcgplayer-cdn.tcgplayer.com/product/589892_200w.jpg,3,23651,https://cpt.tcgcsv.com/SZK6,2025-12-10T01:21:50.817,1,,,1.18,2.78,19.93,1.94,2.49,Holofoil,036/191,Double Rare,Fire,270,Stage 1,[R] Abyssal Flames (30+)<br> This attack does 20 more damage for each Energy card in your discard pile.,Wx2,,2,[RPM] Raging Amethyst (280)<br> Discard all Energy from this Pokemon.
589893,Cetitan - 054/191,Cetitan 054 191,https://tcgplayer-cdn.tcgplayer.com/product/589893_200w.jpg,3,23651,https://cpt.tcgcsv.com/TZK6,2025-10-31T18:29:21.343,1,<strong>Ability: Solid Body</strong> This Pokémon takes 30 less damage from attacks <em>(after applying Weakness and Resistance)</em>.,,0.01,0.1,20.0,0.04,0.03,Normal,054/191,Common,Water,180,Stage 1,[WCCC] Dangerous Mouth (150),Mx2,,3,
589893,Cetitan - 054/191,Cetitan 054 191,https://tcgplayer-cdn.tcgplayer.com/product/589893_200w.jpg,3,23651,https://cpt.tcgcsv.com/TZK6,2025-10-31T18:29:21.343,1,<strong>Ability: Solid Body</strong> This Pokémon takes 30 less damage from attacks <em>(after applying Weakness and Resistance)</em>.,,0.01,0.15,2.12,0.13,0.05,Reverse Holofoil,054/191,Common,Water,180,Stage 1,[WCCC] Dangerous Mouth (150),Mx2,,3,
589894,Cetitan - 201/191,Cetitan 201 191,https://tcgplayer-cdn.tcgplayer.com/product/589894_200w.jpg,3,23651,https://cpt.tcgcsv.com/VZK6,2025-10-22T19:24:57.927,1,<strong>Ability: Solid Body</strong> This Pokémon takes 30 less damage from attacks <em>(after applying Weakness and Resistance)</em>.,,0.97,2.39,25.0,1.93,1.97,Holofoil,201/191,Illustration Rare,Water,180,Stage 1,[WCCC] Dangerous Mouth (150),Mx2,,3,
589895,Cetoddle,Cetoddle,https://tcgplayer-cdn.tcgplayer.com/product/589895_200w.jpg,3,23651,https://cpt.tcgcsv.com/WZK6,2025-08-07T12:23:35.113,1,,,0.01,0.15,2.47,0.09,0.09,Reverse Holofoil,053/191,Common,Water,100,Basic,[WC] Draining Fin (20)<br> Heal 20 damage from this Pokemon.,Mx2,,3,
589895,Cetoddle,Cetoddle,https://tcgplayer-cdn.tcgplayer.com/product/589895_200w.jpg,3,23651,https://cpt.tcgcsv.com/WZK6,2025-08-07T12:23:35.113,1,,,0.01,0.1,2.05,0.05,0.07,Normal,053/191,Common,Water,100,Basic,[WC] Draining Fin (20)<br> Heal 20 damage from this Pokemon.,Mx2,,3,
589896,Charcadet - 032/191,Charcadet 032 191,https://tcgplayer-cdn.tcgplayer.com/product/589896_200w.jpg,3,23651,https://cpt.tcgcsv.com/XZK6,2025-12-09T03:28:26.13,1,,,0.04,0.22,10.0,0.2,0.16,Reverse Holofoil,032/191,Common,Fire,70,Basic,[R] Will-O-Wisp (20),Wx2,,1,
589896,Charcadet - 032/191,Charcadet 032 191,https://tcgplayer-cdn.tcgplayer.com/product/589896_200w.jpg,3,23651,https://cpt.tcgcsv.com/XZK6,2025-12-09T03:28:26.13,1,,,0.01,0.15,2.47,0.09,0.08,Normal,032/191,Common,Fire,70,Basic,[R] Will-O-Wisp (20),Wx2,,1,
589897,Charcadet - 033/191,Charcadet 033 191,https://tcgplayer-cdn.tcgplayer.com/product/589897_200w.jpg,3,23651,https://cpt.tcgcsv.com/ZZK6,2025-12-11T01:51:04.703,1,,,0.01,0.15,50.0,0.1,0.06,Reverse Holofoil,033/191,Common,Fire,80,Basic,[R] Light Punch (10),Wx2,,2,[RRC] Flamethrower (70)<br> Discard an Energy from this Pokemon.
589897,Charcadet - 033/191,Charcadet 033 191,https://tcgplayer-cdn.tcgplayer.com/product/589897_200w.jpg,3,23651,https://cpt.tcgcsv.com/ZZK6,2025-12-11T01:51:04.703,1,,,0.01,0.1,2.28,0.06,0.03,Normal,033/191,Common,Fire,80,Basic,[R] Light Punch (10),Wx2,,2,[RRC] Flamethrower (70)<br> Discard an Energy from this Pokemon.
589898,Chien-Pao,Chien Pao,https://tcgplayer-cdn.tcgplayer.com/product/589898_200w.jpg,3,23651,https://cpt.tcgcsv.com/-ZK6,2025-12-09T03:30:07.103,1,"<strong>Ability: Snow Sink</strong> When you play this Pokémon from your hand onto your Bench during your turn, you may discard a Stadium in play.",,0.01,0.15,2.09,0.1,0.05,Holofoil,056/191,Rare,Water,120,Basic,[WWC] Icicle Loop (120)<br> Put an Energy attached to this Pokemon into your hand.,Mx2,,1,
589898,Chien-Pao,Chien Pao,https://tcgplayer-cdn.tcgplayer.com/product/589898_200w.jpg,3,23651,https://cpt.tcgcsv.com/-ZK6,2025-12-09T03:30:07.103,1,"<strong>Ability: Snow Sink</strong> When you play this Pokémon from your hand onto your Bench during your turn, you may discard a Stadium in play.",,0.01,0.23,2.21,0.22,0.17,Reverse Holofoil,056/191,Rare,Water,120,Basic,[WWC] Icicle Loop (120)<br> Put an Energy attached to this Pokemon into your hand.,Mx2,,1,
589899,Chill Teaser Toy,Chill Teaser Toy,https://tcgplayer-cdn.tcgplayer.com/product/589899_200w.jpg,3,23651,https://cpt.tcgcsv.com/_ZK6,2025-12-11T01:51:50.4,1,"You can use this card only if you go second, and only during your first turn.<br>Put an Energy attached to 1 of your opponent's Pokémon into their hand.",,0.01,0.1,2.28,0.04,0.03,Normal,166/191,Uncommon,Trainer - Item,,,,,,,
589899,Chill Teaser Toy,Chill Teaser Toy,https://tcgplayer-cdn.tcgplayer.com/product/589899_200w.jpg,3,23651,https://cpt.tcgcsv.com/_ZK6,2025-12-11T01:51:50.4,1,"You can use this card only if you go second, and only during your first turn.<br>Put an Energy attached to 1 of your opponent's Pokémon into their hand.",,0.01,0.19,1.56,0.17,0.2,Reverse Holofoil,166/191,Uncommon,Trainer - Item,,,,,,,
589900,Clemont's Quick Wit - 167/191,Clemonts Quick Wit 167 191,https://tcgplayer-cdn.tcgplayer.com/product/589900_200w.jpg,3,23651,https://cpt.tcgcsv.com/0-K6,2025-08-07T12:23:35.38,1,Heal 60 damage from each of your Lightning Pokémon.,,0.01,0.1,2.28,0.06,0.03,Normal,167/191,Uncommon,Trainer - Supporter,,,,,,,
589900,Clemont's Quick Wit - 167/191,Clemonts Quick Wit 167 191,https://tcgplayer-cdn.tcgplayer.com/product/589900_200w.jpg,3,23651,https://cpt.tcgcsv.com/0-K6,2025-08-07T12:23:35.38,1,Heal 60 damage from each of your Lightning Pokémon.,,0.01,0.2,2.17,0.19,0.2,Reverse Holofoil,167/191,Uncommon,Trainer - Supporter,,,,,,,
589901,Clemont's Quick Wit - 229/191,Clemonts Quick Wit 229 191,https://tcgplayer-cdn.tcgplayer.com/product/589901_200w.jpg,3,23651,https://cpt.tcgcsv.com/2-K6,2025-08-07T12:23:35.443,1,Heal 60 damage from each of your Lightning Pokémon.,,0.5,1.23,13.0,0.93,,Holofoil,229/191,Ultra Rare,Trainer - Supporter,,,,,,,
589902,Clemont's Quick Wit - 243/191,Clemonts Quick Wit 243 191,https://tcgplayer-cdn.tcgplayer.com/product/589902_200w.jpg,3,23651,https://cpt.tcgcsv.com/3-K6,2025-08-07T12:23:35.507,1,Heal 60 damage from each of your Lightning Pokémon.,,6.32,9.54,29.54,8.67,,Holofoil,243/191,Special Illustration Rare,Trainer - Supporter,,,,,,,
589903,Clobbopus - 112/191,Clobbopus 112 191,https://tcgplayer-cdn.tcgplayer.com/product/589903_200w.jpg,3,23651,https://cpt.tcgcsv.com/5-K6,2025-10-22T19:25:39.097,1,,,0.01,0.1,2.04,0.04,0.03,Normal,112/191,Common,Fighting,70,Basic,[F] Slight Intrusion (30)<br> This Pokemon also does 10 damage to itself.,Px2,,2,
589903,Clobbopus - 112/191,Clobbopus 112 191,https://tcgplayer-cdn.tcgplayer.com/product/589903_200w.jpg,3,23651,https://cpt.tcgcsv.com/5-K6,2025-10-22T19:25:39.097,1,,,0.01,0.14,2.37,0.11,0.09,Reverse Holofoil,112/191,Common,Fighting,70,Basic,[F] Slight Intrusion (30)<br> This Pokemon also does 10 damage to itself.,Px2,,2,
589904,Clobbopus - 207/191,Clobbopus 207 191,https://tcgplayer-cdn.tcgplayer.com/product/589904_200w.jpg,3,23651,https://cpt.tcgcsv.com/6-K6,2025-08-07T12:23:35.62,1,,,3.7,5.0,99.99,4.35,4.61,Holofoil,207/191,Illustration Rare,Fighting,70,Basic,[F] Slight Intrusion (30)<br> This Pokemon also does 10 damage to itself.,Px2,,2,
589905,Cofagrigus,Cofagrigus,https://tcgplayer-cdn.tcgplayer.com/product/589905_200w.jpg,3,23651,https://cpt.tcgcsv.com/7-K6,2025-12-09T03:33:28.193,1,,,0.01,0.14,2.37,0.13,0.04,Holofoil,083/191,Rare,Psychic,120,Stage 1,[P] Law of the Underworld<br> Put 6 damage counters on each Pokemon that has an Ability <em>(both yours and your opponent's)</em>.,Dx2,F-30,2,[PCC] Spooky Shot (100)
589905,Cofagrigus,Cofagrigus,https://tcgplayer-cdn.tcgplayer.com/product/589905_200w.jpg,3,23651,https://cpt.tcgcsv.com/7-K6,2025-12-09T03:33:28.193,1,,,0.04,0.2,4.99,0.16,0.14,Reverse Holofoil,083/191,Rare,Psychic,120,Stage 1,[P] Law of the Underworld<br> Put 6 damage counters on each Pokemon that has an Ability <em>(both yours and your opponent's)</em>.,Dx2,F-30,2,[PCC] Spooky Shot (100)
589906,Colbur Berry,Colbur Berry,https://tcgplayer-cdn.tcgplayer.com/product/589906_200w.jpg,3,23651,https://cpt.tcgcsv.com/8-K6,2025-08-07T12:23:35.747,1,"If the Pokémon this card is attached to is damaged by an attack from your opponent's Darkness Pokémon, it takes 60 less damage <em>(after applying Weakness and Resistance)</em>, and discard this card.",,0.02,0.19,2.15,0.17,0.16,Reverse Holofoil,168/191,Uncommon,Trainer - Pokemon Tool,,,,,,,
589906,Colbur Berry,Colbur Berry,https://tcgplayer-cdn.tcgplayer.com/product/589906_200w.jpg,3,23651,https://cpt.tcgcsv.com/8-K6,2025-08-07T12:23:35.747,1,"If the Pokémon this card is attached to is damaged by an attack from your opponent's Darkness Pokémon, it takes 60 less damage <em>(after applying Weakness and Resistance)</em>, and discard this card.",,0.01,0.1,2.28,0.03,0.03,Normal,168/191,Uncommon,Trainer - Pokemon Tool,,,,,,,
589907,Counter Gain,Counter Gain,https://tcgplayer-cdn.tcgplayer.com/product/589907_200w.jpg,3,23651,https://cpt.tcgcsv.com/9-K6,2025-12-11T01:52:14.133,1,"If you have more Prize cards remaining than your opponent, attacks used by the Pokémon this card is attached to cost Colorless less.",,0.01,0.13,2.28,0.09,0.03,Normal,169/191,Uncommon,Trainer - Pokemon Tool,,,,,,,
589907,Counter Gain,Counter Gain,https://tcgplayer-cdn.tcgplayer.com/product/589907_200w.jpg,3,23651,https://cpt.tcgcsv.com/9-K6,2025-12-11T01:52:14.133,1,"If you have more Prize cards remaining than your opponent, attacks used by the Pokémon this card is attached to cost Colorless less.",,0.03,0.22,2.99,0.15,0.05,Reverse Holofoil,169/191,Uncommon,Trainer - Pokemon Tool,,,,,,,
589908,Crocalor,Crocalor,https://tcgplayer-cdn.tcgplayer.com/product/589908_200w.jpg,3,23651,https://cpt.tcgcsv.com/b-K6,2025-10-31T18:29:19.33,1,,,0.01,0.15,2.08,0.12,0.09,Reverse Holofoil,030/191,Common,Fire,110,Stage 1,"[RC] Heat Breath (30+)<br> Flip a coin. If heads, this attack does 50 more damage.",Wx2,,3,
589908,Crocalor,Crocalor,https://tcgplayer-cdn.tcgplayer.com/product/589908_200w.jpg,3,23651,https://cpt.tcgcsv.com/b-K6,2025-10-31T18:29:19.33,1,,,0.01,0.1,2.07,0.04,0.03,Normal,030/191,Common,Fire,110,Stage 1,"[RC] Heat Breath (30+)<br> Flip a coin. If heads, this attack does 50 more damage.",Wx2,,3,
589909,Cryogonal,Cryogonal,https://tcgplayer-cdn.tcgplayer.com/product/589909_200w.jpg,3,23651,https://cpt.tcgcsv.com/c-K6,2025-08-07T12:23:35.923,1,,,0.01,0.15,2.12,0.13,0.1,Reverse Holofoil,047/191,Common,Water,90,Basic,"[W] Call Sign<br> Search your deck for a Pokemon, reveal it, and put it into your hand. Then, shuffle your deck.",Mx2,,1,"[W] Ice Beam (30)<br> Flip a coin. If heads, your opponent's Active Pokemon is now Paralyzed."
589909,Cryogonal,Cryogonal,https://tcgplayer-cdn.tcgplayer.com/product/589909_200w.jpg,3,23651,https://cpt.tcgcsv.com/c-K6,2025-08-07T12:23:35.923,1,,,0.01,0.1,2.06,0.05,0.04,Normal,047/191,Common,Water,90,Basic,"[W] Call Sign<br> Search your deck for a Pokemon, reveal it, and put it into your hand. Then, shuffle your deck.",Mx2,,1,"[W] Ice Beam (30)<br> Flip a coin. If heads, your opponent's Active Pokemon is now Paralyzed."
589910,Cyclizar ex - 159/191,Cyclizar ex 159 191,https://tcgplayer-cdn.tcgplayer.com/product/589910_200w.jpg,3,23651,https://cpt.tcgcsv.com/d-K6,2025-10-31T18:29:16.727,1,,,0.09,0.75,10.0,0.41,0.39,Holofoil,159/191,Double Rare,Colorless,210,Basic,[CCC] Break Through (130)<br> This attack also does 30 damage to 1 of your opponent's Benched Pokemon. <em>(Don't apply Weakness and Resistance for Benched Pokemon.)</em>,Fx2,,1,[GRP] Zircon Road (180)<br> You may draw 5 cards.
589911,Cyclizar ex - 228/191,Cyclizar ex 228 191,https://tcgplayer-cdn.tcgplayer.com/product/589911_200w.jpg,3,23651,https://cpt.tcgcsv.com/f-K6,2025-08-07T12:23:36.07,1,,,0.7,1.72,10.0,1.4,2.26,Holofoil,228/191,Ultra Rare,Colorless,210,Basic,[CCC] Break Through (130)<br> This attack also does 30 damage to 1 of your opponent's Benched Pokemon. <em>(Don't apply Weakness and Resistance for Benched Pokemon.)</em>,Fx2,,1,[GRP] Zircon Road (180)<br> You may draw 5 cards.
589912,Cyrano - 170/191,Cyrano 170 191,https://tcgplayer-cdn.tcgplayer.com/product/589912_200w.jpg,3,23651,https://cpt.tcgcsv.com/g-K6,2025-08-07T12:23:36.117,1,"Search your deck for up to 3 Pokémon ex, reveal them, and put them into your hand. Then, shuffle your deck.",,0.01,0.22,10.18,0.2,0.25,Reverse Holofoil,170/191,Uncommon,Trainer - Supporter,,,,,,,
589912,Cyrano - 170/191,Cyrano 170 191,https://tcgplayer-cdn.tcgplayer.com/product/589912_200w.jpg,3,23651,https://cpt.tcgcsv.com/g-K6,2025-08-07T12:23:36.117,1,"Search your deck for up to 3 Pokémon ex, reveal them, and put them into your hand. Then, shuffle your deck.",,0.01,0.15,2.28,0.13,0.12,Normal,170/191,Uncommon,Trainer - Supporter,,,,,,,
589913,Cyrano - 230/191,Cyrano 230 191,https://tcgplayer-cdn.tcgplayer.com/product/589913_200w.jpg,3,23651,https://cpt.tcgcsv.com/h-K6,2025-08-07T12:23:36.187,1,"Search your deck for up to 3 Pokémon ex, reveal them, and put them into your hand. Then, shuffle your deck.",,0.71,1.99,9.99,1.81,,Holofoil,230/191,Ultra Rare,Trainer - Supporter,,,,,,,
589914,Dedenne,Dedenne,https://tcgplayer-cdn.tcgplayer.com/product/589914_200w.jpg,3,23651,https://cpt.tcgcsv.com/j-K6,2025-10-14T20:51:13.68,1,,,0.01,0.16,2.16,0.14,0.1,Reverse Holofoil,087/191,Common,Psychic,70,Basic,[C] Electromagnetic Sonar<br> Put a Trainer card from your discard pile into your hand.,Mx2,,1,[P] Gnaw (30)
589914,Dedenne,Dedenne,https://tcgplayer-cdn.tcgplayer.com/product/589914_200w.jpg,3,23651,https://cpt.tcgcsv.com/j-K6,2025-10-14T20:51:13.68,1,,,0.01,0.1,2.07,0.07,0.07,Normal,087/191,Common,Psychic,70,Basic,[C] Electromagnetic Sonar<br> Put a Trainer card from your discard pile into your hand.,Mx2,,1,[P] Gnaw (30)
589915,Deduction Kit,Deduction Kit,https://tcgplayer-cdn.tcgplayer.com/product/589915_200w.jpg,3,23651,https://cpt.tcgcsv.com/k-K6,2025-08-07T12:23:36.297,1,"Look at the top 3 cards of your deck and put them back in any order, or shuffle those cards and put them on the bottom of your deck.",,0.01,0.1,2.18,0.06,0.04,Normal,171/191,Uncommon,Trainer - Item,,,,,,,
589915,Deduction Kit,Deduction Kit,https://tcgplayer-cdn.tcgplayer.com/product/589915_200w.jpg,3,23651,https://cpt.tcgcsv.com/k-K6,2025-08-07T12:23:36.297,1,"Look at the top 3 cards of your deck and put them back in any order, or shuffle those cards and put them on the bottom of your deck.",,0.01,0.2,2.17,0.16,0.16,Reverse Holofoil,171/191,Uncommon,Trainer - Item,,,,,,,
589916,Deino,Deino,https://tcgplayer-cdn.tcgplayer.com/product/589916_200w.jpg,3,23651,https://cpt.tcgcsv.com/l-K6,2025-08-07T12:23:36.353,1,,,0.01,0.1,20.0,0.07,,Normal,117/191,Common,Darkness,70,Basic,[D] Stomp Off<br> Discard the top card of your opponent's deck.,Gx2,,1,[DC] Bite (20)
589916,Deino,Deino,https://tcgplayer-cdn.tcgplayer.com/product/589916_200w.jpg,3,23651,https://cpt.tcgcsv.com/l-K6,2025-08-07T12:23:36.353,1,,,0.01,0.18,2.37,0.18,0.16,Reverse Holofoil,117/191,Common,Darkness,70,Basic,[D] Stomp Off<br> Discard the top card of your opponent's deck.,Gx2,,1,[DC] Bite (20)
589917,Dhelmise,Dhelmise,https://tcgplayer-cdn.tcgplayer.com/product/589917_200w.jpg,3,23651,https://cpt.tcgcsv.com/m-K6,2025-10-31T18:29:19.713,1,,,0.01,0.1,20.0,0.03,0.03,Normal,010/191,Common,Grass,130,Basic,[C] Rescue Kedge<br> Put up to 2 Pokemon from your discard pile into your hand.,Rx2,,3,"[GCC] Annihilating Anchor (80)<br> Before doing damage, discard all Pokemon Tools from your opponent's Active Pokemon."
589917,Dhelmise,Dhelmise,https://tcgplayer-cdn.tcgplayer.com/product/589917_200w.jpg,3,23651,https://cpt.tcgcsv.com/m-K6,2025-10-31T18:29:19.713,1,,,0.01,0.15,2.11,0.11,0.03,Reverse Holofoil,010/191,Common,Grass,130,Basic,[C] Rescue Kedge<br> Put up to 2 Pokemon from your discard pile into your hand.,Rx2,,3,"[GCC] Annihilating Anchor (80)<br> Before doing damage, discard all Pokemon Tools from your opponent's Active Pokemon."
589918,Dialga,Dialga,https://tcgplayer-cdn.tcgplayer.com/product/589918_200w.jpg,3,23651,https://cpt.tcgcsv.com/n-K6,2025-10-31T18:29:15.583,1,,,0.02,0.21,4.99,0.15,0.13,Reverse Holofoil,135/191,Rare,Dragon,130,Basic,"[C] Time Manipulation<br> Search your deck for 2 cards, shuffle your deck, then put those cards on top of it in any order.",,,2,[PMC] Buster Tail (160)
589918,Dialga,Dialga,https://tcgplayer-cdn.tcgplayer.com/product/589918_200w.jpg,3,23651,https://cpt.tcgcsv.com/n-K6,2025-10-31T18:29:15.583,1,,,0.01,0.14,2.95,0.09,0.04,Holofoil,135/191,Rare,Dragon,130,Basic,"[C] Time Manipulation<br> Search your deck for 2 cards, shuffle your deck, then put those cards on top of it in any order.",,,2,[PMC] Buster Tail (160)
589919,Donphan,Donphan,https://tcgplayer-cdn.tcgplayer.com/product/589919_200w.jpg,3,23651,https://cpt.tcgcsv.com/p-K6,2025-08-07T12:23:36.543,1,,,0.01,0.1,2.08,0.07,0.07,Normal,103/191,Common,Fighting,150,Stage 1,[F] Knock Flat (40)<br> This attack's damage isn't affected by any effects on your opponent's Active Pokemon.,Gx2,,4,"[FCC] Guarded Rolling (120)<br> Discard 2 Energy from this Pokemon. During your opponent's next turn, this Pokemon takes 100 less damage from attacks <em>(after applying Weakness and Resistance)</em>."
589919,Donphan,Donphan,https://tcgplayer-cdn.tcgplayer.com/product/589919_200w.jpg,3,23651,https://cpt.tcgcsv.com/p-K6,2025-08-07T12:23:36.543,1,,,0.01,0.15,40.0,0.14,0.13,Reverse Holofoil,103/191,Common,Fighting,150,Stage 1,[F] Knock Flat (40)<br> This attack's damage isn't affected by any effects on your opponent's Active Pokemon.,Gx2,,4,"[FCC] Guarded Rolling (120)<br> Discard 2 Energy from this Pokemon. During your opponent's next turn, this Pokemon takes 100 less damage from attacks <em>(after applying Weakness and Resistance)</em>."
589920,Dragon Elixir,Dragon Elixir,https://tcgplayer-cdn.tcgplayer.com/product/589920_200w.jpg,3,23651,https://cpt.tcgcsv.com/q-K6,2025-12-11T02:37:07.91,1,Heal 60 damage from your Active Dragon Pokémon.,,0.02,0.2,2.99,0.17,0.17,Reverse Holofoil,172/191,Uncommon,Trainer - Item,,,,,,,
589920,Dragon Elixir,Dragon Elixir,https://tcgplayer-cdn.tcgplayer.com/product/589920_200w.jpg,3,23651,https://cpt.tcgcsv.com/q-K6,2025-12-11T02:37:07.91,1,Heal 60 damage from your Active Dragon Pokémon.,,0.01,0.1,2.99,0.07,0.05,Normal,172/191,Uncommon,Trainer - Item,,,,,,,
589921,Drasna - 173/191,Drasna 173 191,https://tcgplayer-cdn.tcgplayer.com/product/589921_200w.jpg,3,23651,https://cpt.tcgcsv.com/r-K6,2025-12-11T02:37:35.547,1,"Shuffle your hand into your deck. Then, flip a coin. If heads, draw 8 cards. If tails, draw 3 cards.",,0.01,0.1,2.28,0.06,0.05,Normal,173/191,Common,Trainer - Supporter,,,,,,,
589921,Drasna - 173/191,Drasna 173 191,https://tcgplayer-cdn.tcgplayer.com/product/589921_200w.jpg,3,23651,https://cpt.tcgcsv.com/r-K6,2025-12-11T02:37:35.547,1,"Shuffle your hand into your deck. Then, flip a coin. If heads, draw 8 cards. If tails, draw 3 cards.",,0.02,0.19,2.47,0.16,0.16,Reverse Holofoil,173/191,Common,Trainer - Supporter,,,,,,,
589922,Drasna - 231/191,Drasna 231 191,https://tcgplayer-cdn.tcgplayer.com/product/589922_200w.jpg,3,23651,https://cpt.tcgcsv.com/s-K6,2025-08-07T12:23:36.713,1,"Shuffle your hand into your deck. Then, flip a coin. If heads, draw 8 cards. If tails, draw 3 cards.",,0.32,1.11,40.0,0.88,,Holofoil,231/191,Ultra Rare,Trainer - Supporter,,,,,,,
589923,Drayton - 174/191,Drayton 174 191,https://tcgplayer-cdn.tcgplayer.com/product/589923_200w.jpg,3,23651,https://cpt.tcgcsv.com/t-K6,2025-12-11T02:38:07.317,1,Look at the top 7 cards of your deck. You may reveal a Pokémon and a Trainer card you find there and put them into your hand. Shuffle the other cards back into your deck.,,0.01,0.22,13.0,0.16,0.14,Reverse Holofoil,174/191,Uncommon,Trainer - Supporter,,,,,,,
589923,Drayton - 174/191,Drayton 174 191,https://tcgplayer-cdn.tcgplayer.com/product/589923_200w.jpg,3,23651,https://cpt.tcgcsv.com/t-K6,2025-12-11T02:38:07.317,1,Look at the top 7 cards of your deck. You may reveal a Pokémon and a Trainer card you find there and put them into your hand. Shuffle the other cards back into your deck.,,0.01,0.11,2.95,0.11,0.04,Normal,174/191,Uncommon,Trainer - Supporter,,,,,,,
589924,Drayton - 232/191,Drayton 232 191,https://tcgplayer-cdn.tcgplayer.com/product/589924_200w.jpg,3,23651,https://cpt.tcgcsv.com/v-K6,2025-08-07T12:23:36.843,1,Look at the top 7 cards of your deck. You may reveal a Pokémon and a Trainer card you find there and put them into your hand. Shuffle the other cards back into your deck.,,0.37,1.13,14.99,0.88,0.97,Holofoil,232/191,Ultra Rare,Trainer - Supporter,,,,,,,
589925,Drayton - 244/191,Drayton 244 191,https://tcgplayer-cdn.tcgplayer.com/product/589925_200w.jpg,3,23651,https://cpt.tcgcsv.com/w-K6,2025-08-07T12:23:36.89,1,Look at the top 7 cards of your deck. You may reveal a Pokémon and a Trainer card you find there and put them into your hand. Shuffle the other cards back into your deck.,,6.82,9.25,21.63,7.99,8.2,Holofoil,244/191,Special Illustration Rare,Trainer - Supporter,,,,,,,
589926,Drilbur,Drilbur,https://tcgplayer-cdn.tcgplayer.com/product/589926_200w.jpg,3,23651,https://cpt.tcgcsv.com/x-K6,2025-10-14T20:47:50.417,1,,,0.01,0.1,2.03,0.03,0.03,Normal,108/191,Common,Fighting,70,Basic,[C] Burrow<br> Discard the top card of your opponent's deck.,Gx2,,2,[F] Mud-Slap (10)
589926,Drilbur,Drilbur,https://tcgplayer-cdn.tcgplayer.com/product/589926_200w.jpg,3,23651,https://cpt.tcgcsv.com/x-K6,2025-10-14T20:47:50.417,1,,,0.01,0.14,2.37,0.12,0.1,Reverse Holofoil,108/191,Common,Fighting,70,Basic,[C] Burrow<br> Discard the top card of your opponent's deck.,Gx2,,2,[F] Mud-Slap (10)
589927,Duraludon,Duraludon,https://tcgplayer-cdn.tcgplayer.com/product/589927_200w.jpg,3,23651,https://cpt.tcgcsv.com/z-K6,2025-10-14T20:53:21.677,1,,,0.01,0.1,20.0,0.03,0.03,Normal,129/191,Common,Metal,130,Basic,[MM] Confront (50),Rx2,G-30,2,[MMM] Duralubeam (130)<br> Discard 2 Energy from this Pokemon.
589927,Duraludon,Duraludon,https://tcgplayer-cdn.tcgplayer.com/product/589927_200w.jpg,3,23651,https://cpt.tcgcsv.com/z-K6,2025-10-14T20:53:21.677,1,,,0.01,0.13,2.47,0.08,0.04,Reverse Holofoil,129/191,Common,Metal,130,Basic,[MM] Confront (50),Rx2,G-30,2,[MMM] Duralubeam (130)<br> Discard 2 Energy from this Pokemon.
589928,Durant ex - 004/191,Durant ex 004 191,https://tcgplayer-cdn.tcgplayer.com/product/589928_200w.jpg,3,23651,https://cpt.tcgcsv.com/B-K6,2025-11-29T07:20:06.227,1,"<strong>Ability: Sudden Shearing</strong> When you play this Pokémon from your hand onto your Bench during your turn, you may discard the top card of your opponent's deck.",,0.1,0.7,40.0,0.47,0.38,Holofoil,004/191,Double Rare,Grass,190,Basic,[GCC] Vengeful Crush (120+)<br> This attack does 30 more damage for each Prize card your opponent has taken.,Rx2,,2,
589929,Durant ex - 215/191,Durant ex 215 191,https://tcgplayer-cdn.tcgplayer.com/product/589929_200w.jpg,3,23651,https://cpt.tcgcsv.com/C-K6,2025-08-07T12:23:37.137,1,"<strong>Ability: Sudden Shearing</strong> When you play this Pokémon from your hand onto your Bench during your turn, you may discard the top card of your opponent's deck.",,0.35,1.08,9.99,0.96,,Holofoil,215/191,Ultra Rare,Grass,190,Basic,[GCC] Vengeful Crush (120+)<br> This attack does 30 more damage for each Prize card your opponent has taken.,Rx2,,2,
589930,Durant ex - 236/191,Durant ex 236 191,https://tcgplayer-cdn.tcgplayer.com/product/589930_200w.jpg,3,23651,https://cpt.tcgcsv.com/D-K6,2025-08-07T12:23:37.217,1,"<strong>Ability: Sudden Shearing</strong> When you play this Pokémon from your hand onto your Bench during your turn, you may discard the top card of your opponent's deck.",,18.66,22.0,60.0,19.65,23.28,Holofoil,236/191,Special Illustration Rare,Grass,190,Basic,[GCC] Vengeful Crush (120+)<br> This attack does 30 more damage for each Prize card your opponent has taken.,Rx2,,2,
589931,Dusk Ball,Dusk Ball,https://tcgplayer-cdn.tcgplayer.com/product/589931_200w.jpg,3,23651,https://cpt.tcgcsv.com/F-K6,2025-10-31T18:29:15.33,1,Look at the bottom 7 cards of your deck. You may reveal a Pokémon you find there and put it into your hand. Shuffle the other cards back into your deck.,,0.01,0.13,2.28,0.12,0.03,Normal,175/191,Uncommon,Trainer - Item,,,,,,,
589931,Dusk Ball,Dusk Ball,https://tcgplayer-cdn.tcgplayer.com/product/589931_200w.jpg,3,23651,https://cpt.tcgcsv.com/F-K6,2025-10-31T18:29:15.33,1,Look at the bottom 7 cards of your deck. You may reveal a Pokémon you find there and put it into your hand. Shuffle the other cards back into your deck.,,0.03,0.22,10.0,0.22,0.15,Reverse Holofoil,175/191,Uncommon,Trainer - Item,,,,,,,
589932,Eevee,Eevee,https://tcgplayer-cdn.tcgplayer.com/product/589932_200w.jpg,3,23651,https://cpt.tcgcsv.com/G-K6,2025-10-31T18:29:15.07,1,"<strong>Ability: Boosted Evolution</strong> As long as this Pokémon is in the Active Spot, it can evolve during your first turn or the turn you play it.",,0.01,0.15,2.47,0.15,0.05,Normal,143/191,Common,Colorless,50,Basic,[CC] Reckless Charge (30)<br> This Pokemon also does 10 damage to itself.,Fx2,,1,
589932,Eevee,Eevee,https://tcgplayer-cdn.tcgplayer.com/product/589932_200w.jpg,3,23651,https://cpt.tcgcsv.com/G-K6,2025-10-31T18:29:15.07,1,"<strong>Ability: Boosted Evolution</strong> As long as this Pokémon is in the Active Spot, it can evolve during your first turn or the turn you play it.",,0.09,0.29,10.0,0.27,0.25,Reverse Holofoil,143/191,Common,Colorless,50,Basic,[CC] Reckless Charge (30)<br> This Pokemon also does 10 damage to itself.,Fx2,,1,
589933,Energy Search Pro,Energy Search Pro,https://tcgplayer-cdn.tcgplayer.com/product/589933_200w.jpg,3,23651,https://cpt.tcgcsv.com/H-K6,2025-10-31T18:29:17.903,1,"Search your deck for any number of Basic Energy cards of different types, reveal them, and put them into your hand. Then, shuffle your deck.",,0.19,0.91,12.99,0.7,0.54,Holofoil,176/191,ACE SPEC Rare,Trainer - Item,,,,,,,
589934,Enriching Energy,Enriching Energy,https://tcgplayer-cdn.tcgplayer.com/product/589934_200w.jpg,3,23651,https://cpt.tcgcsv.com/J-K6,2025-11-29T06:21:40.12,1,"As long as this card is attached to a Pokémon, it provides [C] Energy.<br>When you attach this card from your hand to 1 of your Pokémon, draw 4 cards.",,1.04,2.5,182.0,2.71,2.1,Holofoil,191/191,ACE SPEC Rare,Special Multi Energy,,,,,,,
589935,Espathra,Espathra,https://tcgplayer-cdn.tcgplayer.com/product/589935_200w.jpg,3,23651,https://cpt.tcgcsv.com/K-K6,2025-08-07T12:23:37.533,1,,,0.01,0.2,2.19,0.19,0.25,Reverse Holofoil,095/191,Uncommon,Psychic,120,Stage 1,[C] Mystical Eyes<br> Devolve 1 of your opponent's evolved Pokemon by putting the highest Stage Evolution card on it into your opponent's hand.,Dx2,F-30,1,[PC] Spiral Drain (60)<br> Heal 30 damage from this Pokemon.
589935,Espathra,Espathra,https://tcgplayer-cdn.tcgplayer.com/product/589935_200w.jpg,3,23651,https://cpt.tcgcsv.com/K-K6,2025-08-07T12:23:37.533,1,,,0.01,0.1,2.05,0.04,0.03,Normal,095/191,Uncommon,Psychic,120,Stage 1,[C] Mystical Eyes<br> Devolve 1 of your opponent's evolved Pokemon by putting the highest Stage Evolution card on it into your opponent's hand.,Dx2,F-30,1,[PC] Spiral Drain (60)<br> Heal 30 damage from this Pokemon.
589936,Espurr,Espurr,https://tcgplayer-cdn.tcgplayer.com/product/589936_200w.jpg,3,23651,https://cpt.tcgcsv.com/L-K6,2025-08-07T12:23:37.583,1,,,0.01,0.18,15.0,0.2,0.14,Reverse Holofoil,084/191,Common,Psychic,60,Basic,[C] See Through<br> Your opponent reveals their hand.,Dx2,F-30,1,[PC] Psyshot (20)
589936,Espurr,Espurr,https://tcgplayer-cdn.tcgplayer.com/product/589936_200w.jpg,3,23651,https://cpt.tcgcsv.com/L-K6,2025-08-07T12:23:37.583,1,,,0.01,0.1,2.06,0.08,0.07,Normal,084/191,Common,Psychic,60,Basic,[C] See Through<br> Your opponent reveals their hand.,Dx2,F-30,1,[PC] Psyshot (20)
589937,Eternatus,Eternatus,https://tcgplayer-cdn.tcgplayer.com/product/589937_200w.jpg,3,23651,https://cpt.tcgcsv.com/M-K6,2025-12-09T03:34:25.023,1,,,0.01,0.14,2.11,0.1,0.05,Holofoil,141/191,Rare,Dragon,150,Basic,"[D] Dyna-Blast (10+)<br> If your opponent's Active Pokemon is a Pokemon ex, this attack does 80 more damage.",,,2,"[RDD] World Ender (230)<br> Discard a Stadium in play. If you can't, this attack does nothing."
589937,Eternatus,Eternatus,https://tcgplayer-cdn.tcgplayer.com/product/589937_200w.jpg,3,23651,https://cpt.tcgcsv.com/M-K6,2025-12-09T03:34:25.023,1,,,0.03,0.22,3.24,0.18,0.15,Reverse Holofoil,141/191,Rare,Dragon,150,Basic,"[D] Dyna-Blast (10+)<br> If your opponent's Active Pokemon is a Pokemon ex, this attack does 80 more damage.",,,2,"[RDD] World Ender (230)<br> Discard a Stadium in play. If you can't, this attack does nothing."
589938,Excadrill,Excadrill,https://tcgplayer-cdn.tcgplayer.com/product/589938_200w.jpg,3,23651,https://cpt.tcgcsv.com/N-K6,2025-11-24T12:12:22.957,1,,,0.01,0.15,2.08,0.1,0.08,Reverse Holofoil,109/191,Common,Fighting,120,Stage 1,[C] Digging Claw (20)<br> Discard the top card of your opponent's deck.,Gx2,,2,"[FC] Drill Smash (60+)<br> If you have any Metal Pokemon on your Bench, this attack does 80 more damage."
589938,Excadrill,Excadrill,https://tcgplayer-cdn.tcgplayer.com/product/589938_200w.jpg,3,23651,https://cpt.tcgcsv.com/N-K6,2025-11-24T12:12:22.957,1,,,0.01,0.1,2.06,0.04,0.03,Normal,109/191,Common,Fighting,120,Stage 1,[C] Digging Claw (20)<br> Discard the top card of your opponent's deck.,Gx2,,2,"[FC] Drill Smash (60+)<br> If you have any Metal Pokemon on your Bench, this attack does 80 more damage."
589939,Exeggcute - 001/191,Exeggcute 001 191,https://tcgplayer-cdn.tcgplayer.com/product/589939_200w.jpg,3,23651,https://cpt.tcgcsv.com/P-K6,2025-10-31T18:29:19.267,1,,,0.01,0.1,2.06,0.06,0.01,Normal,001/191,Common,Grass,30,Basic,"[C] Precocious Evolution<br> If you go first, you can use this attack during your first turn. Search your deck for a card that evolves from this Pokemon and put it onto this Pokemon to evolve it. Then, shuffle your deck.",Rx2,,1,
589939,Exeggcute - 001/191,Exeggcute 001 191,https://tcgplayer-cdn.tcgplayer.com/product/589939_200w.jpg,3,23651,https://cpt.tcgcsv.com/P-K6,2025-10-31T18:29:19.267,1,,,0.01,0.2,4.3,0.2,0.19,Reverse Holofoil,001/191,Common,Grass,30,Basic,"[C] Precocious Evolution<br> If you go first, you can use this attack during your first turn. Search your deck for a card that evolves from this Pokemon and put it onto this Pokemon to evolve it. Then, shuffle your deck.",Rx2,,1,
589940,Exeggcute - 002/191,Exeggcute 002 191,https://tcgplayer-cdn.tcgplayer.com/product/589940_200w.jpg,3,23651,https://cpt.tcgcsv.com/Q-K6,2025-12-09T03:35:56.717,1,,,0.03,0.21,2.19,0.18,0.15,Reverse Holofoil,002/191,Common,Grass,50,Basic,[C] Absorb (10)<br> Heal 10 damage from this Pokemon.,Rx2,,1,
589940,Exeggcute - 002/191,Exeggcute 002 191,https://tcgplayer-cdn.tcgplayer.com/product/589940_200w.jpg,3,23651,https://cpt.tcgcsv.com/Q-K6,2025-12-09T03:35:56.717,1,,,0.01,0.1,2.04,0.05,0.03,Normal,002/191,Common,Grass,50,Basic,[C] Absorb (10)<br> Heal 10 damage from this Pokemon.,Rx2,,1,
589941,Exeggcute - 192/191,Exeggcute 192 191,https://tcgplayer-cdn.tcgplayer.com/product/589941_200w.jpg,3,23651,https://cpt.tcgcsv.com/R-K6,2025-08-07T12:23:37.91,1,,,2.95,4.92,29.99,3.91,,Holofoil,192/191,Illustration Rare,Grass,30,Basic,"[C] Precocious Evolution<br> If you go first, you can use this attack during your first turn. Search your deck for a card that evolves from this Pokemon and put it onto this Pokemon to evolve it. Then, shuffle your deck.",Rx2,,1,
589942,Exeggutor,Exeggutor,https://tcgplayer-cdn.tcgplayer.com/product/589942_200w.jpg,3,23651,https://cpt.tcgcsv.com/S-K6,2025-10-14T20:45:58.387,1,,,0.02,0.22,2.21,0.21,0.28,Reverse Holofoil,003/191,Uncommon,Grass,130,Stage 1,[G] Barrage O'Clock (60x)<br> Flip a coin for each Energy attached to both Active Pokemon. This attack does 60 damage for each heads.,Rx2,,2,
589942,Exeggutor,Exeggutor,https://tcgplayer-cdn.tcgplayer.com/product/589942_200w.jpg,3,23651,https://cpt.tcgcsv.com/S-K6,2025-10-14T20:45:58.387,1,,,0.01,0.1,20.0,0.04,0.03,Normal,003/191,Uncommon,Grass,130,Stage 1,[G] Barrage O'Clock (60x)<br> Flip a coin for each Energy attached to both Active Pokemon. This attack does 60 damage for each heads.,Rx2,,2,
589943,Feebas - 041/191,Feebas 041 191,https://tcgplayer-cdn.tcgplayer.com/product/589943_200w.jpg,3,23651,https://cpt.tcgcsv.com/T-K6,2025-12-09T03:36:44.82,1,,,0.01,0.1,2.04,0.03,0.05,Normal,041/191,Common,Water,30,Basic,[C] Leap Out<br> Switch this Pokemon with 1 of your Benched Pokemon.,Lx2,,1,
589943,Feebas - 041/191,Feebas 041 191,https://tcgplayer-cdn.tcgplayer.com/product/589943_200w.jpg,3,23651,https://cpt.tcgcsv.com/T-K6,2025-12-09T03:36:44.82,1,,,0.01,0.17,2.16,0.17,0.11,Reverse Holofoil,041/191,Common,Water,30,Basic,[C] Leap Out<br> Switch this Pokemon with 1 of your Benched Pokemon.,Lx2,,1,
589944,Feebas - 198/191,Feebas 198 191,https://tcgplayer-cdn.tcgplayer.com/product/589944_200w.jpg,3,23651,https://cpt.tcgcsv.com/V-K6,2025-08-07T12:23:38.103,1,,,3.75,5.88,28.99,4.56,5.26,Holofoil,198/191,Illustration Rare,Water,30,Basic,[C] Leap Out<br> Switch this Pokemon with 1 of your Benched Pokemon.,Lx2,,1,
589945,Flamigo ex,Flamigo ex,https://tcgplayer-cdn.tcgplayer.com/product/589945_200w.jpg,3,23651,https://cpt.tcgcsv.com/W-K6,2025-12-05T15:22:58.443,1,,,0.15,0.75,5.99,0.51,0.52,Holofoil,160/191,Double Rare,Colorless,200,Basic,"[CC] Precise Beak (30+)<br> If this Pokemon and your opponent's Active Pokemon have the same amount of Energy attached, this attack does 100 more damage.",Lx2,F-30,1,[CCCC] Brave Bird (200)<br> This Pokemon also does 30 damage to itself.
589946,Flapple - 139/191,Flapple 139 191,https://tcgplayer-cdn.tcgplayer.com/product/589946_200w.jpg,3,23651,https://cpt.tcgcsv.com/X-K6,2025-10-31T18:29:19.207,1,,,0.05,0.19,2.15,0.17,0.13,Reverse Holofoil,139/191,Uncommon,Dragon,80,Stage 1,[C] Acidic Spit (20x)<br> This attack does 20 damage for each damage counter on your opponent's Active Pokemon.,,,1,[GR] Speed Dive (70)
589946,Flapple - 139/191,Flapple 139 191,https://tcgplayer-cdn.tcgplayer.com/product/589946_200w.jpg,3,23651,https://cpt.tcgcsv.com/X-K6,2025-10-31T18:29:19.207,1,,,0.01,0.1,2.06,0.06,0.03,Normal,139/191,Uncommon,Dragon,80,Stage 1,[C] Acidic Spit (20x)<br> This attack does 20 damage for each damage counter on your opponent's Active Pokemon.,,,1,[GR] Speed Dive (70)
589947,Flapple - 210/191,Flapple 210 191,https://tcgplayer-cdn.tcgplayer.com/product/589947_200w.jpg,3,23651,https://cpt.tcgcsv.com/Z-K6,2025-11-30T01:04:30.04,1,,,1.45,3.0,18.0,2.19,,Holofoil,210/191,Illustration Rare,Dragon,80,Stage 1,[C] Acidic Spit (20x)<br> This attack does 20 damage for each damage counter on your opponent's Active Pokemon.,,,1,[GR] Speed Dive (70)
589948,Flittle,Flittle,https://tcgplayer-cdn.tcgplayer.com/product/589948_200w.jpg,3,23651,https://cpt.tcgcsv.com/--K6,2025-10-14T02:05:29.623,1,,,0.01,0.1,2.04,0.05,0.07,Normal,094/191,Common,Psychic,40,Basic,"[C] Splashing Dodge (10)<br> Flip a coin. If heads, during your opponent's next turn, prevent all damage from and effects of attacks done to this Pokemon.",Dx2,F-30,1,
589948,Flittle,Flittle,https://tcgplayer-cdn.tcgplayer.com/product/589948_200w.jpg,3,23651,https://cpt.tcgcsv.com/--K6,2025-10-14T02:05:29.623,1,,,0.01,0.13,2.37,0.12,0.07,Reverse Holofoil,094/191,Common,Psychic,40,Basic,"[C] Splashing Dodge (10)<br> Flip a coin. If heads, during your opponent's next turn, prevent all damage from and effects of attacks done to this Pokemon.",Dx2,F-30,1,
589949,Flutter Mane,Flutter Mane,https://tcgplayer-cdn.tcgplayer.com/product/589949_200w.jpg,3,23651,https://cpt.tcgcsv.com/_-K6,2025-10-14T20:48:42.037,1,,,0.01,0.1,2.04,0.05,0.03,Normal,096/191,Uncommon,Psychic,90,Basic,[CC] Perplexing Transfer<br> Move all damage counters from 1 of your Benched Ancient Pokemon to your opponent's Active Pokemon.,Mx2,,1,"[PP] Moonblast (70)<br> During your opponent's next turn, attacks used by the Defending Pokemon do 30 less damage <em>(before applying Weakness and Resistance)</em>."
589949,Flutter Mane,Flutter Mane,https://tcgplayer-cdn.tcgplayer.com/product/589949_200w.jpg,3,23651,https://cpt.tcgcsv.com/_-K6,2025-10-14T20:48:42.037,1,,,0.02,0.25,2.24,0.24,0.28,Reverse Holofoil,096/191,Uncommon,Psychic,90,Basic,[CC] Perplexing Transfer<br> Move all damage counters from 1 of your Benched Ancient Pokemon to your opponent's Active Pokemon.,Mx2,,1,"[PP] Moonblast (70)<br> During your opponent's next turn, attacks used by the Defending Pokemon do 30 less damage <em>(before applying Weakness and Resistance)</em>."
589950,Flygon ex - 106/191,Flygon ex 106 191,https://tcgplayer-cdn.tcgplayer.com/product/589950_200w.jpg,3,23651,https://cpt.tcgcsv.com/0_K6,2025-12-05T15:23:37.967,1,,,0.01,0.75,25.0,0.49,0.84,Holofoil,106/191,Double Rare,Fighting,310,Stage 2,[F] Reversing Storm (130)<br> You may switch this Pokemon with 1 of your Benched Pokemon.,Gx2,,1,[WFM] Sonic Peridot<br> This attack does 100 damage to each of your opponent's Pokemon ex and Pokemon V. This attack's damage isn't affected by Weakness or Resistance.
589951,Flygon ex - 222/191,Flygon ex 222 191,https://tcgplayer-cdn.tcgplayer.com/product/589951_200w.jpg,3,23651,https://cpt.tcgcsv.com/2_K6,2025-11-30T01:05:10.593,1,,,1.43,2.93,16.0,2.3,2.31,Holofoil,222/191,Ultra Rare,Fighting,310,Stage 2,[F] Reversing Storm (130)<br> You may switch this Pokemon with 1 of your Benched Pokemon.,Gx2,,1,[WFM] Sonic Peridot<br> This attack does 100 damage to each of your opponent's Pokemon ex and Pokemon V. This attack's damage isn't affected by Weakness or Resistance.
589952,Fuecoco,Fuecoco,https://tcgplayer-cdn.tcgplayer.com/product/589952_200w.jpg,3,23651,https://cpt.tcgcsv.com/3_K6,2025-10-31T18:29:18.743,1,,,0.01,0.1,2.04,0.04,0.03,Normal,029/191,Common,Fire,80,Basic,[RC] Heat Burn (20)<br> Your opponent's Active Pokemon is now Burned.,Wx2,,2,
589952,Fuecoco,Fuecoco,https://tcgplayer-cdn.tcgplayer.com/product/589952_200w.jpg,3,23651,https://cpt.tcgcsv.com/3_K6,2025-10-31T18:29:18.743,1,,,0.02,0.16,2.18,0.14,0.07,Reverse Holofoil,029/191,Common,Fire,80,Basic,[RC] Heat Burn (20)<br> Your opponent's Active Pokemon is now Burned.,Wx2,,2,
589953,Gastrodon,Gastrodon,https://tcgplayer-cdn.tcgplayer.com/product/589953_200w.jpg,3,23651,https://cpt.tcgcsv.com/5_K6,2025-10-31T18:29:16.043,1,"<strong>Ability: Sticky Bind</strong> As long as this Pokémon is on your Bench, Benched Stage 2 Pokémon <em>(both yours and your opponent's)</em> have no Abilities.",,0.01,0.14,20.0,0.14,0.03,Holofoil,107/191,Rare,Fighting,130,Stage 1,[FCC] Mud Shot (80),Gx2,,3,
589953,Gastrodon,Gastrodon,https://tcgplayer-cdn.tcgplayer.com/product/589953_200w.jpg,3,23651,https://cpt.tcgcsv.com/5_K6,2025-10-31T18:29:16.043,1,"<strong>Ability: Sticky Bind</strong> As long as this Pokémon is on your Bench, Benched Stage 2 Pokémon <em>(both yours and your opponent's)</em> have no Abilities.",,0.01,0.2,2.18,0.15,0.13,Reverse Holofoil,107/191,Rare,Fighting,130,Stage 1,[FCC] Mud Shot (80),Gx2,,3,
589954,Gholdengo,Gholdengo,https://tcgplayer-cdn.tcgplayer.com/product/589954_200w.jpg,3,23651,https://cpt.tcgcsv.com/6_K6,2025-12-09T03:37:31.35,1,,,0.07,0.22,2.2,0.18,0.18,Reverse Holofoil,131/191,Uncommon,Metal,130,Stage 1,"[M] Strike It Rich (30+)<br> If this Pokemon evolved from Gimmighoul during this turn, this attack does 90 more damage.",Rx2,G-30,2,[CCC] Surf Back (100)<br> You may shuffle this Pokemon and all attached cards into your deck.
589954,Gholdengo,Gholdengo,https://tcgplayer-cdn.tcgplayer.com/product/589954_200w.jpg,3,23651,https://cpt.tcgcsv.com/6_K6,2025-12-09T03:37:31.35,1,,,0.01,0.1,2.09,0.08,0.03,Normal,131/191,Uncommon,Metal,130,Stage 1,"[M] Strike It Rich (30+)<br> If this Pokemon evolved from Gimmighoul during this turn, this attack does 90 more damage.",Rx2,G-30,2,[CCC] Surf Back (100)<br> You may shuffle this Pokemon and all attached cards into your deck.
589955,Gimmighoul,Gimmighoul,https://tcgplayer-cdn.tcgplayer.com/product/589955_200w.jpg,3,23651,https://cpt.tcgcsv.com/7_K6,2025-11-29T01:30:45.357,1,,,0.06,0.19,2.37,0.14,0.06,Normal,097/191,Common,Psychic,70,Basic,"[C] Minor Errand-Running<br> Search your deck for up to 2 Basic Energy cards, reveal them, and put them into your hand. Then, shuffle your deck.",Dx2,F-30,2,[CCC] Tackle (50)
589955,Gimmighoul,Gimmighoul,https://tcgplayer-cdn.tcgplayer.com/product/589955_200w.jpg,3,23651,https://cpt.tcgcsv.com/7_K6,2025-11-29T01:30:45.357,1,,,0.07,0.25,20.0,0.2,0.17,Reverse Holofoil,097/191,Common,Psychic,70,Basic,"[C] Minor Errand-Running<br> Search your deck for up to 2 Basic Energy cards, reveal them, and put them into your hand. Then, shuffle your deck.",Dx2,F-30,2,[CCC] Tackle (50)
589956,Glimmet,Glimmet,https://tcgplayer-cdn.tcgplayer.com/product/589956_200w.jpg,3,23651,https://cpt.tcgcsv.com/8_K6,2025-11-24T12:13:11.877,1,,,0.01,0.15,10.0,0.08,0.08,Reverse Holofoil,114/191,Common,Fighting,70,Basic,[F] Rock Hurl (10)<br> This attack's damage isn't affected by Resistance.,Gx2,,2,
589956,Glimmet,Glimmet,https://tcgplayer-cdn.tcgplayer.com/product/589956_200w.jpg,3,23651,https://cpt.tcgcsv.com/8_K6,2025-11-24T12:13:11.877,1,,,0.01,0.1,19.98,0.02,0.03,Normal,114/191,Common,Fighting,70,Basic,[F] Rock Hurl (10)<br> This attack's damage isn't affected by Resistance.,Gx2,,2,
589957,Glimmora,Glimmora,https://tcgplayer-cdn.tcgplayer.com/product/589957_200w.jpg,3,23651,https://cpt.tcgcsv.com/9_K6,2025-08-07T12:23:38.957,1,,,0.01,0.1,2.07,0.07,0.03,Normal,115/191,Common,Fighting,130,Stage 1,"[C] Corrosive Shards (20)<br> Your opponent's Active Pokemon is now Poisoned. During your opponent's next turn, Energy cards can't be attached from your opponent's hand to that Pokemon.",Gx2,,2,[FC] Rock Throw (60)
589957,Glimmora,Glimmora,https://tcgplayer-cdn.tcgplayer.com/product/589957_200w.jpg,3,23651,https://cpt.tcgcsv.com/9_K6,2025-08-07T12:23:38.957,1,,,0.01,0.13,2.07,0.11,0.07,Reverse Holofoil,115/191,Common,Fighting,130,Stage 1,"[C] Corrosive Shards (20)<br> Your opponent's Active Pokemon is now Poisoned. During your opponent's next turn, Energy cards can't be attached from your opponent's hand to that Pokemon.",Gx2,,2,[FC] Rock Throw (60)
589958,Gouging Fire,Gouging Fire,https://tcgplayer-cdn.tcgplayer.com/product/589958_200w.jpg,3,23651,https://cpt.tcgcsv.com/b_K6,2025-10-31T18:29:16.233,1,,,0.09,0.25,2.2,0.19,0.16,Reverse Holofoil,038/191,Rare,Fire,130,Basic,[R] Lunge Out (30),Wx2,,2,"[RRC] Blazing Charge (100+)<br> If your opponent has 4 or fewer Prize cards remaining, this attack does 70 more damage."
589958,Gouging Fire,Gouging Fire,https://tcgplayer-cdn.tcgplayer.com/product/589958_200w.jpg,3,23651,https://cpt.tcgcsv.com/b_K6,2025-10-31T18:29:16.233,1,,,0.01,0.15,5.0,0.1,0.05,Holofoil,038/191,Rare,Fire,130,Basic,[R] Lunge Out (30),Wx2,,2,"[RRC] Blazing Charge (100+)<br> If your opponent has 4 or fewer Prize cards remaining, this attack does 70 more damage."
589959,Grafaiai,Grafaiai,https://tcgplayer-cdn.tcgplayer.com/product/589959_200w.jpg,3,23651,https://cpt.tcgcsv.com/c_K6,2025-08-07T12:23:39.09,1,,,0.01,0.1,14.0,0.04,0.03,Normal,121/191,Uncommon,Darkness,100,Stage 1,[C] Mischievous Painting<br> Attach up to 3 Energy cards from your opponent's discard pile to their Pokemon in any way you like.,Fx2,,1,[DD] Energized Graffiti (40x)<br> This attack does 40 damage for each Energy attached to all of your opponent's Pokemon.
589959,Grafaiai,Grafaiai,https://tcgplayer-cdn.tcgplayer.com/product/589959_200w.jpg,3,23651,https://cpt.tcgcsv.com/c_K6,2025-08-07T12:23:39.09,1,,,0.04,0.2,2.25,0.15,0.2,Reverse Holofoil,121/191,Uncommon,Darkness,100,Stage 1,[C] Mischievous Painting<br> Attach up to 3 Energy cards from your opponent's discard pile to their Pokemon in any way you like.,Fx2,,1,[DD] Energized Graffiti (40x)<br> This attack does 40 damage for each Energy attached to all of your opponent's Pokemon.
589960,Grapploct,Grapploct,https://tcgplayer-cdn.tcgplayer.com/product/589960_200w.jpg,3,23651,https://cpt.tcgcsv.com/d_K6,2025-11-24T12:14:08.01,1,,,0.01,0.1,2.05,0.05,0.04,Normal,113/191,Common,Fighting,140,Stage 1,[F] Chop (40),Px2,,3,"[FFC] Raging Tentacles (130)<br> If this Pokemon has any damage counters on it, this attack can be used for Fighting."
589960,Grapploct,Grapploct,https://tcgplayer-cdn.tcgplayer.com/product/589960_200w.jpg,3,23651,https://cpt.tcgcsv.com/d_K6,2025-11-24T12:14:08.01,1,,,0.01,0.14,40.0,0.1,0.1,Reverse Holofoil,113/191,Common,Fighting,140,Stage 1,[F] Chop (40),Px2,,3,"[FFC] Raging Tentacles (130)<br> If this Pokemon has any damage counters on it, this attack can be used for Fighting."
589961,Gravity Mountain,Gravity Mountain,https://tcgplayer-cdn.tcgplayer.com/product/589961_200w.jpg,3,23651,https://cpt.tcgcsv.com/f_K6,2025-10-31T18:29:17.347,1,Each Stage 2 Pokémon in play <em>(both yours and your opponent's)</em> gets ‚àí30 HP.,,0.02,0.25,2.47,0.24,0.2,Reverse Holofoil,177/191,Uncommon,Trainer - Stadium,,,,,,,
589961,Gravity Mountain,Gravity Mountain,https://tcgplayer-cdn.tcgplayer.com/product/589961_200w.jpg,3,23651,https://cpt.tcgcsv.com/f_K6,2025-10-31T18:29:17.347,1,Each Stage 2 Pokémon in play <em>(both yours and your opponent's)</em> gets ‚àí30 HP.,,0.01,0.15,2.28,0.13,0.04,Normal,177/191,Uncommon,Trainer - Stadium,,,,,,,
589962,Heliolisk,Heliolisk,https://tcgplayer-cdn.tcgplayer.com/product/589962_200w.jpg,3,23651,https://cpt.tcgcsv.com/g_K6,2025-12-09T03:38:50.817,1,,,0.02,0.2,2.37,0.2,0.19,Reverse Holofoil,155/191,Common,Colorless,110,Stage 1,"[C] Parabolic Charge<br> Search your deck for up to 4 Energy cards, reveal them, and put them into your hand. Then, shuffle your deck.",Fx2,,1,[CCC] Electroslug (80)
589962,Heliolisk,Heliolisk,https://tcgplayer-cdn.tcgplayer.com/product/589962_200w.jpg,3,23651,https://cpt.tcgcsv.com/g_K6,2025-12-09T03:38:50.817,1,,,0.01,0.1,2.04,0.05,0.05,Normal,155/191,Common,Colorless,110,Stage 1,"[C] Parabolic Charge<br> Search your deck for up to 4 Energy cards, reveal them, and put them into your hand. Then, shuffle your deck.",Fx2,,1,[CCC] Electroslug (80)
589963,Helioptile,Helioptile,https://tcgplayer-cdn.tcgplayer.com/product/589963_200w.jpg,3,23651,https://cpt.tcgcsv.com/h_K6,2025-10-14T20:43:47.283,1,,,0.01,0.15,40.0,0.13,0.08,Reverse Holofoil,154/191,Common,Colorless,70,Basic,[C] Tiny Bolt (10),Fx2,,1,[CCC] Reckless Charge (40)<br> This Pokemon also does 10 damage to itself.
589963,Helioptile,Helioptile,https://tcgplayer-cdn.tcgplayer.com/product/589963_200w.jpg,3,23651,https://cpt.tcgcsv.com/h_K6,2025-10-14T20:43:47.283,1,,,0.01,0.1,2.04,0.04,0.03,Normal,154/191,Common,Colorless,70,Basic,[C] Tiny Bolt (10),Fx2,,1,[CCC] Reckless Charge (40)<br> This Pokemon also does 10 damage to itself.
589964,Ho-Oh,Ho Oh,https://tcgplayer-cdn.tcgplayer.com/product/589964_200w.jpg,3,23651,https://cpt.tcgcsv.com/j_K6,2025-10-31T18:29:19.47,1,,,0.01,0.1,2.28,0.06,0.03,Normal,019/191,Uncommon,Fire,130,Basic,[RC] Flap (50),Lx2,F-30,2,"[RRC] Shining Blaze (100+)<br> If you have any Tera Pokemon on your Bench, this attack does 100 more damage."
589964,Ho-Oh,Ho Oh,https://tcgplayer-cdn.tcgplayer.com/product/589964_200w.jpg,3,23651,https://cpt.tcgcsv.com/j_K6,2025-10-31T18:29:19.47,1,,,0.03,0.25,25.0,0.23,0.16,Reverse Holofoil,019/191,Uncommon,Fire,130,Basic,[RC] Flap (50),Lx2,F-30,2,"[RRC] Shining Blaze (100+)<br> If you have any Tera Pokemon on your Bench, this attack does 100 more damage."
589965,Hydreigon ex - 119/191,Hydreigon ex 119 191,https://tcgplayer-cdn.tcgplayer.com/product/589965_200w.jpg,3,23651,https://cpt.tcgcsv.com/k_K6,2025-12-05T15:24:26.143,1,,,0.3,0.97,50.0,0.71,0.91,Holofoil,119/191,Double Rare,Darkness,330,Stage 2,[DC] Crashing Headbutt (200)<br> Discard the top 3 cards of your opponent's deck.,Gx2,,3,[PDMC] Obsidian (130)<br> This attack also does 130 damage to 2 of your opponent's Benched Pokemon. <em>(Don't apply Weakness and Resistance for Benched Pokemon.)</em>
589966,Hydreigon ex - 223/191,Hydreigon ex 223 191,https://tcgplayer-cdn.tcgplayer.com/product/589966_200w.jpg,3,23651,https://cpt.tcgcsv.com/l_K6,2025-10-22T19:30:30.507,1,,,2.98,4.45,70.0,3.8,5.18,Holofoil,223/191,Ultra Rare,Darkness,330,Stage 2,[DC] Crashing Headbutt (200)<br> Discard the top 3 cards of your opponent's deck.,Gx2,,3,[PDMC] Obsidian (130)<br> This attack also does 130 damage to 2 of your opponent's Benched Pokemon. <em>(Don't apply Weakness and Resistance for Benched Pokemon.)</em>
589967,Hydreigon ex - 240/191,Hydreigon ex 240 191,https://tcgplayer-cdn.tcgplayer.com/product/589967_200w.jpg,3,23651,https://cpt.tcgcsv.com/m_K6,2025-08-07T12:23:39.653,1,,,35.75,43.31,150.0,36.61,,Holofoil,240/191,Special Illustration Rare,Darkness,330,Stage 2,[DC] Crashing Headbutt (200)<br> Discard the top 3 cards of your opponent's deck.,Gx2,,3,[PDMC] Obsidian (130)<br> This attack also does 130 damage to 2 of your opponent's Benched Pokemon. <em>(Don't apply Weakness and Resistance for Benched Pokemon.)</em>
589968,Indeedee,Indeedee,https://tcgplayer-cdn.tcgplayer.com/product/589968_200w.jpg,3,23651,https://cpt.tcgcsv.com/n_K6,2025-08-07T12:23:39.723,1,"<strong>Ability: Obliging Heal</strong> When you play this Pokémon from your hand onto your Bench during your turn, you may heal 30 damage from your Active Pokémon and have it recover from a Special Condition.",,0.03,0.2,2.17,0.17,0.2,Reverse Holofoil,093/191,Uncommon,Psychic,100,Basic,[PC] Super Psy Bolt (50),Dx2,F-30,1,
589968,Indeedee,Indeedee,https://tcgplayer-cdn.tcgplayer.com/product/589968_200w.jpg,3,23651,https://cpt.tcgcsv.com/n_K6,2025-08-07T12:23:39.723,1,"<strong>Ability: Obliging Heal</strong> When you play this Pokémon from your hand onto your Bench during your turn, you may heal 30 damage from your Active Pokémon and have it recover from a Special Condition.",,0.01,0.1,2.07,0.05,0.03,Normal,093/191,Uncommon,Psychic,100,Basic,[PC] Super Psy Bolt (50),Dx2,F-30,1,
589969,Iron Bundle,Iron Bundle,https://tcgplayer-cdn.tcgplayer.com/product/589969_200w.jpg,3,23651,https://cpt.tcgcsv.com/p_K6,2025-10-14T20:52:08.12,1,,,0.01,0.1,2.03,0.05,0.03,Normal,055/191,Uncommon,Water,100,Basic,[WWC] Gusting Collision (200-)<br> This attack does 50 less damage for each Retreat Cost.,Lx2,,1,
589969,Iron Bundle,Iron Bundle,https://tcgplayer-cdn.tcgplayer.com/product/589969_200w.jpg,3,23651,https://cpt.tcgcsv.com/p_K6,2025-10-14T20:52:08.12,1,,,0.03,0.24,2.37,0.27,0.29,Reverse Holofoil,055/191,Uncommon,Water,100,Basic,[WWC] Gusting Collision (200-)<br> This attack does 50 less damage for each Retreat Cost.,Lx2,,1,
589970,Iron Crown,Iron Crown,https://tcgplayer-cdn.tcgplayer.com/product/589970_200w.jpg,3,23651,https://cpt.tcgcsv.com/q_K6,2026-01-02T14:22:43.62,1,,,0.04,0.24,5.49,0.23,0.16,Reverse Holofoil,132/191,Rare,Metal,130,Basic,"[MC] Deleting Slash (40+)<br> If your opponent has 3 or more Benched Pokemon, this attack does 80 more damage.",Rx2,G-30,2,[MCC] Slicing Blade (100)
589970,Iron Crown,Iron Crown,https://tcgplayer-cdn.tcgplayer.com/product/589970_200w.jpg,3,23651,https://cpt.tcgcsv.com/q_K6,2026-01-02T14:22:43.62,1,,,0.01,0.15,40.0,0.15,0.05,Holofoil,132/191,Rare,Metal,130,Basic,"[MC] Deleting Slash (40+)<br> If your opponent has 3 or more Benched Pokemon, this attack does 80 more damage.",Rx2,G-30,2,[MCC] Slicing Blade (100)
589971,Jasmine's Gaze - 178/191,Jasmines Gaze 178 191,https://tcgplayer-cdn.tcgplayer.com/product/589971_200w.jpg,3,23651,https://cpt.tcgcsv.com/r_K6,2025-08-07T12:23:39.933,1,"During your opponent's next turn, all of your Pokémon take 30 less damage from attacks used by your opponent's Pokémon <em>(after applying Weakness and Resistance)</em>. <em>(This includes new Pokémon that come into play.)</em>",,0.01,0.1,2.28,0.07,0.05,Normal,178/191,Uncommon,Trainer - Supporter,,,,,,,
589971,Jasmine's Gaze - 178/191,Jasmines Gaze 178 191,https://tcgplayer-cdn.tcgplayer.com/product/589971_200w.jpg,3,23651,https://cpt.tcgcsv.com/r_K6,2025-08-07T12:23:39.933,1,"During your opponent's next turn, all of your Pokémon take 30 less damage from attacks used by your opponent's Pokémon <em>(after applying Weakness and Resistance)</em>. <em>(This includes new Pokémon that come into play.)</em>",,0.01,0.2,25.0,0.16,0.16,Reverse Holofoil,178/191,Uncommon,Trainer - Supporter,,,,,,,
589972,Jasmine's Gaze - 233/191,Jasmines Gaze 233 191,https://tcgplayer-cdn.tcgplayer.com/product/589972_200w.jpg,3,23651,https://cpt.tcgcsv.com/s_K6,2025-11-29T05:37:49.157,1,"During your opponent's next turn, all of your Pokémon take 30 less damage from attacks used by your opponent's Pokémon <em>(after applying Weakness and Resistance)</em>. <em>(This includes new Pokémon that come into play.)</em>",,0.99,2.0,200.0,1.58,,Holofoil,233/191,Ultra Rare,Trainer - Supporter,,,,,,,
589973,Jasmine's Gaze - 245/191,Jasmines Gaze 245 191,https://tcgplayer-cdn.tcgplayer.com/product/589973_200w.jpg,3,23651,https://cpt.tcgcsv.com/t_K6,2025-08-07T12:23:40.08,1,"During your opponent's next turn, all of your Pokémon take 30 less damage from attacks used by your opponent's Pokémon <em>(after applying Weakness and Resistance)</em>. <em>(This includes new Pokémon that come into play.)</em>",,15.76,21.67,108.0,18.84,18.84,Holofoil,245/191,Special Illustration Rare,Trainer - Supporter,,,,,,,
589974,Kecleon - 150/191,Kecleon 150 191,https://tcgplayer-cdn.tcgplayer.com/product/589974_200w.jpg,3,23651,https://cpt.tcgcsv.com/v_K6,2025-12-11T02:40:01.983,1,"<strong>Ability: Expert Hider</strong> If any damage is done to this Pokémon by attacks, flip a coin. If heads, prevent that damage.",,0.01,0.18,20.0,0.15,0.11,Reverse Holofoil,150/191,Common,Colorless,70,Basic,[CC] Lick Whip<br> This attack does 30 damage to 1 of your opponent's Pokemon. <em>(Don't apply Weakness and Resistance for Benched Pokemon.)</em>,Fx2,,1,
589974,Kecleon - 150/191,Kecleon 150 191,https://tcgplayer-cdn.tcgplayer.com/product/589974_200w.jpg,3,23651,https://cpt.tcgcsv.com/v_K6,2025-12-11T02:40:01.983,1,"<strong>Ability: Expert Hider</strong> If any damage is done to this Pokémon by attacks, flip a coin. If heads, prevent that damage.",,0.01,0.1,19.98,0.05,0.03,Normal,150/191,Common,Colorless,70,Basic,[CC] Lick Whip<br> This attack does 30 damage to 1 of your opponent's Pokemon. <em>(Don't apply Weakness and Resistance for Benched Pokemon.)</em>,Fx2,,1,
589975,Kecleon - 213/191,Kecleon 213 191,https://tcgplayer-cdn.tcgplayer.com/product/589975_200w.jpg,3,23651,https://cpt.tcgcsv.com/w_K6,2025-10-27T20:02:35.077,1,"<strong>Ability: Expert Hider</strong> If any damage is done to this Pokémon by attacks, flip a coin. If heads, prevent that damage.",,3.0,4.98,35.0,3.97,4.21,Holofoil,213/191,Illustration Rare,Colorless,70,Basic,[CC] Lick Whip<br> This attack does 30 damage to 1 of your opponent's Pokemon. <em>(Don't apply Weakness and Resistance for Benched Pokemon.)</em>,Fx2,,1,
589976,Kilowattrel,Kilowattrel,https://tcgplayer-cdn.tcgplayer.com/product/589976_200w.jpg,3,23651,https://cpt.tcgcsv.com/x_K6,2025-11-13T14:52:00.29,1,,,0.01,0.1,2.05,0.04,0.03,Normal,067/191,Uncommon,Lightning,120,Stage 1,[CC] Glide (50),Lx2,F-30,1,[LLC] Storm Bolt (160)<br> Move all Energy from this Pokemon to your Benched Pokemon in any way you like.
589976,Kilowattrel,Kilowattrel,https://tcgplayer-cdn.tcgplayer.com/product/589976_200w.jpg,3,23651,https://cpt.tcgcsv.com/x_K6,2025-11-13T14:52:00.29,1,,,0.03,0.22,2.2,0.22,0.25,Reverse Holofoil,067/191,Uncommon,Lightning,120,Stage 1,[CC] Glide (50),Lx2,F-30,1,[LLC] Storm Bolt (160)<br> Move all Energy from this Pokemon to your Benched Pokemon in any way you like.
589977,Kilowattrel ex,Kilowattrel ex,https://tcgplayer-cdn.tcgplayer.com/product/589977_200w.jpg,3,23651,https://cpt.tcgcsv.com/z_K6,2025-11-29T06:31:37.55,1,,,0.2,0.7,40.0,0.38,0.37,Holofoil,068/191,Double Rare,Lightning,260,Stage 1,"[L] Return Charge<br> Switch this Pokemon with 1 of your Benched Pokemon. If you do, attach up to 2 Basic Lightning Energy cards from your hand to this Pokemon.",Lx2,F-30,0,[CC] Thunder Lance (40+)<br> This attack does 40 more damage for each Lightning Energy attached to this Pokemon.
589978,Klefki,Klefki,https://tcgplayer-cdn.tcgplayer.com/product/589978_200w.jpg,3,23651,https://cpt.tcgcsv.com/B_K6,2025-10-31T18:29:20.723,1,,,0.01,0.15,2.47,0.11,0.05,Reverse Holofoil,128/191,Common,Metal,70,Basic,"[C] Stick 'n' Draw<br> Discard a card from your hand. If you do, draw 2 cards.",Rx2,G-30,1,[C] Hook (20)
589978,Klefki,Klefki,https://tcgplayer-cdn.tcgplayer.com/product/589978_200w.jpg,3,23651,https://cpt.tcgcsv.com/B_K6,2025-10-31T18:29:20.723,1,,,0.01,0.1,2.03,0.05,0.03,Normal,128/191,Common,Metal,70,Basic,"[C] Stick 'n' Draw<br> Discard a card from your hand. If you do, draw 2 cards.",Rx2,G-30,1,[C] Hook (20)
589979,Koraidon,Koraidon,https://tcgplayer-cdn.tcgplayer.com/product/589979_200w.jpg,3,23651,https://cpt.tcgcsv.com/C_K6,2025-12-11T02:40:33.12,1,,,0.07,0.25,40.0,0.19,0.19,Reverse Holofoil,116/191,Uncommon,Fighting,130,Basic,"[CC] Unrelenting Onslaught (30+)<br> If 1 of your other Ancient Pokemon used an attack during your last turn, this attack does 150 more damage.",Px2,,2,[FFC] Hammer In (110)
589979,Koraidon,Koraidon,https://tcgplayer-cdn.tcgplayer.com/product/589979_200w.jpg,3,23651,https://cpt.tcgcsv.com/C_K6,2025-12-11T02:40:33.12,1,,,0.01,0.11,2.06,0.08,0.03,Normal,116/191,Uncommon,Fighting,130,Basic,"[CC] Unrelenting Onslaught (30+)<br> If 1 of your other Ancient Pokemon used an attack during your last turn, this attack does 150 more damage.",Px2,,2,[FFC] Hammer In (110)
589980,Landorus,Landorus,https://tcgplayer-cdn.tcgplayer.com/product/589980_200w.jpg,3,23651,https://cpt.tcgcsv.com/D_K6,2025-11-29T01:31:45.003,1,,,0.01,0.11,7.23,0.06,0.03,Holofoil,110/191,Rare,Fighting,130,Basic,[F] Fist of Focus (30)<br> Attach an Energy card from your discard pile to this Pokemon.,Gx2,,2,[FCCC] Buster Swing (130)<br> This attack's damage isn't affected by Resistance.
589980,Landorus,Landorus,https://tcgplayer-cdn.tcgplayer.com/product/589980_200w.jpg,3,23651,https://cpt.tcgcsv.com/D_K6,2025-11-29T01:31:45.003,1,,,0.03,0.21,4.99,0.2,0.15,Reverse Holofoil,110/191,Rare,Fighting,130,Basic,[F] Fist of Focus (30)<br> Attach an Energy card from your discard pile to this Pokemon.,Gx2,,2,[FCCC] Buster Swing (130)<br> This attack's damage isn't affected by Resistance.
589981,Larvesta - 024/191,Larvesta 024 191,https://tcgplayer-cdn.tcgplayer.com/product/589981_200w.jpg,3,23651,https://cpt.tcgcsv.com/F_K6,2025-10-14T02:08:12.657,1,,,0.01,0.1,5.0,0.03,0.03,Normal,024/191,Common,Fire,70,Basic,[C] Ram (10),Wx2,,2,[RC] Steady Firebreathing (20)
589981,Larvesta - 024/191,Larvesta 024 191,https://tcgplayer-cdn.tcgplayer.com/product/589981_200w.jpg,3,23651,https://cpt.tcgcsv.com/F_K6,2025-10-14T02:08:12.657,1,,,0.01,0.15,2.14,0.13,0.1,Reverse Holofoil,024/191,Common,Fire,70,Basic,[C] Ram (10),Wx2,,2,[RC] Steady Firebreathing (20)
589982,Larvesta - 196/191,Larvesta 196 191,https://tcgplayer-cdn.tcgplayer.com/product/589982_200w.jpg,3,23651,https://cpt.tcgcsv.com/G_K6,2025-10-22T19:31:18.91,1,,,1.0,2.15,200.0,1.78,2.06,Holofoil,196/191,Illustration Rare,Fire,70,Basic,[C] Ram (10),Wx2,,2,[RC] Steady Firebreathing (20)
589983,Latias ex - 076/191,Latias ex 076 191,https://tcgplayer-cdn.tcgplayer.com/product/589983_200w.jpg,3,23651,https://cpt.tcgcsv.com/H_K6,2026-01-06T18:52:46.83,1,<strong>Ability: Skyliner</strong> Your Basic Pokémon in play have no Retreat Cost.,,2.84,4.42,15.03,3.58,4.09,Holofoil,076/191,Double Rare,Psychic,210,Basic,"[PPC] Eon Blade (200)<br> During your next turn, this Pokemon can't attack.",Dx2,F-30,2,
589984,Latias ex - 220/191,Latias ex 220 191,https://tcgplayer-cdn.tcgplayer.com/product/589984_200w.jpg,3,23651,https://cpt.tcgcsv.com/J_K6,2025-11-29T01:07:24.707,1,<strong>Ability: Skyliner</strong> Your Basic Pokémon in play have no Retreat Cost.,,4.0,6.99,30.0,5.26,5.26,Holofoil,220/191,Ultra Rare,Psychic,210,Basic,"[PPC] Eon Blade (200)<br> During your next turn, this Pokemon can't attack.",Dx2,F-30,2,
589985,Latias ex - 239/191,Latias ex 239 191,https://tcgplayer-cdn.tcgplayer.com/product/589985_200w.jpg,3,23651,https://cpt.tcgcsv.com/K_K6,2025-08-07T12:23:40.92,1,<strong>Ability: Skyliner</strong> Your Basic Pokémon in play have no Retreat Cost.,,146.03,169.66,370.0,155.06,164.98,Holofoil,239/191,Special Illustration Rare,Psychic,210,Basic,"[PPC] Eon Blade (200)<br> During your next turn, this Pokemon can't attack.",Dx2,F-30,2,
589986,Latios - 077/191,Latios 077 191,https://tcgplayer-cdn.tcgplayer.com/product/589986_200w.jpg,3,23651,https://cpt.tcgcsv.com/L_K6,2025-10-14T20:58:44.347,1,,,0.02,0.23,28.0,0.22,0.29,Reverse Holofoil,077/191,Uncommon,Psychic,120,Basic,[PC] Skill Dive<br> This attack does 50 damage to 1 of your opponent's Pokemon. <em>(Don't apply Weakness and Resistance for Benched Pokemon.)</em>,Dx2,F-30,2,[PPC] Jet Headbutt (110)
589986,Latios - 077/191,Latios 077 191,https://tcgplayer-cdn.tcgplayer.com/product/589986_200w.jpg,3,23651,https://cpt.tcgcsv.com/L_K6,2025-10-14T20:58:44.347,1,,,0.01,0.1,2.25,0.06,0.03,Normal,077/191,Uncommon,Psychic,120,Basic,[PC] Skill Dive<br> This attack does 50 damage to 1 of your opponent's Pokemon. <em>(Don't apply Weakness and Resistance for Benched Pokemon.)</em>,Dx2,F-30,2,[PPC] Jet Headbutt (110)
589987,Latios - 203/191,Latios 203 191,https://tcgplayer-cdn.tcgplayer.com/product/589987_200w.jpg,3,23651,https://cpt.tcgcsv.com/M_K6,2025-08-07T12:23:41.067,1,,,19.25,27.0,120.0,22.98,,Holofoil,203/191,Illustration Rare,Psychic,120,Basic,[PC] Skill Dive<br> This attack does 50 damage to 1 of your opponent's Pokemon. <em>(Don't apply Weakness and Resistance for Benched Pokemon.)</em>,Dx2,F-30,2,[PPC] Jet Headbutt (110)
589988,Lisia's Appeal - 179/191,Lisias Appeal 179 191,https://tcgplayer-cdn.tcgplayer.com/product/589988_200w.jpg,3,23651,https://cpt.tcgcsv.com/N_K6,2025-10-31T18:29:21.7,1,"Switch in 1 of your opponent's Benched Basic Pokémon to the Active Spot. If you do, the new Active Pokémon is now Confused.",,0.01,0.24,10.0,0.15,0.12,Reverse Holofoil,179/191,Uncommon,Trainer - Supporter,,,,,,,
589988,Lisia's Appeal - 179/191,Lisias Appeal 179 191,https://tcgplayer-cdn.tcgplayer.com/product/589988_200w.jpg,3,23651,https://cpt.tcgcsv.com/N_K6,2025-10-31T18:29:21.7,1,"Switch in 1 of your opponent's Benched Basic Pokémon to the Active Spot. If you do, the new Active Pokémon is now Confused.",,0.01,0.11,2.95,0.08,0.03,Normal,179/191,Uncommon,Trainer - Supporter,,,,,,,
589989,Lisia's Appeal - 234/191,Lisias Appeal 234 191,https://tcgplayer-cdn.tcgplayer.com/product/589989_200w.jpg,3,23651,https://cpt.tcgcsv.com/P_K6,2025-10-21T19:27:10.153,1,"Switch in 1 of your opponent's Benched Basic Pokémon to the Active Spot. If you do, the new Active Pokémon is now Confused.",,2.0,3.67,30.0,3.39,,Holofoil,234/191,Ultra Rare,Trainer - Supporter,,,,,,,
589990,Lisia's Appeal - 246/191,Lisias Appeal 246 191,https://tcgplayer-cdn.tcgplayer.com/product/589990_200w.jpg,3,23651,https://cpt.tcgcsv.com/Q_K6,2025-08-07T12:23:41.3,1,"Switch in 1 of your opponent's Benched Basic Pokémon to the Active Spot. If you do, the new Active Pokémon is now Confused.",,24.25,32.78,90.0,30.18,29.99,Holofoil,246/191,Special Illustration Rare,Trainer - Supporter,,,,,,,
589991,Lively Stadium,Lively Stadium,https://tcgplayer-cdn.tcgplayer.com/product/589991_200w.jpg,3,23651,https://cpt.tcgcsv.com/R_K6,2025-10-31T18:29:18.95,1,Each Basic Pokémon in play <em>(both yours and your opponent's)</em> gets +30 HP.,,0.02,0.16,2.28,0.18,0.06,Normal,180/191,Uncommon,Trainer - Stadium,,,,,,,
589991,Lively Stadium,Lively Stadium,https://tcgplayer-cdn.tcgplayer.com/product/589991_200w.jpg,3,23651,https://cpt.tcgcsv.com/R_K6,2025-10-31T18:29:18.95,1,Each Basic Pokémon in play <em>(both yours and your opponent's)</em> gets +30 HP.,,0.03,0.27,3.29,0.27,0.2,Reverse Holofoil,180/191,Uncommon,Trainer - Stadium,,,,,,,
589992,Magnemite,Magnemite,https://tcgplayer-cdn.tcgplayer.com/product/589992_200w.jpg,3,23651,https://cpt.tcgcsv.com/S_K6,2025-08-07T12:23:41.447,1,,,0.01,0.15,2.37,0.12,0.1,Reverse Holofoil,058/191,Common,Lightning,60,Basic,[L] Lightning Ball (20),Fx2,,1,
589992,Magnemite,Magnemite,https://tcgplayer-cdn.tcgplayer.com/product/589992_200w.jpg,3,23651,https://cpt.tcgcsv.com/S_K6,2025-08-07T12:23:41.447,1,,,0.01,0.1,2.28,0.04,0.03,Normal,058/191,Common,Lightning,60,Basic,[L] Lightning Ball (20),Fx2,,1,
589993,Magneton,Magneton,https://tcgplayer-cdn.tcgplayer.com/product/589993_200w.jpg,3,23651,https://cpt.tcgcsv.com/T_K6,2025-11-13T06:52:43.113,1,"<strong>Ability: Overvolt Discharge</strong> Once during your turn, you may attach up to 3 Basic Energy cards from your discard pile to your Lightning Pokémon in any way you like. If you use this Ability, this Pokémon is Knocked Out.",,0.01,0.1,19.98,0.06,0.03,Normal,059/191,Uncommon,Lightning,100,Stage 1,[LC] Electric Ball (40),Fx2,,1,
589993,Magneton,Magneton,https://tcgplayer-cdn.tcgplayer.com/product/589993_200w.jpg,3,23651,https://cpt.tcgcsv.com/T_K6,2025-11-13T06:52:43.113,1,"<strong>Ability: Overvolt Discharge</strong> Once during your turn, you may attach up to 3 Basic Energy cards from your discard pile to your Lightning Pokémon in any way you like. If you use this Ability, this Pokémon is Knocked Out.",,0.04,0.25,20.0,0.18,0.11,Reverse Holofoil,059/191,Uncommon,Lightning,100,Stage 1,[LC] Electric Ball (40),Fx2,,1,
589994,Magnezone,Magnezone,https://tcgplayer-cdn.tcgplayer.com/product/589994_200w.jpg,3,23651,https://cpt.tcgcsv.com/V_K6,2025-08-07T12:23:41.61,1,,,0.02,0.21,3.33,0.22,0.29,Reverse Holofoil,060/191,Uncommon,Lightning,170,Stage 2,"[LCC] Mighty Magnetism (80)<br> Your opponent's Active Pokemon is now Confused. During your opponent's next turn, that Pokemon can't retreat.",Fx2,,3,"[LCCC] Zap Cannon (180)<br> During your next turn, this Pokemon can't use Zap Cannon."
589994,Magnezone,Magnezone,https://tcgplayer-cdn.tcgplayer.com/product/589994_200w.jpg,3,23651,https://cpt.tcgcsv.com/V_K6,2025-08-07T12:23:41.61,1,,,0.01,0.1,2.05,0.05,0.03,Normal,060/191,Uncommon,Lightning,170,Stage 2,"[LCC] Mighty Magnetism (80)<br> Your opponent's Active Pokemon is now Confused. During your opponent's next turn, that Pokemon can't retreat.",Fx2,,3,"[LCCC] Zap Cannon (180)<br> During your next turn, this Pokemon can't use Zap Cannon."
589995,Mankey,Mankey,https://tcgplayer-cdn.tcgplayer.com/product/589995_200w.jpg,3,23651,https://cpt.tcgcsv.com/W_K6,2025-10-14T20:50:45.973,1,,,0.01,0.14,40.0,0.07,0.08,Reverse Holofoil,098/191,Common,Fighting,60,Basic,[C] Dual Chop (10x)<br> Flip 2 coins. This attack does 10 damage for each heads.,Px2,,1,
589995,Mankey,Mankey,https://tcgplayer-cdn.tcgplayer.com/product/589995_200w.jpg,3,23651,https://cpt.tcgcsv.com/W_K6,2025-10-14T20:50:45.973,1,,,0.01,0.1,20.0,0.04,0.03,Normal,098/191,Common,Fighting,60,Basic,[C] Dual Chop (10x)<br> Flip 2 coins. This attack does 10 damage for each heads.,Px2,,1,
589996,Mantine,Mantine,https://tcgplayer-cdn.tcgplayer.com/product/589996_200w.jpg,3,23651,https://cpt.tcgcsv.com/X_K6,2025-10-31T18:29:18.43,1,,,0.04,0.2,1.54,0.18,0.17,Reverse Holofoil,040/191,Common,Water,110,Basic,[W] Wave Splash (30),Lx2,,1,[WC] Aqua Dive<br> This attack does 50 damage to 1 of your opponent's Pokemon. <em>(Don't apply Weakness or Resistance for Benched Pokemon.)</em>
589996,Mantine,Mantine,https://tcgplayer-cdn.tcgplayer.com/product/589996_200w.jpg,3,23651,https://cpt.tcgcsv.com/X_K6,2025-10-31T18:29:18.43,1,,,0.01,0.1,2.06,0.05,0.03,Normal,040/191,Common,Water,110,Basic,[W] Wave Splash (30),Lx2,,1,[WC] Aqua Dive<br> This attack does 50 damage to 1 of your opponent's Pokemon. <em>(Don't apply Weakness or Resistance for Benched Pokemon.)</em>
589997,Marill,Marill,https://tcgplayer-cdn.tcgplayer.com/product/589997_200w.jpg,3,23651,https://cpt.tcgcsv.com/Z_K6,2025-10-14T20:49:46.447,1,,,0.02,0.17,2.47,0.16,0.15,Reverse Holofoil,073/191,Common,Psychic,60,Basic,[P] Rolling Tackle (20),Mx2,,1,
589997,Marill,Marill,https://tcgplayer-cdn.tcgplayer.com/product/589997_200w.jpg,3,23651,https://cpt.tcgcsv.com/Z_K6,2025-10-14T20:49:46.447,1,,,0.01,0.1,20.0,0.07,0.04,Normal,073/191,Common,Psychic,60,Basic,[P] Rolling Tackle (20),Mx2,,1,
589998,Maushold,Maushold,https://tcgplayer-cdn.tcgplayer.com/product/589998_200w.jpg,3,23651,https://cpt.tcgcsv.com/-_K6,2025-10-31T18:29:17.407,1,,,0.01,0.12,2.1,0.1,0.05,Normal,158/191,Uncommon,Colorless,80,Stage 1,"[C] Familial March<br> Search your deck for up to 2 in any combination of Maushold and Maushold ex and put them onto your Bench. Then, shuffle your deck.",Fx2,,1,[C] Incessant Incisors (30x)<br> Flip 4 coins. This attack does 30 damage for each heads.
589998,Maushold,Maushold,https://tcgplayer-cdn.tcgplayer.com/product/589998_200w.jpg,3,23651,https://cpt.tcgcsv.com/-_K6,2025-10-31T18:29:17.407,1,,,0.06,0.25,2.22,0.21,0.18,Reverse Holofoil,158/191,Uncommon,Colorless,80,Stage 1,"[C] Familial March<br> Search your deck for up to 2 in any combination of Maushold and Maushold ex and put them onto your Bench. Then, shuffle your deck.",Fx2,,1,[C] Incessant Incisors (30x)<br> Flip 4 coins. This attack does 30 damage for each heads.
589999,Meddling Memo,Meddling Memo,https://tcgplayer-cdn.tcgplayer.com/product/589999_200w.jpg,3,23651,https://cpt.tcgcsv.com/__K6,2025-10-31T18:29:19.393,1,"Your opponent counts the cards in their hand, shuffles those cards, and puts them on the bottom of their deck. If they do, they draw that many cards.",,0.01,0.1,2.28,0.06,0.03,Normal,181/191,Uncommon,Trainer - Item,,,,,,,
589999,Meddling Memo,Meddling Memo,https://tcgplayer-cdn.tcgplayer.com/product/589999_200w.jpg,3,23651,https://cpt.tcgcsv.com/__K6,2025-10-31T18:29:19.393,1,"Your opponent counts the cards in their hand, shuffles those cards, and puts them on the bottom of their deck. If they do, they draw that many cards.",,0.01,0.2,2.14,0.16,0.14,Reverse Holofoil,181/191,Uncommon,Trainer - Item,,,,,,,
590000,Megaton Blower,Megaton Blower,https://tcgplayer-cdn.tcgplayer.com/product/590000_200w.jpg,3,23651,https://cpt.tcgcsv.com/00L6,2025-10-31T18:29:19.137,1,"Discard all Pokémon Tools and Special Energy from all of your opponent's Pokémon, and discard a Stadium in play.",,0.01,0.49,50.0,0.39,0.33,Holofoil,182/191,ACE SPEC Rare,Trainer - Item,,,,,,,
590001,Meowstic,Meowstic,https://tcgplayer-cdn.tcgplayer.com/product/590001_200w.jpg,3,23651,https://cpt.tcgcsv.com/20L6,2025-08-07T12:23:42.12,1,"<strong>Ability: Beckoning Tail</strong> You must discard a Chill Teaser Toy card from your hand in order to use this Ability. Once during your turn, you may switch in 1 of your opponent's Benched Pokémon to the Active Spot.",,0.06,0.23,2.21,0.21,0.29,Reverse Holofoil,085/191,Uncommon,Psychic,90,Stage 1,[PCC] Psyshot (80),Dx2,F-30,1,
590001,Meowstic,Meowstic,https://tcgplayer-cdn.tcgplayer.com/product/590001_200w.jpg,3,23651,https://cpt.tcgcsv.com/20L6,2025-08-07T12:23:42.12,1,"<strong>Ability: Beckoning Tail</strong> You must discard a Chill Teaser Toy card from your hand in order to use this Ability. Once during your turn, you may switch in 1 of your opponent's Benched Pokémon to the Active Spot.",,0.01,0.1,2.05,0.06,0.03,Normal,085/191,Uncommon,Psychic,90,Stage 1,[PCC] Psyshot (80),Dx2,F-30,1,
590002,Mesprit - 079/191,Mesprit 079 191,https://tcgplayer-cdn.tcgplayer.com/product/590002_200w.jpg,3,23651,https://cpt.tcgcsv.com/30L6,2025-11-29T05:38:51.273,1,,,0.01,0.1,2.07,0.06,0.03,Normal,079/191,Common,Psychic,70,Basic,[C] Full Heart<br> Attach up to 2 Basic Psychic Energy cards from your hand to your Pokemon in any way you like.,Dx2,F-30,1,"[PP] Guardian Burst (160)<br> If you don't have Uxie and Azelf on your Bench, this attack does nothing."
590002,Mesprit - 079/191,Mesprit 079 191,https://tcgplayer-cdn.tcgplayer.com/product/590002_200w.jpg,3,23651,https://cpt.tcgcsv.com/30L6,2025-11-29T05:38:51.273,1,,,0.08,0.24,2.2,0.22,0.17,Reverse Holofoil,079/191,Common,Psychic,70,Basic,[C] Full Heart<br> Attach up to 2 Basic Psychic Energy cards from your hand to your Pokemon in any way you like.,Dx2,F-30,1,"[PP] Guardian Burst (160)<br> If you don't have Uxie and Azelf on your Bench, this attack does nothing."
590003,Mesprit - 204/191,Mesprit 204 191,https://tcgplayer-cdn.tcgplayer.com/product/590003_200w.jpg,3,23651,https://cpt.tcgcsv.com/50L6,2025-10-22T19:32:36.217,1,,,6.68,10.0,100.0,8.74,10.49,Holofoil,204/191,Illustration Rare,Psychic,70,Basic,[C] Full Heart<br> Attach up to 2 Basic Psychic Energy cards from your hand to your Pokemon in any way you like.,Dx2,F-30,1,"[PP] Guardian Burst (160)<br> If you don't have Uxie and Azelf on your Bench, this attack does nothing."
590004,Milotic ex - 042/191,Milotic ex 042 191,https://tcgplayer-cdn.tcgplayer.com/product/590004_200w.jpg,3,23651,https://cpt.tcgcsv.com/60L6,2025-11-29T05:39:26.577,1,<strong>Ability: Sparkling Scales</strong> Prevent all damage from and effects of attacks from your opponent's Tera Pokémon done to this Pokémon.,,0.19,0.8,11.49,0.47,0.44,Holofoil,042/191,Double Rare,Water,270,Stage 1,[WCC] Hypno Splash (160)<br> Your opponent's Active Pokemon is now Asleep.,Lx2,,2,
590005,Milotic ex - 217/191,Milotic ex 217 191,https://tcgplayer-cdn.tcgplayer.com/product/590005_200w.jpg,3,23651,https://cpt.tcgcsv.com/70L6,2025-08-07T12:23:42.417,1,<strong>Ability: Sparkling Scales</strong> Prevent all damage from and effects of attacks from your opponent's Tera Pokémon done to this Pokémon.,,0.95,2.16,502.2,1.58,,Holofoil,217/191,Ultra Rare,Water,270,Stage 1,[WCC] Hypno Splash (160)<br> Your opponent's Active Pokemon is now Asleep.,Lx2,,2,
590006,Milotic ex - 237/191,Milotic ex 237 191,https://tcgplayer-cdn.tcgplayer.com/product/590006_200w.jpg,3,23651,https://cpt.tcgcsv.com/80L6,2025-08-07T12:23:42.51,1,<strong>Ability: Sparkling Scales</strong> Prevent all damage from and effects of attacks from your opponent's Tera Pokémon done to this Pokémon.,,92.94,100.26,199.95,94.38,,Holofoil,237/191,Special Illustration Rare,Water,270,Stage 1,[WCC] Hypno Splash (160)<br> Your opponent's Active Pokemon is now Asleep.,Lx2,,2,
590007,Miracle Headset,Miracle Headset,https://tcgplayer-cdn.tcgplayer.com/product/590007_200w.jpg,3,23651,https://cpt.tcgcsv.com/90L6,2025-08-07T12:23:42.587,1,Put up to 2 Supporter cards from your discard pile into your hand.,,0.07,0.49,45.0,0.48,0.43,Holofoil,183/191,ACE SPEC Rare,Trainer - Item,,,,,,,
590008,Miraidon,Miraidon,https://tcgplayer-cdn.tcgplayer.com/product/590008_200w.jpg,3,23651,https://cpt.tcgcsv.com/b0L6,2025-10-31T18:29:21.543,1,,,0.04,0.2,2.16,0.17,0.15,Reverse Holofoil,069/191,Uncommon,Lightning,120,Basic,"[LC] C.O.D.E.: Protect (40)<br> During your opponent's next turn, prevent all damage done to each of your Future Pokemon by attacks from Pokemon ex. If this Pokemon is no longer your Active Pokemon, this effect ends.",Fx2,,1,[LCC] Thunder Claws (100)
590008,Miraidon,Miraidon,https://tcgplayer-cdn.tcgplayer.com/product/590008_200w.jpg,3,23651,https://cpt.tcgcsv.com/b0L6,2025-10-31T18:29:21.543,1,,,0.01,0.1,20.0,0.08,0.03,Normal,069/191,Uncommon,Lightning,120,Basic,"[LC] C.O.D.E.: Protect (40)<br> During your opponent's next turn, prevent all damage done to each of your Future Pokemon by attacks from Pokemon ex. If this Pokemon is no longer your Active Pokemon, this effect ends.",Fx2,,1,[LCC] Thunder Claws (100)
590009,Morelull,Morelull,https://tcgplayer-cdn.tcgplayer.com/product/590009_200w.jpg,3,23651,https://cpt.tcgcsv.com/c0L6,2025-08-07T12:23:42.74,1,,,0.01,0.1,2.04,0.04,0.03,Normal,008/191,Common,Grass,60,Basic,[C] Attach (10),Rx2,,1,
590009,Morelull,Morelull,https://tcgplayer-cdn.tcgplayer.com/product/590009_200w.jpg,3,23651,https://cpt.tcgcsv.com/c0L6,2025-08-07T12:23:42.74,1,,,0.01,0.15,40.0,0.12,0.07,Reverse Holofoil,008/191,Common,Grass,60,Basic,[C] Attach (10),Rx2,,1,
590010,Ninetales,Ninetales,https://tcgplayer-cdn.tcgplayer.com/product/590010_200w.jpg,3,23651,https://cpt.tcgcsv.com/d0L6,2025-10-31T18:29:19.84,1,,,0.01,0.1,20.0,0.07,0.03,Normal,017/191,Uncommon,Fire,120,Stage 1,[R] Fire Soul (50)<br> This attack also does 30 damage to 1 of your opponent's Benched Pokemon. <em>(Don't apply Weakness and Resistance for Benched Pokemon.)</em>,Wx2,,1,
590010,Ninetales,Ninetales,https://tcgplayer-cdn.tcgplayer.com/product/590010_200w.jpg,3,23651,https://cpt.tcgcsv.com/d0L6,2025-10-31T18:29:19.84,1,,,0.04,0.29,2.25,0.31,0.24,Reverse Holofoil,017/191,Uncommon,Fire,120,Stage 1,[R] Fire Soul (50)<br> This attack also does 30 damage to 1 of your opponent's Benched Pokemon. <em>(Don't apply Weakness and Resistance for Benched Pokemon.)</em>,Wx2,,1,
590011,Oranguru,Oranguru,https://tcgplayer-cdn.tcgplayer.com/product/590011_200w.jpg,3,23651,https://cpt.tcgcsv.com/f0L6,2025-08-07T12:23:42.91,1,,,0.01,0.15,2.37,0.1,0.08,Reverse Holofoil,156/191,Common,Colorless,120,Basic,"[C] Now You're in My Power<br> Until the end of your next turn, the Defending Pokemon's Weakness is now Colorless. <em>(The amount of Weakness doesn't change.)</em>",Fx2,,2,[CCC] Smack (80)
590011,Oranguru,Oranguru,https://tcgplayer-cdn.tcgplayer.com/product/590011_200w.jpg,3,23651,https://cpt.tcgcsv.com/f0L6,2025-08-07T12:23:42.91,1,,,0.01,0.1,2.06,0.07,0.04,Normal,156/191,Common,Colorless,120,Basic,"[C] Now You're in My Power<br> Until the end of your next turn, the Defending Pokemon's Weakness is now Colorless. <em>(The amount of Weakness doesn't change.)</em>",Fx2,,2,[CCC] Smack (80)
590012,Oricorio - 026/191,Oricorio 026 191,https://tcgplayer-cdn.tcgplayer.com/product/590012_200w.jpg,3,23651,https://cpt.tcgcsv.com/g0L6,2025-08-07T12:23:42.99,1,,,0.01,0.15,2.37,0.12,0.08,Reverse Holofoil,026/191,Common,Fire,90,Basic,[R] Energy Assist<br> Attach up to 2 Basic Energy cards from your discard pile to 1 of your Benched Pokemon.,Wx2,,1,[R] Fireworks (30)<br> Discard an Energy from this Pokemon.
590012,Oricorio - 026/191,Oricorio 026 191,https://tcgplayer-cdn.tcgplayer.com/product/590012_200w.jpg,3,23651,https://cpt.tcgcsv.com/g0L6,2025-08-07T12:23:42.99,1,,,0.01,0.1,2.04,0.06,0.07,Normal,026/191,Common,Fire,90,Basic,[R] Energy Assist<br> Attach up to 2 Basic Energy cards from your discard pile to 1 of your Benched Pokemon.,Wx2,,1,[R] Fireworks (30)<br> Discard an Energy from this Pokemon.
590013,Oricorio - 089/191,Oricorio 089 191,https://tcgplayer-cdn.tcgplayer.com/product/590013_200w.jpg,3,23651,https://cpt.tcgcsv.com/h0L6,2025-10-31T18:29:20.063,1,,,0.01,0.15,2.47,0.13,0.07,Reverse Holofoil,089/191,Common,Psychic,90,Basic,[P] Energy Assist<br> Attach up to 2 Basic Energy cards from your discard pile to 1 of your Benched Pokemon.,Dx2,F-30,1,[PC] Dazzle Dance (20)<br> Your opponent's Active Pokemon is now Confused.
590013,Oricorio - 089/191,Oricorio 089 191,https://tcgplayer-cdn.tcgplayer.com/product/590013_200w.jpg,3,23651,https://cpt.tcgcsv.com/h0L6,2025-10-31T18:29:20.063,1,,,0.01,0.1,2.06,0.05,0.03,Normal,089/191,Common,Psychic,90,Basic,[P] Energy Assist<br> Attach up to 2 Basic Energy cards from your discard pile to 1 of your Benched Pokemon.,Dx2,F-30,1,[PC] Dazzle Dance (20)<br> Your opponent's Active Pokemon is now Confused.
590014,Paldean Tauros - 018/191,Paldean Tauros 018 191,https://tcgplayer-cdn.tcgplayer.com/product/590014_200w.jpg,3,23651,https://cpt.tcgcsv.com/j0L6,2025-10-31T18:29:20.967,1,,,0.01,0.1,20.0,0.05,0.02,Normal,018/191,Uncommon,Fire,130,Basic,[R] Rear Kick (30),Wx2,,2,"[RCC] Spirited Tackle (90+)<br> If your opponent's Active Pokemon is a Stage 1 Pokemon, this attack does 90 more damage."
590014,Paldean Tauros - 018/191,Paldean Tauros 018 191,https://tcgplayer-cdn.tcgplayer.com/product/590014_200w.jpg,3,23651,https://cpt.tcgcsv.com/j0L6,2025-10-31T18:29:20.967,1,,,0.03,0.2,2.17,0.16,0.15,Reverse Holofoil,018/191,Uncommon,Fire,130,Basic,[R] Rear Kick (30),Wx2,,2,"[RCC] Spirited Tackle (90+)<br> If your opponent's Active Pokemon is a Stage 1 Pokemon, this attack does 90 more damage."
590015,Paldean Tauros - 039/191,Paldean Tauros 039 191,https://tcgplayer-cdn.tcgplayer.com/product/590015_200w.jpg,3,23651,https://cpt.tcgcsv.com/k0L6,2025-08-07T12:23:43.227,1,,,0.01,0.1,2.06,0.06,0.03,Normal,039/191,Uncommon,Water,130,Basic,[CC] Upthrusting Horns (30)<br> You may put 2 Energy attached to your opponent's Active Stage 2 Pokemon into their hand.,Lx2,,2,[WWC] Jet Headbutt (100)
590015,Paldean Tauros - 039/191,Paldean Tauros 039 191,https://tcgplayer-cdn.tcgplayer.com/product/590015_200w.jpg,3,23651,https://cpt.tcgcsv.com/k0L6,2025-08-07T12:23:43.227,1,,,0.05,0.22,2.21,0.22,0.27,Reverse Holofoil,039/191,Uncommon,Water,130,Basic,[CC] Upthrusting Horns (30)<br> You may put 2 Energy attached to your opponent's Active Stage 2 Pokemon into their hand.,Lx2,,2,[WWC] Jet Headbutt (100)
590016,Paldean Tauros - 101/191,Paldean Tauros 101 191,https://tcgplayer-cdn.tcgplayer.com/product/590016_200w.jpg,3,23651,https://cpt.tcgcsv.com/l0L6,2025-12-11T02:41:12.53,1,,,0.01,0.1,2.05,0.06,0.03,Normal,101/191,Uncommon,Fighting,130,Basic,[FC] Smash Kick (40),Px2,,2,"[FCC] Blocking Stomp (90)<br> If the Defending Pokemon is a Basic Pokemon, it can't attack during your opponent's next turn."
590016,Paldean Tauros - 101/191,Paldean Tauros 101 191,https://tcgplayer-cdn.tcgplayer.com/product/590016_200w.jpg,3,23651,https://cpt.tcgcsv.com/l0L6,2025-12-11T02:41:12.53,1,,,0.02,0.21,40.0,0.21,0.24,Reverse Holofoil,101/191,Uncommon,Fighting,130,Basic,[FC] Smash Kick (40),Px2,,2,"[FCC] Blocking Stomp (90)<br> If the Defending Pokemon is a Basic Pokemon, it can't attack during your opponent's next turn."
590017,Palkia,Palkia,https://tcgplayer-cdn.tcgplayer.com/product/590017_200w.jpg,3,23651,https://cpt.tcgcsv.com/m0L6,2025-10-31T18:29:15.807,1,,,0.01,0.13,2.13,0.11,0.04,Holofoil,136/191,Rare,Dragon,130,Basic,[GW] Space Crash (40x)<br> This attack does 40 damage for each Basic Energy attached to this Pokemon.,,,2,
590017,Palkia,Palkia,https://tcgplayer-cdn.tcgplayer.com/product/590017_200w.jpg,3,23651,https://cpt.tcgcsv.com/m0L6,2025-10-31T18:29:15.807,1,,,0.03,0.2,2.17,0.16,0.13,Reverse Holofoil,136/191,Rare,Dragon,130,Basic,[GW] Space Crash (40x)<br> This attack does 40 damage for each Basic Energy attached to this Pokemon.,,,2,
590018,Palossand ex - 091/191,Palossand ex 091 191,https://tcgplayer-cdn.tcgplayer.com/product/590018_200w.jpg,3,23651,https://cpt.tcgcsv.com/n0L6,2025-11-04T00:51:09.793,1,,,0.12,0.69,12.0,0.46,0.52,Holofoil,091/191,Double Rare,Psychic,280,Stage 1,"[CCC] Sand Tomb (160)<br> During your opponent's next turn, the Defending Pokemon can't retreat.",Dx2,F-30,4,[WPF] Barite Jail<br> Put damage counters on each of your opponent's Benched Pokemon until its remaining HP is 100.
590019,Palossand ex - 221/191,Palossand ex 221 191,https://tcgplayer-cdn.tcgplayer.com/product/590019_200w.jpg,3,23651,https://cpt.tcgcsv.com/p0L6,2025-08-07T12:23:43.547,1,,,0.75,1.5,11.95,1.29,,Holofoil,221/191,Ultra Rare,Psychic,280,Stage 1,"[CCC] Sand Tomb (160)<br> During your opponent's next turn, the Defending Pokemon can't retreat.",Dx2,F-30,4,[WPF] Barite Jail<br> Put damage counters on each of your opponent's Benched Pokemon until its remaining HP is 100.
590020,Pansear,Pansear,https://tcgplayer-cdn.tcgplayer.com/product/590020_200w.jpg,3,23651,https://cpt.tcgcsv.com/q0L6,2025-10-31T18:29:21.623,1,,,0.01,0.14,40.0,0.12,0.09,Reverse Holofoil,022/191,Common,Fire,60,Basic,[R] Combustion (20),Wx2,,1,
590020,Pansear,Pansear,https://tcgplayer-cdn.tcgplayer.com/product/590020_200w.jpg,3,23651,https://cpt.tcgcsv.com/q0L6,2025-10-31T18:29:21.623,1,,,0.01,0.1,2.07,0.05,0.03,Normal,022/191,Common,Fire,60,Basic,[R] Combustion (20),Wx2,,1,
590021,Passho Berry,Passho Berry,https://tcgplayer-cdn.tcgplayer.com/product/590021_200w.jpg,3,23651,https://cpt.tcgcsv.com/r0L6,2025-08-07T12:23:43.713,1,"If the Pokémon this card is attached to is damaged by an attack from your opponent's Water Pokémon, it takes 60 less damage <em>(after applying Weakness and Resistance)</em>, and discard this card.",,0.01,0.1,2.28,0.05,0.03,Normal,184/191,Uncommon,Trainer - Pokemon Tool,,,,,,,
590021,Passho Berry,Passho Berry,https://tcgplayer-cdn.tcgplayer.com/product/590021_200w.jpg,3,23651,https://cpt.tcgcsv.com/r0L6,2025-08-07T12:23:43.713,1,"If the Pokémon this card is attached to is damaged by an attack from your opponent's Water Pokémon, it takes 60 less damage <em>(after applying Weakness and Resistance)</em>, and discard this card.",,0.02,0.19,2.18,0.18,0.17,Reverse Holofoil,184/191,Uncommon,Trainer - Pokemon Tool,,,,,,,
590022,Passimian,Passimian,https://tcgplayer-cdn.tcgplayer.com/product/590022_200w.jpg,3,23651,https://cpt.tcgcsv.com/s0L6,2025-10-31T18:29:16.107,1,,,0.01,0.1,20.0,0.06,0.03,Normal,111/191,Uncommon,Fighting,110,Basic,[FC] Coordinated Throwing (20x)<br> This attack does 20 damage for each of your Basic Pokemon in play.,Px2,,1,
590022,Passimian,Passimian,https://tcgplayer-cdn.tcgplayer.com/product/590022_200w.jpg,3,23651,https://cpt.tcgcsv.com/s0L6,2025-10-31T18:29:16.107,1,,,0.05,0.21,2.16,0.21,0.21,Reverse Holofoil,111/191,Uncommon,Fighting,110,Basic,[FC] Coordinated Throwing (20x)<br> This attack does 20 damage for each of your Basic Pokemon in play.,Px2,,1,
590023,Phanpy - 102/191,Phanpy 102 191,https://tcgplayer-cdn.tcgplayer.com/product/590023_200w.jpg,3,23651,https://cpt.tcgcsv.com/t0L6,2025-10-14T20:57:33.08,1,,,0.01,0.16,2.16,0.16,0.12,Reverse Holofoil,102/191,Common,Fighting,80,Basic,[F] Headbutt (20),Gx2,,2,
590023,Phanpy - 102/191,Phanpy 102 191,https://tcgplayer-cdn.tcgplayer.com/product/590023_200w.jpg,3,23651,https://cpt.tcgcsv.com/t0L6,2025-10-14T20:57:33.08,1,,,0.01,0.1,2.06,0.05,0.04,Normal,102/191,Common,Fighting,80,Basic,[F] Headbutt (20),Gx2,,2,
590024,Phanpy - 205/191,Phanpy 205 191,https://tcgplayer-cdn.tcgplayer.com/product/590024_200w.jpg,3,23651,https://cpt.tcgcsv.com/v0L6,2025-10-27T20:04:58.917,1,,,3.99,5.66,100.0,4.77,5.19,Holofoil,205/191,Illustration Rare,Fighting,80,Basic,[F] Headbutt (20),Gx2,,2,
590025,Pikachu ex - 057/191,Pikachu ex 057 191,https://tcgplayer-cdn.tcgplayer.com/product/590025_200w.jpg,3,23651,https://cpt.tcgcsv.com/w0L6,2026-01-07T16:45:12.967,1,"<strong>Ability: Resolute Heart</strong> If this Pokémon has full HP and would be Knocked Out by damage from an attack, it is not Knocked Out, and its remaining HP becomes 10.",,2.95,4.75,29.99,4.51,5.2,Holofoil,057/191,Double Rare,Lightning,200,Basic,[GLM] Topaz Bolt (300)<br> Discard 3 Energy from this Pokemon.,Fx2,,1,
590026,Pikachu ex - 219/191,Pikachu ex 219 191,https://tcgplayer-cdn.tcgplayer.com/product/590026_200w.jpg,3,23651,https://cpt.tcgcsv.com/x0L6,2025-08-07T12:23:44.11,1,"<strong>Ability: Resolute Heart</strong> If this Pokémon has full HP and would be Knocked Out by damage from an attack, it is not Knocked Out, and its remaining HP becomes 10.",,17.0,21.95,118.08,17.68,,Holofoil,219/191,Ultra Rare,Lightning,200,Basic,[GLM] Topaz Bolt (300)<br> Discard 3 Energy from this Pokemon.,Fx2,,1,
590027,Pikachu ex - 238/191,Pikachu ex 238 191,https://tcgplayer-cdn.tcgplayer.com/product/590027_200w.jpg,3,23651,https://cpt.tcgcsv.com/z0L6,2025-12-01T23:23:24.743,1,"<strong>Ability: Resolute Heart</strong> If this Pokémon has full HP and would be Knocked Out by damage from an attack, it is not Knocked Out, and its remaining HP becomes 10.",,240.0,290.44,868.0,251.74,240.98,Holofoil,238/191,Special Illustration Rare,Lightning,200,Basic,[GLM] Topaz Bolt (300)<br> Discard 3 Energy from this Pokemon.,Fx2,,1,
590028,Precious Trolley,Precious Trolley,https://tcgplayer-cdn.tcgplayer.com/product/590028_200w.jpg,3,23651,https://cpt.tcgcsv.com/B0L6,2025-10-27T20:11:18.6,1,"Search your deck for any number of Basic Pokémon and put them onto your Bench. Then, shuffle your deck.",,3.8,5.53,25.0,5.01,6.81,Holofoil,185/191,ACE SPEC Rare,Trainer - Item,,,,,,,
590029,Primeape,Primeape,https://tcgplayer-cdn.tcgplayer.com/product/590029_200w.jpg,3,23651,https://cpt.tcgcsv.com/C0L6,2025-12-11T02:41:54.4,1,,,0.01,0.15,2.37,0.14,0.07,Reverse Holofoil,099/191,Common,Fighting,110,Stage 1,"[F] Sweep the Leg (30)<br> Flip a coin. If heads, discard an Energy from your opponent's Active Pokemon.",Px2,,2,[FC] Mega Punch (70)
590029,Primeape,Primeape,https://tcgplayer-cdn.tcgplayer.com/product/590029_200w.jpg,3,23651,https://cpt.tcgcsv.com/C0L6,2025-12-11T02:41:54.4,1,,,0.01,0.1,2.06,0.06,0.03,Normal,099/191,Common,Fighting,110,Stage 1,"[F] Sweep the Leg (30)<br> Flip a coin. If heads, discard an Energy from your opponent's Active Pokemon.",Px2,,2,[FC] Mega Punch (70)
590030,Quaquaval,Quaquaval,https://tcgplayer-cdn.tcgplayer.com/product/590030_200w.jpg,3,23651,https://cpt.tcgcsv.com/D0L6,2025-12-11T02:42:36.317,1,"<strong>Ability: Up-Tempo</strong> You must put a card from your hand on the bottom of your deck in order to use this Ability. Once during your turn, you may draw cards until you have 5 cards in your hand.",,0.03,0.21,2.17,0.21,0.27,Reverse Holofoil,052/191,Uncommon,Water,170,Stage 2,[WC] Hydro Splash (120),Lx2,,2,
590030,Quaquaval,Quaquaval,https://tcgplayer-cdn.tcgplayer.com/product/590030_200w.jpg,3,23651,https://cpt.tcgcsv.com/D0L6,2025-12-11T02:42:36.317,1,"<strong>Ability: Up-Tempo</strong> You must put a card from your hand on the bottom of your deck in order to use this Ability. Once during your turn, you may draw cards until you have 5 cards in your hand.",,0.01,0.1,20.0,0.04,0.03,Normal,052/191,Uncommon,Water,170,Stage 2,[WC] Hydro Splash (120),Lx2,,2,
590031,Quaxly,Quaxly,https://tcgplayer-cdn.tcgplayer.com/product/590031_200w.jpg,3,23651,https://cpt.tcgcsv.com/F0L6,2025-11-13T17:21:24.12,1,,,0.01,0.1,2.04,0.04,0.03,Normal,050/191,Common,Water,60,Basic,"[W] Aerial Ace (10+)<br> Flip a coin. If heads, this attack does 20 more damage.",Lx2,,1,
590031,Quaxly,Quaxly,https://tcgplayer-cdn.tcgplayer.com/product/590031_200w.jpg,3,23651,https://cpt.tcgcsv.com/F0L6,2025-11-13T17:21:24.12,1,,,0.01,0.15,40.0,0.16,0.1,Reverse Holofoil,050/191,Common,Water,60,Basic,"[W] Aerial Ace (10+)<br> Flip a coin. If heads, this attack does 20 more damage.",Lx2,,1,
590032,Quaxwell,Quaxwell,https://tcgplayer-cdn.tcgplayer.com/product/590032_200w.jpg,3,23651,https://cpt.tcgcsv.com/G0L6,2025-10-14T01:49:28.583,1,,,0.01,0.1,2.05,0.04,0.07,Normal,051/191,Common,Water,100,Stage 1,[W] Aqua Edge (40),Lx2,,1,
590032,Quaxwell,Quaxwell,https://tcgplayer-cdn.tcgplayer.com/product/590032_200w.jpg,3,23651,https://cpt.tcgcsv.com/G0L6,2025-10-14T01:49:28.583,1,,,0.01,0.15,2.47,0.09,0.09,Reverse Holofoil,051/191,Common,Water,100,Stage 1,[W] Aqua Edge (40),Lx2,,1,
590033,Rabsca,Rabsca,https://tcgplayer-cdn.tcgplayer.com/product/590033_200w.jpg,3,23651,https://cpt.tcgcsv.com/H0L6,2025-10-31T18:29:18.127,1,,,0.01,0.1,2.28,0.04,0.03,Holofoil,014/191,Rare,Grass,70,Stage 1,[C] Triple Draw<br> Draw 3 cards.,Rx2,,1,"[G] Counterturn (40+)<br> If there are 3 or fewer cards in your deck, this attack does 200 more damage."
590033,Rabsca,Rabsca,https://tcgplayer-cdn.tcgplayer.com/product/590033_200w.jpg,3,23651,https://cpt.tcgcsv.com/H0L6,2025-10-31T18:29:18.127,1,,,0.03,0.2,2.19,0.18,0.14,Reverse Holofoil,014/191,Rare,Grass,70,Stage 1,[C] Triple Draw<br> Draw 3 cards.,Rx2,,1,"[G] Counterturn (40+)<br> If there are 3 or fewer cards in your deck, this attack does 200 more damage."
590034,Registeel,Registeel,https://tcgplayer-cdn.tcgplayer.com/product/590034_200w.jpg,3,23651,https://cpt.tcgcsv.com/J0L6,2025-08-07T12:23:44.857,1,,,0.01,0.1,2.05,0.07,0.05,Normal,125/191,Uncommon,Metal,130,Basic,[MC] Raging Hammer (60+)<br> This attack does 10 more damage for each damage counter on this Pokemon.,Rx2,G-30,3,
590034,Registeel,Registeel,https://tcgplayer-cdn.tcgplayer.com/product/590034_200w.jpg,3,23651,https://cpt.tcgcsv.com/J0L6,2025-08-07T12:23:44.857,1,,,0.03,0.21,2.16,0.19,0.2,Reverse Holofoil,125/191,Uncommon,Metal,130,Basic,[MC] Raging Hammer (60+)<br> This attack does 10 more damage for each damage counter on this Pokemon.,Rx2,G-30,3,
590035,Rellor,Rellor,https://tcgplayer-cdn.tcgplayer.com/product/590035_200w.jpg,3,23651,https://cpt.tcgcsv.com/K0L6,2025-08-07T12:23:44.933,1,,,0.01,0.15,2.37,0.11,0.08,Reverse Holofoil,013/191,Common,Grass,40,Basic,[C] Collect<br> Draw a card.,Rx2,,1,[G] Rollout (10)
590035,Rellor,Rellor,https://tcgplayer-cdn.tcgplayer.com/product/590035_200w.jpg,3,23651,https://cpt.tcgcsv.com/K0L6,2025-08-07T12:23:44.933,1,,,0.01,0.1,2.04,0.03,0.03,Normal,013/191,Common,Grass,40,Basic,[C] Collect<br> Draw a card.,Rx2,,1,[G] Rollout (10)
590036,Rotom,Rotom,https://tcgplayer-cdn.tcgplayer.com/product/590036_200w.jpg,3,23651,https://cpt.tcgcsv.com/L0L6,2025-11-13T20:35:20.943,1,,,0.01,0.15,2.11,0.12,0.03,Reverse Holofoil,061/191,Common,Lightning,80,Basic,[L] Crushing Pulse<br> Your opponent reveals their hand. Discard all Item cards and Pokemon Tool cards you find there.,Fx2,,1,[L] Energy Short (20x)<br> This attack does 20 damage for each Energy attached to your opponent's Active Pokemon.
590036,Rotom,Rotom,https://tcgplayer-cdn.tcgplayer.com/product/590036_200w.jpg,3,23651,https://cpt.tcgcsv.com/L0L6,2025-11-13T20:35:20.943,1,,,0.01,0.1,2.05,0.05,0.03,Normal,061/191,Common,Lightning,80,Basic,[L] Crushing Pulse<br> Your opponent reveals their hand. Discard all Item cards and Pokemon Tool cards you find there.,Fx2,,1,[L] Energy Short (20x)<br> This attack does 20 damage for each Energy attached to your opponent's Active Pokemon.
590037,Rufflet,Rufflet,https://tcgplayer-cdn.tcgplayer.com/product/590037_200w.jpg,3,23651,https://cpt.tcgcsv.com/M0L6,2025-12-05T16:26:33.057,1,,,0.01,0.1,19.98,0.03,0.02,Normal,152/191,Common,Colorless,70,Basic,[CC] Flap (30),Lx2,F-30,1,
590037,Rufflet,Rufflet,https://tcgplayer-cdn.tcgplayer.com/product/590037_200w.jpg,3,23651,https://cpt.tcgcsv.com/M0L6,2025-12-05T16:26:33.057,1,,,0.01,0.15,2.37,0.12,0.04,Reverse Holofoil,152/191,Common,Colorless,70,Basic,[CC] Flap (30),Lx2,F-30,1,
590038,Sandygast,Sandygast,https://tcgplayer-cdn.tcgplayer.com/product/590038_200w.jpg,3,23651,https://cpt.tcgcsv.com/N0L6,2025-08-07T12:23:45.22,1,,,0.01,0.15,2.1,0.12,0.09,Reverse Holofoil,090/191,Common,Psychic,90,Basic,[CCC] Sand Spray (50),Dx2,F-30,3,
590038,Sandygast,Sandygast,https://tcgplayer-cdn.tcgplayer.com/product/590038_200w.jpg,3,23651,https://cpt.tcgcsv.com/N0L6,2025-08-07T12:23:45.22,1,,,0.01,0.1,2.03,0.02,,Normal,090/191,Common,Psychic,90,Basic,[CCC] Sand Spray (50),Dx2,F-30,3,
590039,Scatterbug,Scatterbug,https://tcgplayer-cdn.tcgplayer.com/product/590039_200w.jpg,3,23651,https://cpt.tcgcsv.com/P0L6,2025-08-07T12:23:45.3,1,,,0.01,0.15,40.0,0.11,0.1,Reverse Holofoil,005/191,Common,Grass,40,Basic,"[C] Call for Family<br> Search your deck for a Basic Pokemon and put it onto your Bench. Then, shuffle your deck.",Rx2,,1,
590039,Scatterbug,Scatterbug,https://tcgplayer-cdn.tcgplayer.com/product/590039_200w.jpg,3,23651,https://cpt.tcgcsv.com/P0L6,2025-08-07T12:23:45.3,1,,,0.01,0.1,2.03,0.04,0.03,Normal,005/191,Common,Grass,40,Basic,"[C] Call for Family<br> Search your deck for a Basic Pokemon and put it onto your Bench. Then, shuffle your deck.",Rx2,,1,
590040,Scovillain ex - 037/191,Scovillain ex 037 191,https://tcgplayer-cdn.tcgplayer.com/product/590040_200w.jpg,3,23651,https://cpt.tcgcsv.com/Q0L6,2025-12-05T16:28:54.877,1,"<strong>Ability: Double Type</strong> As long as this Pokémon is in play, it is Grass and Fire type.",,0.19,0.75,10.0,0.4,0.39,Holofoil,037/191,Double Rare,Fire,260,Stage 1,[RR] Spicy Rage (10+)<br> This attack does 70 more damage for each damage counter on this Pokemon.,Wx2,,2,
590041,Scovillain ex - 216/191,Scovillain ex 216 191,https://tcgplayer-cdn.tcgplayer.com/product/590041_200w.jpg,3,23651,https://cpt.tcgcsv.com/R0L6,2025-10-31T18:29:20.8,1,"<strong>Ability: Double Type</strong> As long as this Pokémon is in play, it is Grass and Fire type.",,0.4,1.0,40.0,0.77,0.74,Holofoil,216/191,Ultra Rare,Fire,260,Stage 1,[RR] Spicy Rage (10+)<br> This attack does 70 more damage for each damage counter on this Pokemon.,Wx2,,2,
590042,Scramble Switch,Scramble Switch,https://tcgplayer-cdn.tcgplayer.com/product/590042_200w.jpg,3,23651,https://cpt.tcgcsv.com/S0L6,2025-11-29T06:22:14.06,1,"Switch your Active Pokémon with 1 of your Benched Pokémon. If you do, you may move any amount of Energy from the Pokémon you moved to the Bench to the new Active Pokémon.",,0.08,0.49,50.0,0.39,0.26,Holofoil,186/191,ACE SPEC Rare,Trainer - Item,,,,,,,
590043,Sealeo,Sealeo,https://tcgplayer-cdn.tcgplayer.com/product/590043_200w.jpg,3,23651,https://cpt.tcgcsv.com/T0L6,2025-11-13T17:19:57.08,1,,,0.01,0.1,19.98,0.04,0.05,Normal,044/191,Common,Water,100,Stage 1,[W] Lunge Out (30),Mx2,,3,[WW] Ice Ball (60)
590043,Sealeo,Sealeo,https://tcgplayer-cdn.tcgplayer.com/product/590043_200w.jpg,3,23651,https://cpt.tcgcsv.com/T0L6,2025-11-13T17:19:57.08,1,,,0.01,0.15,2.47,0.13,0.12,Reverse Holofoil,044/191,Common,Water,100,Stage 1,[W] Lunge Out (30),Mx2,,3,[WW] Ice Ball (60)
590044,Shellos,Shellos,https://tcgplayer-cdn.tcgplayer.com/product/590044_200w.jpg,3,23651,https://cpt.tcgcsv.com/V0L6,2025-12-11T02:43:17.03,1,,,0.01,0.15,40.0,0.11,0.09,Reverse Holofoil,046/191,Common,Water,70,Basic,[CC] Sprinkle Water (30),Lx2,,2,
590044,Shellos,Shellos,https://tcgplayer-cdn.tcgplayer.com/product/590044_200w.jpg,3,23651,https://cpt.tcgcsv.com/V0L6,2025-12-11T02:43:17.03,1,,,0.01,0.1,5.24,0.05,0.03,Normal,046/191,Common,Water,70,Basic,[CC] Sprinkle Water (30),Lx2,,2,
590045,Shiinotic - 009/191,Shiinotic 009 191,https://tcgplayer-cdn.tcgplayer.com/product/590045_200w.jpg,3,23651,https://cpt.tcgcsv.com/W0L6,2025-10-14T02:09:18.993,1,"<strong>Ability: Calming Light</strong> Once during your turn, if this Pokémon is in the Active Spot, you may make your opponent's Active Pokémon Asleep.",,0.06,0.25,2.23,0.25,0.25,Reverse Holofoil,009/191,Uncommon,Grass,110,Stage 1,[GC] Spiral Rush (60+)<br> Flip a coin until you get tails. This attack does 30 more damage for each heads.,Rx2,,2,
590045,Shiinotic - 009/191,Shiinotic 009 191,https://tcgplayer-cdn.tcgplayer.com/product/590045_200w.jpg,3,23651,https://cpt.tcgcsv.com/W0L6,2025-10-14T02:09:18.993,1,"<strong>Ability: Calming Light</strong> Once during your turn, if this Pokémon is in the Active Spot, you may make your opponent's Active Pokémon Asleep.",,0.01,0.1,2.05,0.04,0.03,Normal,009/191,Uncommon,Grass,110,Stage 1,[GC] Spiral Rush (60+)<br> Flip a coin until you get tails. This attack does 30 more damage for each heads.,Rx2,,2,
590046,Shiinotic - 194/191,Shiinotic 194 191,https://tcgplayer-cdn.tcgplayer.com/product/590046_200w.jpg,3,23651,https://cpt.tcgcsv.com/X0L6,2025-10-21T19:28:06.847,1,"<strong>Ability: Calming Light</strong> Once during your turn, if this Pokémon is in the Active Spot, you may make your opponent's Active Pokémon Asleep.",,1.47,2.64,25.0,2.01,2.42,Holofoil,194/191,Illustration Rare,Grass,110,Stage 1,[GC] Spiral Rush (60+)<br> Flip a coin until you get tails. This attack does 30 more damage for each heads.,Rx2,,2,
590047,Shroodle,Shroodle,https://tcgplayer-cdn.tcgplayer.com/product/590047_200w.jpg,3,23651,https://cpt.tcgcsv.com/Z0L6,2025-08-07T12:23:46,1,,,0.01,0.1,20.0,0.03,0.03,Normal,120/191,Common,Darkness,60,Basic,[D] Spray Fluid (20),Fx2,,1,
590047,Shroodle,Shroodle,https://tcgplayer-cdn.tcgplayer.com/product/590047_200w.jpg,3,23651,https://cpt.tcgcsv.com/Z0L6,2025-08-07T12:23:46,1,,,0.01,0.15,2.37,0.1,0.1,Reverse Holofoil,120/191,Common,Darkness,60,Basic,[D] Spray Fluid (20),Fx2,,1,
590048,Sigilyph,Sigilyph,https://tcgplayer-cdn.tcgplayer.com/product/590048_200w.jpg,3,23651,https://cpt.tcgcsv.com/-0L6,2025-10-31T18:29:19.92,1,,,0.01,0.1,20.0,0.05,0.03,Normal,081/191,Common,Psychic,110,Basic,[C] Double Draw<br> Draw 2 cards.,Lx2,F-30,1,"[PCC] Psy Bolt (60)<br> Flip a coin. If heads, your opponent's Active Pokemon is now Paralyzed."
590048,Sigilyph,Sigilyph,https://tcgplayer-cdn.tcgplayer.com/product/590048_200w.jpg,3,23651,https://cpt.tcgcsv.com/-0L6,2025-10-31T18:29:19.92,1,,,0.05,0.19,2.17,0.17,0.13,Reverse Holofoil,081/191,Common,Psychic,110,Basic,[C] Double Draw<br> Draw 2 cards.,Lx2,F-30,1,"[PCC] Psy Bolt (60)<br> Flip a coin. If heads, your opponent's Active Pokemon is now Paralyzed."
590049,Simisear,Simisear,https://tcgplayer-cdn.tcgplayer.com/product/590049_200w.jpg,3,23651,https://cpt.tcgcsv.com/_0L6,2025-08-07T12:23:46.19,1,,,0.01,0.1,2.04,0.04,0.03,Normal,023/191,Common,Fire,90,Stage 1,[R] Double Smash (70x)<br> Flip 2 coins. This attack does 70 damage for each heads.,Wx2,,1,
590049,Simisear,Simisear,https://tcgplayer-cdn.tcgplayer.com/product/590049_200w.jpg,3,23651,https://cpt.tcgcsv.com/_0L6,2025-08-07T12:23:46.19,1,,,0.01,0.15,2.37,0.09,0.08,Reverse Holofoil,023/191,Common,Fire,90,Stage 1,[R] Double Smash (70x)<br> Flip 2 coins. This attack does 70 damage for each heads.,Wx2,,1,
590050,Sizzlipede,Sizzlipede,https://tcgplayer-cdn.tcgplayer.com/product/590050_200w.jpg,3,23651,https://cpt.tcgcsv.com/02L6,2025-10-14T20:54:41.787,1,,,0.01,0.1,2.03,0.02,0.02,Normal,027/191,Common,Fire,80,Basic,[R] Live Coal (10),Wx2,,2,[CCC] Hook (30)
590050,Sizzlipede,Sizzlipede,https://tcgplayer-cdn.tcgplayer.com/product/590050_200w.jpg,3,23651,https://cpt.tcgcsv.com/02L6,2025-10-14T20:54:41.787,1,,,0.01,0.15,40.0,0.12,0.09,Reverse Holofoil,027/191,Common,Fire,80,Basic,[R] Live Coal (10),Wx2,,2,[CCC] Hook (30)
590051,Skarmory - 124/191,Skarmory 124 191,https://tcgplayer-cdn.tcgplayer.com/product/590051_200w.jpg,3,23651,https://cpt.tcgcsv.com/22L6,2025-12-11T02:44:10.37,1,,,0.01,0.15,2.12,0.11,0.1,Reverse Holofoil,124/191,Common,Metal,110,Basic,"[MC] Steel Wing (50)<br> During your opponent's next turn, this Pokemon takes 30 less damage from attacks <em>(after applying Weakness and Resistance)</em>.",Lx2,F-30,1,
590051,Skarmory - 124/191,Skarmory 124 191,https://tcgplayer-cdn.tcgplayer.com/product/590051_200w.jpg,3,23651,https://cpt.tcgcsv.com/22L6,2025-12-11T02:44:10.37,1,,,0.01,0.1,2.05,0.04,0.03,Normal,124/191,Common,Metal,110,Basic,"[MC] Steel Wing (50)<br> During your opponent's next turn, this Pokemon takes 30 less damage from attacks <em>(after applying Weakness and Resistance)</em>.",Lx2,F-30,1,
590052,Skarmory - 209/191,Skarmory 209 191,https://tcgplayer-cdn.tcgplayer.com/product/590052_200w.jpg,3,23651,https://cpt.tcgcsv.com/32L6,2025-11-13T20:16:11.627,1,,,4.45,7.0,48.0,5.74,8.06,Holofoil,209/191,Illustration Rare,Metal,110,Basic,"[MC] Steel Wing (50)<br> During your opponent's next turn, this Pokemon takes 30 less damage from attacks <em>(after applying Weakness and Resistance)</em>.",Lx2,F-30,1,
590053,Skeledirge,Skeledirge,https://tcgplayer-cdn.tcgplayer.com/product/590053_200w.jpg,3,23651,https://cpt.tcgcsv.com/52L6,2025-10-31T18:29:16.17,1,<strong>Ability: Unaware</strong> Prevent all effects of attacks used by your opponent's Pokémon done to this Pokémon. <em>(Damage is not an effect.)</em>,,0.01,0.12,2.28,0.08,0.04,Holofoil,031/191,Rare,Fire,180,Stage 2,[RC] Torcherto (60+)<br> This attack does 20 more damage for each Benched Pokemon <em>(both yours and your opponent's)</em>.,Wx2,,3,
590053,Skeledirge,Skeledirge,https://tcgplayer-cdn.tcgplayer.com/product/590053_200w.jpg,3,23651,https://cpt.tcgcsv.com/52L6,2025-10-31T18:29:16.17,1,<strong>Ability: Unaware</strong> Prevent all effects of attacks used by your opponent's Pokémon done to this Pokémon. <em>(Damage is not an effect.)</em>,,0.03,0.22,2.37,0.18,0.16,Reverse Holofoil,031/191,Rare,Fire,180,Stage 2,[RC] Torcherto (60+)<br> This attack does 20 more damage for each Benched Pokemon <em>(both yours and your opponent's)</em>.,Wx2,,3,
590054,Slaking ex - 147/191,Slaking ex 147 191,https://tcgplayer-cdn.tcgplayer.com/product/590054_200w.jpg,3,23651,https://cpt.tcgcsv.com/62L6,2025-10-31T18:29:16.43,1,"<strong>Ability: Born to Slack</strong> If your opponent has no Pokémon ex or Pokémon V in play, this Pokémon can't attack.",,0.19,0.75,5.0,0.43,0.4,Holofoil,147/191,Double Rare,Colorless,340,Stage 2,[CC] Great Swing (280)<br> Discard an Energy from this Pokemon.,Fx2,,4,
590055,Slaking ex - 227/191,Slaking ex 227 191,https://tcgplayer-cdn.tcgplayer.com/product/590055_200w.jpg,3,23651,https://cpt.tcgcsv.com/72L6,2025-10-31T18:29:21.48,1,"<strong>Ability: Born to Slack</strong> If your opponent has no Pokémon ex or Pokémon V in play, this Pokémon can't attack.",,0.5,1.21,9.0,1.07,0.82,Holofoil,227/191,Ultra Rare,Colorless,340,Stage 2,[CC] Great Swing (280)<br> Discard an Energy from this Pokemon.,Fx2,,4,
590056,Slakoth - 145/191,Slakoth 145 191,https://tcgplayer-cdn.tcgplayer.com/product/590056_200w.jpg,3,23651,https://cpt.tcgcsv.com/82L6,2025-08-07T12:23:46.83,1,,,0.01,0.15,2.12,0.12,0.08,Reverse Holofoil,145/191,Common,Colorless,60,Basic,"[C] Take It Easy<br> Heal 60 damage from this Pokemon. During your next turn, this Pokemon can't retreat.",Fx2,,2,
590056,Slakoth - 145/191,Slakoth 145 191,https://tcgplayer-cdn.tcgplayer.com/product/590056_200w.jpg,3,23651,https://cpt.tcgcsv.com/82L6,2025-08-07T12:23:46.83,1,,,0.01,0.1,19.98,0.05,0.03,Normal,145/191,Common,Colorless,60,Basic,"[C] Take It Easy<br> Heal 60 damage from this Pokemon. During your next turn, this Pokemon can't retreat.",Fx2,,2,
590057,Slakoth - 212/191,Slakoth 212 191,https://tcgplayer-cdn.tcgplayer.com/product/590057_200w.jpg,3,23651,https://cpt.tcgcsv.com/92L6,2025-12-05T16:29:47.81,1,,,6.99,9.13,40.0,8.28,8.49,Holofoil,212/191,Illustration Rare,Colorless,60,Basic,"[C] Take It Easy<br> Heal 60 damage from this Pokemon. During your next turn, this Pokemon can't retreat.",Fx2,,2,
590059,Smoochum,Smoochum,https://tcgplayer-cdn.tcgplayer.com/product/590059_200w.jpg,3,23651,https://cpt.tcgcsv.com/c2L6,2025-12-11T02:44:41.64,1,,,0.01,0.12,2.07,0.09,0.03,Normal,075/191,Common,Psychic,30,Basic,"Delightful Kiss<br> Search your deck for up to 2 Basic Psychic Energy cards and attach them to 1 of your Benched Pokemon. Then, shuffle your deck.",Dx2,F-30,,
590059,Smoochum,Smoochum,https://tcgplayer-cdn.tcgplayer.com/product/590059_200w.jpg,3,23651,https://cpt.tcgcsv.com/c2L6,2025-12-11T02:44:41.64,1,,,0.04,0.25,3.04,0.27,0.17,Reverse Holofoil,075/191,Common,Psychic,30,Basic,"Delightful Kiss<br> Search your deck for up to 2 Basic Psychic Energy cards and attach them to 1 of your Benched Pokemon. Then, shuffle your deck.",Dx2,F-30,,
590060,Snorlax,Snorlax,https://tcgplayer-cdn.tcgplayer.com/product/590060_200w.jpg,3,23651,https://cpt.tcgcsv.com/d2L6,2025-10-31T18:29:18.557,1,,,0.01,0.14,2.47,0.11,0.04,Normal,144/191,Common,Colorless,150,Basic,[C] Spike Draw (20)<br> Draw a card.,Fx2,,3,[CCC] Mega Punch (100)
590060,Snorlax,Snorlax,https://tcgplayer-cdn.tcgplayer.com/product/590060_200w.jpg,3,23651,https://cpt.tcgcsv.com/d2L6,2025-10-31T18:29:18.557,1,,,0.01,0.35,5.0,0.31,0.3,Reverse Holofoil,144/191,Common,Colorless,150,Basic,[C] Spike Draw (20)<br> Draw a card.,Fx2,,3,[CCC] Mega Punch (100)
590061,Spewpa,Spewpa,https://tcgplayer-cdn.tcgplayer.com/product/590061_200w.jpg,3,23651,https://cpt.tcgcsv.com/f2L6,2025-10-31T18:29:20.267,1,,,0.01,0.15,2.47,0.11,0.1,Reverse Holofoil,006/191,Common,Grass,80,Stage 1,[C] Wander About<br> Switch this Pokemon with 1 of your Benched Pokemon.,Rx2,,3,[G] Tackle (30)
590061,Spewpa,Spewpa,https://tcgplayer-cdn.tcgplayer.com/product/590061_200w.jpg,3,23651,https://cpt.tcgcsv.com/f2L6,2025-10-31T18:29:20.267,1,,,0.01,0.1,2.28,0.05,0.03,Normal,006/191,Common,Grass,80,Stage 1,[C] Wander About<br> Switch this Pokemon with 1 of your Benched Pokemon.,Rx2,,3,[G] Tackle (30)
590062,Spheal - 043/191,Spheal 043 191,https://tcgplayer-cdn.tcgplayer.com/product/590062_200w.jpg,3,23651,https://cpt.tcgcsv.com/g2L6,2025-12-10T01:20:44.093,1,,,0.03,0.19,2.19,0.15,0.14,Reverse Holofoil,043/191,Common,Water,70,Basic,[W] Powder Snow (10)<br> Your opponent's Active Pokemon is now Asleep.,Mx2,,2,
590062,Spheal - 043/191,Spheal 043 191,https://tcgplayer-cdn.tcgplayer.com/product/590062_200w.jpg,3,23651,https://cpt.tcgcsv.com/g2L6,2025-12-10T01:20:44.093,1,,,0.01,0.1,2.06,0.07,0.03,Normal,043/191,Common,Water,70,Basic,[W] Powder Snow (10)<br> Your opponent's Active Pokemon is now Asleep.,Mx2,,2,
590063,Spheal - 199/191,Spheal 199 191,https://tcgplayer-cdn.tcgplayer.com/product/590063_200w.jpg,3,23651,https://cpt.tcgcsv.com/h2L6,2025-11-29T01:02:26.55,1,,,4.12,5.94,506.2,5.59,,Holofoil,199/191,Illustration Rare,Water,70,Basic,[W] Powder Snow (10)<br> Your opponent's Active Pokemon is now Asleep.,Mx2,,2,
590064,Stunfisk - 064/191,Stunfisk 064 191,https://tcgplayer-cdn.tcgplayer.com/product/590064_200w.jpg,3,23651,https://cpt.tcgcsv.com/j2L6,2025-10-31T18:29:20.407,1,,,0.01,0.1,2.07,0.07,0.03,Normal,064/191,Common,Lightning,110,Basic,"[LC] Paralyzing Crackle (50)<br> Flip a coin. If heads, your opponent's Active Pokemon is now Paralyzed, and discard an Energy from that Pokemon.",Fx2,,2,
590064,Stunfisk - 064/191,Stunfisk 064 191,https://tcgplayer-cdn.tcgplayer.com/product/590064_200w.jpg,3,23651,https://cpt.tcgcsv.com/j2L6,2025-10-31T18:29:20.407,1,,,0.01,0.12,2.08,0.08,0.03,Reverse Holofoil,064/191,Common,Lightning,110,Basic,"[LC] Paralyzing Crackle (50)<br> Flip a coin. If heads, your opponent's Active Pokemon is now Paralyzed, and discard an Energy from that Pokemon.",Fx2,,2,
590065,Stunfisk - 202/191,Stunfisk 202 191,https://tcgplayer-cdn.tcgplayer.com/product/590065_200w.jpg,3,23651,https://cpt.tcgcsv.com/k2L6,2025-12-05T15:25:28.127,1,,,0.89,1.75,19.95,1.32,1.44,Holofoil,202/191,Illustration Rare,Lightning,110,Basic,"[LC] Paralyzing Crackle (50)<br> Flip a coin. If heads, your opponent's Active Pokemon is now Paralyzed, and discard an Energy from that Pokemon.",Fx2,,2,
590066,Surfer - 187/191,Surfer 187 191,https://tcgplayer-cdn.tcgplayer.com/product/590066_200w.jpg,3,23651,https://cpt.tcgcsv.com/l2L6,2025-10-14T20:58:25.39,1,"Switch your Active Pokémon with 1 of your Benched Pokémon. If you do, draw cards until you have 5 cards in your hand.",,0.01,0.1,19.98,0.06,0.05,Normal,187/191,Uncommon,Trainer - Supporter,,,,,,,
590066,Surfer - 187/191,Surfer 187 191,https://tcgplayer-cdn.tcgplayer.com/product/590066_200w.jpg,3,23651,https://cpt.tcgcsv.com/l2L6,2025-10-14T20:58:25.39,1,"Switch your Active Pokémon with 1 of your Benched Pokémon. If you do, draw cards until you have 5 cards in your hand.",,0.01,0.15,2.47,0.12,0.1,Reverse Holofoil,187/191,Uncommon,Trainer - Supporter,,,,,,,
590067,Surfer - 235/191,Surfer 235 191,https://tcgplayer-cdn.tcgplayer.com/product/590067_200w.jpg,3,23651,https://cpt.tcgcsv.com/m2L6,2025-10-31T18:29:21.403,1,"Switch your Active Pokémon with 1 of your Benched Pokémon. If you do, draw cards until you have 5 cards in your hand.",,0.01,0.99,9.99,0.72,0.69,Holofoil,235/191,Ultra Rare,Trainer - Supporter,,,,,,,
590068,Swablu,Swablu,https://tcgplayer-cdn.tcgplayer.com/product/590068_200w.jpg,3,23651,https://cpt.tcgcsv.com/n2L6,2025-11-24T12:14:48.363,1,,,0.01,0.15,2.14,0.09,0.03,Reverse Holofoil,148/191,Common,Colorless,50,Basic,[C] Disarming Voice (10)<br> Your opponent's Active Pokemon is now Confused.,Lx2,F-30,1,
590068,Swablu,Swablu,https://tcgplayer-cdn.tcgplayer.com/product/590068_200w.jpg,3,23651,https://cpt.tcgcsv.com/n2L6,2025-11-24T12:14:48.363,1,,,0.01,0.1,2.03,0.04,0.02,Normal,148/191,Common,Colorless,50,Basic,[C] Disarming Voice (10)<br> Your opponent's Active Pokemon is now Confused.,Lx2,F-30,1,
590069,Sylveon ex,Sylveon ex,https://tcgplayer-cdn.tcgplayer.com/product/590069_200w.jpg,3,23651,https://cpt.tcgcsv.com/p2L6,2025-10-22T19:34:09.837,1,,,0.5,1.75,26.21,1.34,1.33,Holofoil,086/191,Double Rare,Psychic,270,Stage 1,"[PCC] Magical Charm (160)<br> During your opponent's next turn, attacks used by the Defending Pokemon do 100 less damage <em>(before applying Weakness and Resistance)</em>.",Mx2,,2,"[WLP] Angelite<br> Choose 2 of your opponent's Benched Pokemon. Shuffle those Pokemon and all attached cards into your opponent's deck. If 1 of your Pokemon used Angelite during your last turn, this attack can't be used."
590070,Tandemaus,Tandemaus,https://tcgplayer-cdn.tcgplayer.com/product/590070_200w.jpg,3,23651,https://cpt.tcgcsv.com/q2L6,2025-12-09T03:39:41.053,1,,,0.01,0.19,2.2,0.16,0.14,Reverse Holofoil,157/191,Common,Colorless,40,Basic,"[C] Play Rough (10+)<br> Flip a coin. If heads, this attack does 10 more damage.",Fx2,,1,
590070,Tandemaus,Tandemaus,https://tcgplayer-cdn.tcgplayer.com/product/590070_200w.jpg,3,23651,https://cpt.tcgcsv.com/q2L6,2025-12-09T03:39:41.053,1,,,0.01,0.1,2.05,0.1,0.03,Normal,157/191,Common,Colorless,40,Basic,"[C] Play Rough (10+)<br> Flip a coin. If heads, this attack does 10 more damage.",Fx2,,1,
590071,Tapu Koko,Tapu Koko,https://tcgplayer-cdn.tcgplayer.com/product/590071_200w.jpg,3,23651,https://cpt.tcgcsv.com/r2L6,2025-12-09T03:41:29.057,1,,,0.01,0.12,2.95,0.06,0.03,Holofoil,065/191,Rare,Lightning,120,Basic,"[C] Summon Lightning<br> Search your deck for up to 2 Lightning Pokemon, reveal them, and put them into your hand. Then, shuffle your deck.",Fx2,,1,"[LLC] Prize Count (90+)<br> If you have more Prize cards remaining than your opponent, this attack does 90 more damage."
590071,Tapu Koko,Tapu Koko,https://tcgplayer-cdn.tcgplayer.com/product/590071_200w.jpg,3,23651,https://cpt.tcgcsv.com/r2L6,2025-12-09T03:41:29.057,1,,,0.03,0.2,4.99,0.18,0.17,Reverse Holofoil,065/191,Rare,Lightning,120,Basic,"[C] Summon Lightning<br> Search your deck for up to 2 Lightning Pokemon, reveal them, and put them into your hand. Then, shuffle your deck.",Fx2,,1,"[LLC] Prize Count (90+)<br> If you have more Prize cards remaining than your opponent, this attack does 90 more damage."
590072,Tapu Lele,Tapu Lele,https://tcgplayer-cdn.tcgplayer.com/product/590072_200w.jpg,3,23651,https://cpt.tcgcsv.com/s2L6,2025-10-31T18:29:17.217,1,,,0.03,0.21,2.2,0.16,0.16,Reverse Holofoil,092/191,Rare,Psychic,110,Basic,[CC] Perplex (20)<br> Your opponent's Active Pokemon is now Confused.,Mx2,,1,"[PCC] Mental Crush (90+)<br> If your opponent's Active Pokemon is Confused, this attack does 90 more damage."
590072,Tapu Lele,Tapu Lele,https://tcgplayer-cdn.tcgplayer.com/product/590072_200w.jpg,3,23651,https://cpt.tcgcsv.com/s2L6,2025-10-31T18:29:17.217,1,,,0.01,0.12,19.98,0.11,0.03,Holofoil,092/191,Rare,Psychic,110,Basic,[CC] Perplex (20)<br> Your opponent's Active Pokemon is now Confused.,Mx2,,1,"[PCC] Mental Crush (90+)<br> If your opponent's Active Pokemon is Confused, this attack does 90 more damage."
590073,Tatsugiri ex - 142/191,Tatsugiri ex 142 191,https://tcgplayer-cdn.tcgplayer.com/product/590073_200w.jpg,3,23651,https://cpt.tcgcsv.com/t2L6,2025-08-07T12:23:48.183,1,,,0.09,0.8,75.0,0.61,0.73,Holofoil,142/191,Double Rare,Dragon,160,Basic,[RW] Surprise Pump (100)<br> This attack's damage isn't affected by any effects on your opponent's Active Pokemon.,,,1,[RWD] Cinnabar Lure<br> Look at the top 10 cards of your deck. You may put any number of Pokemon you find there onto your Bench. Shuffle the other cards back into your deck.
590074,Tatsugiri ex - 226/191,Tatsugiri ex 226 191,https://tcgplayer-cdn.tcgplayer.com/product/590074_200w.jpg,3,23651,https://cpt.tcgcsv.com/v2L6,2025-08-07T12:23:48.31,1,,,0.89,1.79,13.0,1.36,1.4,Holofoil,226/191,Ultra Rare,Dragon,160,Basic,[RW] Surprise Pump (100)<br> This attack's damage isn't affected by any effects on your opponent's Active Pokemon.,,,1,[RWD] Cinnabar Lure<br> Look at the top 10 cards of your deck. You may put any number of Pokemon you find there onto your Bench. Shuffle the other cards back into your deck.
590075,Technical Machine: Fluorite,Technical Machine Fluorite,https://tcgplayer-cdn.tcgplayer.com/product/590075_200w.jpg,3,23651,https://cpt.tcgcsv.com/w2L6,2025-08-07T12:23:48.43,1,"The Pokémon this card is attached to can use the attack on this card. <em>(You still need the necessary Energy to use this attack.)</em> If this card is attached to 1 of your Pokémon, discard it at the end of your turn.",,0.01,0.1,2.28,0.05,0.03,Normal,188/191,Uncommon,Trainer - Pokemon Tool,,,,,,,
590075,Technical Machine: Fluorite,Technical Machine Fluorite,https://tcgplayer-cdn.tcgplayer.com/product/590075_200w.jpg,3,23651,https://cpt.tcgcsv.com/w2L6,2025-08-07T12:23:48.43,1,"The Pokémon this card is attached to can use the attack on this card. <em>(You still need the necessary Energy to use this attack.)</em> If this card is attached to 1 of your Pokémon, discard it at the end of your turn.",,0.01,0.2,4.44,0.17,0.18,Reverse Holofoil,188/191,Uncommon,Trainer - Pokemon Tool,,,,,,,
590076,Tera Orb,Tera Orb,https://tcgplayer-cdn.tcgplayer.com/product/590076_200w.jpg,3,23651,https://cpt.tcgcsv.com/x2L6,2025-10-31T18:29:18.207,1,"Search your deck for a Tera Pokémon, reveal it, and put it into your hand. Then, shuffle your deck.",,0.01,0.2,4.99,0.17,0.12,Reverse Holofoil,189/191,Uncommon,Trainer - Item,,,,,,,
590076,Tera Orb,Tera Orb,https://tcgplayer-cdn.tcgplayer.com/product/590076_200w.jpg,3,23651,https://cpt.tcgcsv.com/x2L6,2025-10-31T18:29:18.207,1,"Search your deck for a Tera Pokémon, reveal it, and put it into your hand. Then, shuffle your deck.",,0.01,0.15,2.37,0.07,0.03,Normal,189/191,Uncommon,Trainer - Item,,,,,,,
590077,Terapagos,Terapagos,https://tcgplayer-cdn.tcgplayer.com/product/590077_200w.jpg,3,23651,https://cpt.tcgcsv.com/z2L6,2025-12-09T03:42:20.28,1,,,0.05,0.2,3.02,0.16,0.14,Reverse Holofoil,161/191,Rare,Colorless,120,Basic,"[C] Prism Charge<br> Search your deck for up to 3 Basic Energy cards of different types and attach them to your Tera Pokemon in any way you like. Then, shuffle your deck.",Fx2,,2,[CCC] Hard Tackle (100)
590077,Terapagos,Terapagos,https://tcgplayer-cdn.tcgplayer.com/product/590077_200w.jpg,3,23651,https://cpt.tcgcsv.com/z2L6,2025-12-09T03:42:20.28,1,,,0.01,0.15,2.99,0.13,0.05,Holofoil,161/191,Rare,Colorless,120,Basic,"[C] Prism Charge<br> Search your deck for up to 3 Basic Energy cards of different types and attach them to your Tera Pokemon in any way you like. Then, shuffle your deck.",Fx2,,2,[CCC] Hard Tackle (100)
590078,Togekiss,Togekiss,https://tcgplayer-cdn.tcgplayer.com/product/590078_200w.jpg,3,23651,https://cpt.tcgcsv.com/B2L6,2025-10-31T18:29:15.227,1,"<strong>Ability: Wonder Kiss</strong> When your opponent's Active Pokémon is Knocked Out, flip a coin. If heads, take 1 more Prize card. The effect of Wonder Kiss doesn't stack.",,0.01,0.15,5.0,0.12,0.05,Holofoil,072/191,Rare,Psychic,140,Stage 2,[CCC] Speed Wing (140),Mx2,,1,
590078,Togekiss,Togekiss,https://tcgplayer-cdn.tcgplayer.com/product/590078_200w.jpg,3,23651,https://cpt.tcgcsv.com/B2L6,2025-10-31T18:29:15.227,1,"<strong>Ability: Wonder Kiss</strong> When your opponent's Active Pokémon is Knocked Out, flip a coin. If heads, take 1 more Prize card. The effect of Wonder Kiss doesn't stack.",,0.02,0.24,2.37,0.17,0.14,Reverse Holofoil,072/191,Rare,Psychic,140,Stage 2,[CCC] Speed Wing (140),Mx2,,1,
590079,Togepi,Togepi,https://tcgplayer-cdn.tcgplayer.com/product/590079_200w.jpg,3,23651,https://cpt.tcgcsv.com/C2L6,2025-11-29T05:40:39.587,1,,,0.01,0.2,40.0,0.19,0.12,Reverse Holofoil,070/191,Common,Psychic,50,Basic,[CC] Pound (30),Mx2,,1,
590079,Togepi,Togepi,https://tcgplayer-cdn.tcgplayer.com/product/590079_200w.jpg,3,23651,https://cpt.tcgcsv.com/C2L6,2025-11-29T05:40:39.587,1,,,0.01,0.1,2.09,0.06,0.03,Normal,070/191,Common,Psychic,50,Basic,[CC] Pound (30),Mx2,,1,
590080,Togetic,Togetic,https://tcgplayer-cdn.tcgplayer.com/product/590080_200w.jpg,3,23651,https://cpt.tcgcsv.com/D2L6,2025-10-31T18:29:15.633,1,,,0.01,0.17,40.0,0.15,0.14,Reverse Holofoil,071/191,Common,Psychic,90,Stage 1,[CC] Draining Kiss (30)<br> Heal 30 damage from this Pokemon.,Mx2,,1,
590080,Togetic,Togetic,https://tcgplayer-cdn.tcgplayer.com/product/590080_200w.jpg,3,23651,https://cpt.tcgcsv.com/D2L6,2025-10-31T18:29:15.633,1,,,0.01,0.1,20.0,0.06,0.03,Normal,071/191,Common,Psychic,90,Stage 1,[CC] Draining Kiss (30)<br> Heal 30 damage from this Pokemon.,Mx2,,1,
590081,Trapinch,Trapinch,https://tcgplayer-cdn.tcgplayer.com/product/590081_200w.jpg,3,23651,https://cpt.tcgcsv.com/F2L6,2025-10-14T01:42:35.507,1,,,0.01,0.1,19.98,0.03,0.03,Normal,104/191,Common,Fighting,60,Basic,"[C] Call for Family<br> Search your deck for up to 2 Basic Pokemon and put them onto your Bench. Then, shuffle your deck.",Gx2,,1,[FC] Bite (20)
590081,Trapinch,Trapinch,https://tcgplayer-cdn.tcgplayer.com/product/590081_200w.jpg,3,23651,https://cpt.tcgcsv.com/F2L6,2025-10-14T01:42:35.507,1,,,0.01,0.15,2.1,0.1,0.1,Reverse Holofoil,104/191,Common,Fighting,60,Basic,"[C] Call for Family<br> Search your deck for up to 2 Basic Pokemon and put them onto your Bench. Then, shuffle your deck.",Gx2,,1,[FC] Bite (20)
590082,Turtonator,Turtonator,https://tcgplayer-cdn.tcgplayer.com/product/590082_200w.jpg,3,23651,https://cpt.tcgcsv.com/G2L6,2025-08-07T12:23:49.053,1,,,0.01,0.1,20.0,0.04,0.04,Normal,137/191,Uncommon,Dragon,120,Basic,[R] Fully Singe<br> Discard an Energy from your opponent's Active Pokemon ex.,,,3,[FCC] Steaming Stomp (100)
590082,Turtonator,Turtonator,https://tcgplayer-cdn.tcgplayer.com/product/590082_200w.jpg,3,23651,https://cpt.tcgcsv.com/G2L6,2025-08-07T12:23:49.053,1,,,0.01,0.22,10.0,0.23,0.23,Reverse Holofoil,137/191,Uncommon,Dragon,120,Basic,[R] Fully Singe<br> Discard an Energy from your opponent's Active Pokemon ex.,,,3,[FCC] Steaming Stomp (100)
590083,Tyme,Tyme,https://tcgplayer-cdn.tcgplayer.com/product/590083_200w.jpg,3,23651,https://cpt.tcgcsv.com/H2L6,2026-01-02T17:46:00.687,1,"Tell your opponent the name of a Pokémon in your hand and put that Pokémon face down in front of you. Your opponent guesses that Pokémon's HP, and then you reveal it. If your opponent guessed right, they draw 4 cards. If they guessed wrong, you draw 4 cards. Then, return the Pokémon to your hand.",,0.01,0.1,2.07,0.08,0.03,Normal,190/191,Uncommon,Trainer - Supporter,,,,,,,
590083,Tyme,Tyme,https://tcgplayer-cdn.tcgplayer.com/product/590083_200w.jpg,3,23651,https://cpt.tcgcsv.com/H2L6,2026-01-02T17:46:00.687,1,"Tell your opponent the name of a Pokémon in your hand and put that Pokémon face down in front of you. Your opponent guesses that Pokémon's HP, and then you reveal it. If your opponent guessed right, they draw 4 cards. If they guessed wrong, you draw 4 cards. Then, return the Pokémon to your hand.",,0.05,0.2,2.15,0.15,0.11,Reverse Holofoil,190/191,Uncommon,Trainer - Supporter,,,,,,,
590084,Uxie,Uxie,https://tcgplayer-cdn.tcgplayer.com/product/590084_200w.jpg,3,23651,https://cpt.tcgcsv.com/J2L6,2026-01-07T14:53:59.017,1,,,0.01,0.11,4.0,0.1,0.09,Normal,078/191,Common,Psychic,70,Basic,[P] Painful Memories<br> Put 2 damage counters on each of your opponent's Pokemon.,Dx2,F-30,1,
590084,Uxie,Uxie,https://tcgplayer-cdn.tcgplayer.com/product/590084_200w.jpg,3,23651,https://cpt.tcgcsv.com/J2L6,2026-01-07T14:53:59.017,1,,,0.09,0.24,10.0,0.24,0.29,Reverse Holofoil,078/191,Common,Psychic,70,Basic,[P] Painful Memories<br> Put 2 damage counters on each of your opponent's Pokemon.,Dx2,F-30,1,
590085,Vibrava - 105/191,Vibrava 105 191,https://tcgplayer-cdn.tcgplayer.com/product/590085_200w.jpg,3,23651,https://cpt.tcgcsv.com/K2L6,2025-11-24T12:15:26.033,1,,,0.01,0.1,2.07,0.06,0.03,Normal,105/191,Common,Fighting,90,Stage 1,"[C] Screech<br> During your next turn, the Defending Pokemon takes 50 more damage from attacks <em>(after applying Weakness and Resistance)</em>.",Gx2,,1,[FC] Cutting Wind (50)
590085,Vibrava - 105/191,Vibrava 105 191,https://tcgplayer-cdn.tcgplayer.com/product/590085_200w.jpg,3,23651,https://cpt.tcgcsv.com/K2L6,2025-11-24T12:15:26.033,1,,,0.02,0.16,40.0,0.14,0.13,Reverse Holofoil,105/191,Common,Fighting,90,Stage 1,"[C] Screech<br> During your next turn, the Defending Pokemon takes 50 more damage from attacks <em>(after applying Weakness and Resistance)</em>.",Gx2,,1,[FC] Cutting Wind (50)
590086,Vibrava - 206/191,Vibrava 206 191,https://tcgplayer-cdn.tcgplayer.com/product/590086_200w.jpg,3,23651,https://cpt.tcgcsv.com/L2L6,2025-08-07T12:23:49.427,1,,,1.0,2.44,13.0,1.86,,Holofoil,206/191,Illustration Rare,Fighting,90,Stage 1,"[C] Screech<br> During your next turn, the Defending Pokemon takes 50 more damage from attacks <em>(after applying Weakness and Resistance)</em>.",Gx2,,1,[FC] Cutting Wind (50)
590087,Victini,Victini,https://tcgplayer-cdn.tcgplayer.com/product/590087_200w.jpg,3,23651,https://cpt.tcgcsv.com/M2L6,2025-12-11T02:45:45.98,1,<strong>Ability: Victory Cheer</strong> Attacks used by your Evolution Fire Pokémon do 10 more damage to your opponent's Active Pokémon <em>(before applying Weakness and Resistance)</em>.,,0.01,0.13,20.0,0.11,0.04,Normal,021/191,Uncommon,Fire,70,Basic,[RC] Flare (30),Wx2,,1,
590087,Victini,Victini,https://tcgplayer-cdn.tcgplayer.com/product/590087_200w.jpg,3,23651,https://cpt.tcgcsv.com/M2L6,2025-12-11T02:45:45.98,1,<strong>Ability: Victory Cheer</strong> Attacks used by your Evolution Fire Pokémon do 10 more damage to your opponent's Active Pokémon <em>(before applying Weakness and Resistance)</em>.,,0.03,0.25,2.23,0.2,0.18,Reverse Holofoil,021/191,Uncommon,Fire,70,Basic,[RC] Flare (30),Wx2,,1,
590088,Vigoroth,Vigoroth,https://tcgplayer-cdn.tcgplayer.com/product/590088_200w.jpg,3,23651,https://cpt.tcgcsv.com/N2L6,2025-11-24T12:16:40.86,1,,,0.01,0.2,2.2,0.17,0.2,Reverse Holofoil,146/191,Common,Colorless,90,Stage 1,[CC] Slashing Claw (50),Fx2,,2,
590088,Vigoroth,Vigoroth,https://tcgplayer-cdn.tcgplayer.com/product/590088_200w.jpg,3,23651,https://cpt.tcgcsv.com/N2L6,2025-11-24T12:16:40.86,1,,,0.01,0.1,2.05,0.05,0.05,Normal,146/191,Common,Colorless,90,Stage 1,[CC] Slashing Claw (50),Fx2,,2,
590089,Vivillon - 007/191,Vivillon 007 191,https://tcgplayer-cdn.tcgplayer.com/product/590089_200w.jpg,3,23651,https://cpt.tcgcsv.com/P2L6,2025-10-31T18:29:18.493,1,,,0.05,0.21,2.47,0.2,0.19,Reverse Holofoil,007/191,Uncommon,Grass,120,Stage 2,"[C] Evo-Powder<br> For each of your Benched Pokemon, search your deck for a card that evolves from that Pokemon and put it onto that Pokemon to evolve it. Then, shuffle your deck.",Rx2,,1,[G] Cutting Wind (90)
590089,Vivillon - 007/191,Vivillon 007 191,https://tcgplayer-cdn.tcgplayer.com/product/590089_200w.jpg,3,23651,https://cpt.tcgcsv.com/P2L6,2025-10-31T18:29:18.493,1,,,0.01,0.1,19.98,0.05,0.03,Normal,007/191,Uncommon,Grass,120,Stage 2,"[C] Evo-Powder<br> For each of your Benched Pokemon, search your deck for a card that evolves from that Pokemon and put it onto that Pokemon to evolve it. Then, shuffle your deck.",Rx2,,1,[G] Cutting Wind (90)
590090,Vivillon - 193/191,Vivillon 193 191,https://tcgplayer-cdn.tcgplayer.com/product/590090_200w.jpg,3,23651,https://cpt.tcgcsv.com/Q2L6,2025-10-21T19:29:06.33,1,,,1.8,3.0,247.0,2.39,3.49,Holofoil,193/191,Illustration Rare,Grass,120,Stage 2,"[C] Evo-Powder<br> For each of your Benched Pokemon, search your deck for a card that evolves from that Pokemon and put it onto that Pokemon to evolve it. Then, shuffle your deck.",Rx2,,1,[G] Cutting Wind (90)
590091,Volcarona,Volcarona,https://tcgplayer-cdn.tcgplayer.com/product/590091_200w.jpg,3,23651,https://cpt.tcgcsv.com/R2L6,2025-10-31T18:29:20.343,1,,,0.01,0.1,2.04,0.04,0.02,Normal,025/191,Common,Fire,140,Stage 1,[C] Leech Life (30)<br> Heal from this Pokemon the same amount of damage you did to your opponent's Active Pokemon.,Wx2,,2,[RCC] Turbulent Wings (150)<br> This Pokemon also does 50 damage to itself.
590091,Volcarona,Volcarona,https://tcgplayer-cdn.tcgplayer.com/product/590091_200w.jpg,3,23651,https://cpt.tcgcsv.com/R2L6,2025-10-31T18:29:20.343,1,,,0.01,0.15,50.0,0.15,0.05,Reverse Holofoil,025/191,Common,Fire,140,Stage 1,[C] Leech Life (30)<br> Heal from this Pokemon the same amount of damage you did to your opponent's Active Pokemon.,Wx2,,2,[RCC] Turbulent Wings (150)<br> This Pokemon also does 50 damage to itself.
590092,Vulpix,Vulpix,https://tcgplayer-cdn.tcgplayer.com/product/590092_200w.jpg,3,23651,https://cpt.tcgcsv.com/S2L6,2025-10-31T18:29:17.467,1,,,0.01,0.18,2.18,0.17,0.09,Reverse Holofoil,016/191,Common,Fire,70,Basic,[R] Take Down (30)<br> This Pokemon also does 10 damage to itself.,Wx2,,1,
590092,Vulpix,Vulpix,https://tcgplayer-cdn.tcgplayer.com/product/590092_200w.jpg,3,23651,https://cpt.tcgcsv.com/S2L6,2025-10-31T18:29:17.467,1,,,0.01,0.1,2.06,0.05,0.03,Normal,016/191,Common,Fire,70,Basic,[R] Take Down (30)<br> This Pokemon also does 10 damage to itself.,Wx2,,1,
590093,Walrein,Walrein,https://tcgplayer-cdn.tcgplayer.com/product/590093_200w.jpg,3,23651,https://cpt.tcgcsv.com/T2L6,2025-08-07T12:23:50.087,1,,,0.01,0.1,23.0,0.05,0.05,Normal,045/191,Uncommon,Water,170,Stage 2,"[W] Frigid Fangs (60)<br> During your opponent's next turn, Pokemon that have 2 or fewer Energy attached can't attack. <em>(This includes new Pokemon that come into play.)</em>",Mx2,,3,[WW] Megaton Fall (170)<br> This Pokemon also does 50 damage to itself.
590093,Walrein,Walrein,https://tcgplayer-cdn.tcgplayer.com/product/590093_200w.jpg,3,23651,https://cpt.tcgcsv.com/T2L6,2025-08-07T12:23:50.087,1,,,0.05,0.22,2.23,0.22,0.15,Reverse Holofoil,045/191,Uncommon,Water,170,Stage 2,"[W] Frigid Fangs (60)<br> During your opponent's next turn, Pokemon that have 2 or fewer Energy attached can't attack. <em>(This includes new Pokemon that come into play.)</em>",Mx2,,3,[WW] Megaton Fall (170)<br> This Pokemon also does 50 damage to itself.
590094,Wattrel,Wattrel,https://tcgplayer-cdn.tcgplayer.com/product/590094_200w.jpg,3,23651,https://cpt.tcgcsv.com/V2L6,2025-08-07T12:23:50.17,1,,,0.01,0.15,2.12,0.12,0.1,Reverse Holofoil,066/191,Common,Lightning,60,Basic,"[L] Aerial Ace (10+)<br> Flip a coin. If heads, this attack does 20 more damage.",Lx2,F-30,1,
590094,Wattrel,Wattrel,https://tcgplayer-cdn.tcgplayer.com/product/590094_200w.jpg,3,23651,https://cpt.tcgcsv.com/V2L6,2025-08-07T12:23:50.17,1,,,0.01,0.1,20.0,0.03,0.03,Normal,066/191,Common,Lightning,60,Basic,"[L] Aerial Ace (10+)<br> Flip a coin. If heads, this attack does 20 more damage.",Lx2,F-30,1,
590095,Wo-Chien,Wo Chien,https://tcgplayer-cdn.tcgplayer.com/product/590095_200w.jpg,3,23651,https://cpt.tcgcsv.com/W2L6,2025-10-31T18:29:18.62,1,,,0.04,0.25,2.21,0.29,0.2,Reverse Holofoil,015/191,Uncommon,Grass,130,Basic,"[GC] Hazardous Greed (20)<br> If there are 3 or fewer cards in your deck, this attack also does 120 damage to 2 of your opponent's Benched Pokemon. <em>(Don't apply Weakness and Resistance for Benched Pokemon.)</em>",Rx2,,3,[GGC] Entangling Whip (130)<br> Discard the top 3 cards of your deck.
590095,Wo-Chien,Wo Chien,https://tcgplayer-cdn.tcgplayer.com/product/590095_200w.jpg,3,23651,https://cpt.tcgcsv.com/W2L6,2025-10-31T18:29:18.62,1,,,0.01,0.1,20.0,0.05,0.03,Normal,015/191,Uncommon,Grass,130,Basic,"[GC] Hazardous Greed (20)<br> If there are 3 or fewer cards in your deck, this attack also does 120 damage to 2 of your opponent's Benched Pokemon. <em>(Don't apply Weakness and Resistance for Benched Pokemon.)</em>",Rx2,,3,[GGC] Entangling Whip (130)<br> Discard the top 3 cards of your deck.
590096,Xerneas,Xerneas,https://tcgplayer-cdn.tcgplayer.com/product/590096_200w.jpg,3,23651,https://cpt.tcgcsv.com/X2L6,2025-10-21T20:07:13.723,1,,,0.05,0.21,20.0,0.2,0.29,Reverse Holofoil,088/191,Uncommon,Psychic,130,Basic,[PC] Aurora Gain (30)<br> Heal 30 damage from this Pokemon.,Mx2,,2,"[PPC] Giga Impact (130)<br> During your next turn, this Pokemon can't attack."
590096,Xerneas,Xerneas,https://tcgplayer-cdn.tcgplayer.com/product/590096_200w.jpg,3,23651,https://cpt.tcgcsv.com/X2L6,2025-10-21T20:07:13.723,1,,,0.01,0.1,20.0,0.05,0.04,Normal,088/191,Uncommon,Psychic,130,Basic,[PC] Aurora Gain (30)<br> Heal 30 damage from this Pokemon.,Mx2,,2,"[PPC] Giga Impact (130)<br> During your next turn, this Pokemon can't attack."
590097,Yamask,Yamask,https://tcgplayer-cdn.tcgplayer.com/product/590097_200w.jpg,3,23651,https://cpt.tcgcsv.com/Z2L6,2025-08-07T12:23:50.467,1,,,0.01,0.1,2.28,0.03,0.03,Normal,082/191,Common,Psychic,70,Basic,[P] Mumble (10),Dx2,F-30,2,[PC] Petty Grudge (20)
590097,Yamask,Yamask,https://tcgplayer-cdn.tcgplayer.com/product/590097_200w.jpg,3,23651,https://cpt.tcgcsv.com/Z2L6,2025-08-07T12:23:50.467,1,,,0.01,0.15,2.13,0.14,0.09,Reverse Holofoil,082/191,Common,Psychic,70,Basic,[P] Mumble (10),Dx2,F-30,2,[PC] Petty Grudge (20)
590098,Zangoose,Zangoose,https://tcgplayer-cdn.tcgplayer.com/product/590098_200w.jpg,3,23651,https://cpt.tcgcsv.com/-2L6,2025-10-14T20:46:55.623,1,,,0.01,0.1,2.04,0.04,0.03,Normal,149/191,Common,Colorless,90,Basic,"[C] Fury Cutter (10+)<br> Flip 3 coins. If 1 of them is heads, this attack does 20 more damage. If 2 of them are heads, this attack does 50 more damage. If all of them are heads, this attack does 80 more damage.",Fx2,,1,
590098,Zangoose,Zangoose,https://tcgplayer-cdn.tcgplayer.com/product/590098_200w.jpg,3,23651,https://cpt.tcgcsv.com/-2L6,2025-10-14T20:46:55.623,1,,,0.01,0.15,40.0,0.1,0.06,Reverse Holofoil,149/191,Common,Colorless,90,Basic,"[C] Fury Cutter (10+)<br> Flip 3 coins. If 1 of them is heads, this attack does 20 more damage. If 2 of them are heads, this attack does 50 more damage. If all of them are heads, this attack does 80 more damage.",Fx2,,1,
590099,Zarude,Zarude,https://tcgplayer-cdn.tcgplayer.com/product/590099_200w.jpg,3,23651,https://cpt.tcgcsv.com/_2L6,2025-10-31T18:29:16.663,1,,,0.01,0.12,20.0,0.08,0.04,Holofoil,011/191,Rare,Grass,120,Basic,[G] Leaf Drain (20)<br> Heal 20 damage from this Pokemon.,Rx2,,1,[GGC] Jungle Whip (80+)<br> You may put all Energy attached to this Pokemon into your hand to have this attack do 80 more damage.
590099,Zarude,Zarude,https://tcgplayer-cdn.tcgplayer.com/product/590099_200w.jpg,3,23651,https://cpt.tcgcsv.com/_2L6,2025-10-31T18:29:16.663,1,,,0.04,0.2,2.47,0.18,0.13,Reverse Holofoil,011/191,Rare,Grass,120,Basic,[G] Leaf Drain (20)<br> Heal 20 damage from this Pokemon.,Rx2,,1,[GGC] Jungle Whip (80+)<br> You may put all Energy attached to this Pokemon into your hand to have this attack do 80 more damage.
590100,Zebstrika,Zebstrika,https://tcgplayer-cdn.tcgplayer.com/product/590100_200w.jpg,3,23651,https://cpt.tcgcsv.com/03L6,2025-10-14T20:50:16.437,1,,,0.01,0.1,20.0,0.04,0.03,Normal,063/191,Common,Lightning,130,Stage 1,[L] Kick (30),Fx2,,1,[LLC] Mach Bolt (120)
590100,Zebstrika,Zebstrika,https://tcgplayer-cdn.tcgplayer.com/product/590100_200w.jpg,3,23651,https://cpt.tcgcsv.com/03L6,2025-10-14T20:50:16.437,1,,,0.01,0.14,2.08,0.12,0.07,Reverse Holofoil,063/191,Common,Lightning,130,Stage 1,[L] Kick (30),Fx2,,1,[LLC] Mach Bolt (120)
590101,Zweilous,Zweilous,https://tcgplayer-cdn.tcgplayer.com/product/590101_200w.jpg,3,23651,https://cpt.tcgcsv.com/23L6,2025-10-31T18:29:17.28,1,,,0.01,0.1,2.06,0.06,0.03,Normal,118/191,Common,Darkness,100,Stage 1,[D] Stomp Off<br> Discard the top 2 cards of your opponent's deck.,Gx2,,2,[DCC] Darkness Fang (60)
590101,Zweilous,Zweilous,https://tcgplayer-cdn.tcgplayer.com/product/590101_200w.jpg,3,23651,https://cpt.tcgcsv.com/23L6,2025-10-31T18:29:17.28,1,,,0.01,0.15,2.37,0.13,0.03,Reverse Holofoil,118/191,Common,Darkness,100,Stage 1,[D] Stomp Off<br> Discard the top 2 cards of your opponent's deck.,Gx2,,2,[DCC] Darkness Fang (60)
593169,Pikachu ex - 247/191,Pikachu ex 247 191,https://tcgplayer-cdn.tcgplayer.com/product/593169_200w.jpg,3,23651,https://cpt.tcgcsv.com/phM6,2025-08-07T12:23:50.93,1,"<strong>Ability: Resolute Heart</strong> If this Pokémon has full HP and would be Knocked Out by damage from an attack, it is not Knocked Out, and its remaining HP becomes 10.",,48.92,61.1,250.0,50.04,54.04,Holofoil,247/191,Hyper Rare,Lightning,200,Basic,[GLM] Topaz Bolt (300)<br> Discard 3 Energy from this Pokemon.,Fx2,,1,
593687,Surging Sparks Sleeved Booster Pack Case,Surging Sparks Sleeved Booster Pack Case,https://tcgplayer-cdn.tcgplayer.com/product/593687_200w.jpg,3,23651,https://cpt.tcgcsv.com/MtM6,2025-05-21T19:14:34.367,1,"A Growing Storm of Stellar Strength!<br>
Terawatts of electricity crash down from the sky in a tropical paradise, setting the stage for the supercharged Pikachu ex! With the power of a Stellar Tera Pokémon ex, it lights up the shoreline, revealing a parade of dragon Pokémon led by the towering Alolan Exeggutor ex! Archaludon ex and Latias ex round out the horde, while new ACE SPEC cards and more new Pokémon ex bring surprises of their own. Currents crackle and dragons roar in the Pokémon TCG: Scarlet & Violet—Surging Sparks expansion! <br><br>
Each Surging Sparks Sleeved Booster Pack Case contains 144 booster packs.",,1199.99,1347.5,2699.99,1199.94,,Normal,,,,,,,,,,
593855,Alolan Exeggutor ex - 248/191,Alolan Exeggutor ex 248 191,https://tcgplayer-cdn.tcgplayer.com/product/593855_200w.jpg,3,23651,https://cpt.tcgcsv.com/7zM6,2025-12-03T19:22:26.123,1,,,7.5,10.24,25.94,8.04,,Holofoil,248/191,Hyper Rare,Dragon,300,Stage 1,[GW] Tropical Frenzy (150)<br> You may attach any number of Basic Energy cards from your hand to your Pokemon in any way you like.,,,3,"[GWF] Swinging Sphene<br> Flip a coin. If heads, Knock Out your opponent's Active Basic Pokemon. If tails, Knock Out 1 of your opponent's Benched Basic Pokemon."
593856,Counter Gain - 249/191,Counter Gain 249 191,https://tcgplayer-cdn.tcgplayer.com/product/593856_200w.jpg,3,23651,https://cpt.tcgcsv.com/8zM6,2025-08-07T12:23:51.13,1,"If you have more Prize cards remaining than your opponent, attacks used by the Pokémon this card is attached to cost Colorless less.",,2.5,4.0,19.99,3.47,,Holofoil,249/191,Hyper Rare,Trainer - Pokemon Tool,,,,,,,
593857,Gravity Mountain - 250/191,Gravity Mountain 250 191,https://tcgplayer-cdn.tcgplayer.com/product/593857_200w.jpg,3,23651,https://cpt.tcgcsv.com/9zM6,2025-08-07T12:23:51.223,1,Each Stage 2 Pokémon in play <em>(both yours and your opponent's)</em> gets -30 HP.,,7.25,9.49,35.0,8.68,8.97,Holofoil,250/191,Hyper Rare,Trainer - Stadium,,,,,,,
593859,Night Stretcher - 251/191,Night Stretcher 251 191,https://tcgplayer-cdn.tcgplayer.com/product/593859_200w.jpg,3,23651,https://cpt.tcgcsv.com/czM6,2025-08-07T12:23:51.333,1,Put a Pokémon or a Basic Energy card from your discard pile into your hand.,,8.71,13.0,59.99,10.0,,Holofoil,251/191,Hyper Rare,Trainer - Item,,,,,,,
593861,Jet Energy,Jet Energy,https://tcgplayer-cdn.tcgplayer.com/product/593861_200w.jpg,3,23651,https://cpt.tcgcsv.com/fzM6,2025-11-29T00:58:15.363,1,"As long as this card is attached to a Pokémon, it provides [C] Energy.<br>When you attach this card from your hand to 1 of your Benched Pokémon, switch that Pokémon with your Active Pokémon.",,6.46,10.0,26.99,8.91,,Holofoil,252/191,Hyper Rare,Energy,,,,,,,
594248,Code Card - Surging Sparks Booster Pack,Code Card Surging Sparks Booster Pack,https://tcgplayer-cdn.tcgplayer.com/product/594248_200w.jpg,3,23651,https://cpt.tcgcsv.com/-JM6,2024-11-08T20:27:48.697,1,"This listing is <strong>not</strong> a physical item. Please keep in mind that this <strong>Code Card</strong> listing represents a digital copy of the stated item for the Pokémon TCG Online <strong>and/or</strong> the Pokémon TCG Live games. You may receive the physical <strong>Code Card</strong>. Upon purchase, please work with your specific Seller by sending them a message using the <strong>Contact Seller</strong> button on the order details in your <a href=https://store.tcgplayer.com/myaccount/orderhistory>Order History</a> to opt in to having your <strong>Code Card</strong> code delivered digitally due to the nature of the product.",,0.01,0.04,4.99,0.03,,Normal,,Code Card,,,,,,,,
594269,Surging Sparks Booster Bundle Case,Surging Sparks Booster Bundle Case,https://tcgplayer-cdn.tcgplayer.com/product/594269_200w.jpg,3,23651,https://cpt.tcgcsv.com/pKM6,2025-04-03T15:59:43.497,1,"Each Surging Sparks Booster Bundle Case contains 20 Surging Sparks Booster Bundles.
<br><br>
A Growing Storm of Stellar Strength!
Terawatts of electricity crash down from the sky in a tropical paradise, setting the stage for the supercharged Pikachu ex! With the power of a Stellar Tera Pokémon ex, it lights up the shoreline, revealing a parade of dragon Pokémon led by the towering Alolan Exeggutor ex! Archaludon ex and Latias ex round out the horde, while new ACE SPEC cards and more new Pokémon ex bring surprises of their own. Currents crackle and dragons roar in the Pokémon TCG: Scarlet & Violet—Surging Sparks expansion!<br>
• Over 250 cards<br>
• 8 ACE SPEC cards<br>
• 8 Stellar Tera Pokémon ex and 9 Tera Pokémon ex<br>
• 23 illustration rare Pokémon<br>
• 11 special illustration rare Pokémon and Supporter cards<br>
• 6 hyper rare gold etched cards<br>
• Electrifying Lightning-type Pokémon<br>
<br><br>
Includes: <br>
• 6 Pokémon TCG: Scarlet & Violet—Stellar Crown booster packs
<br><br><em>(Pokemon TCG booster packs and contents vary by product.)</em>",0820650859915,979.69,1000.0,1299.0,987.35,,Normal,,,,,,,,,,
598075,Code Card - Surging Spark Elite Trainer Box,Code Card Surging Spark Elite Trainer Box,https://tcgplayer-cdn.tcgplayer.com/product/598075_200w.jpg,3,23651,https://cpt.tcgcsv.com/wfP6,2024-11-22T16:45:59.383,1,"This listing is <strong>not</strong> a physical item. Please keep in mind that this <strong>Code Card</strong> listing represents a digital copy of the stated item for the Pokémon TCG Online <strong>and/or</strong> the Pokémon TCG Live games. You may receive the physical <strong>Code Card</strong>. Upon purchase, please work with your specific Seller by sending them a message using the <strong>Contact Seller</strong> button on the order details in your <a href=https://store.tcgplayer.com/myaccount/orderhistory>Order History</a> to opt in to having your <strong>Code Card</strong> code delivered digitally due to the nature of the product.",,0.1,0.14,0.29,0.12,,Normal,,Code Card,,,,,,,,
602788,Code Card - Surging Sparks Pokemon Center Elite Trainer Box,Code Card Surging Sparks Pokemon Center Elite Trainer Box,https://tcgplayer-cdn.tcgplayer.com/product/602788_200w.jpg,3,23651,https://cpt.tcgcsv.com/N7R6,2025-04-07T20:45:19.44,1,"This listing is <strong>not</strong> a physical item. Please keep in mind that this <strong>Code Card</strong> listing represents a digital copy of the stated item for the Pokémon TCG Online <strong>and/or</strong> the Pokémon TCG Live games. You may receive the physical <strong>Code Card</strong>. Upon purchase, please work with your specific Seller by sending them a message using the <strong>Contact Seller</strong> button on the order details in your <a href=https://store.tcgplayer.com/myaccount/orderhistory>Order History</a> to opt in to having your <strong>Code Card</strong> code delivered digitally due to the nature of the product.",,0.7,1.51,9.99,1.51,,Normal,,Code Card,,,,,,,,
604405,Code Card - Surging Sparks 3 Pack Blister [Zapdos],Code Card Surging Sparks 3 Pack Blister Zapdos,https://tcgplayer-cdn.tcgplayer.com/product/604405_200w.jpg,3,23651,https://cpt.tcgcsv.com/7NR6,2024-12-11T19:11:58.707,1,"This listing is <strong>not</strong> a physical item. Please keep in mind that this <strong>Code Card</strong> listing represents a digital copy of the stated item for the Pokémon TCG Online <strong>and/or</strong> the Pokémon TCG Live games. You may receive the physical <strong>Code Card</strong>. Upon purchase, please work with your specific Seller by sending them a message using the <strong>Contact Seller</strong> button on the order details in your <a href=https://store.tcgplayer.com/myaccount/orderhistory>Order History</a> to opt in to having your <strong>Code Card</strong> code delivered digitally due to the nature of the product.",,0.05,0.15,1.0,0.14,,Normal,,Code Card,,,,,,,,
606613,Surging Sparks Single Pack Blister [Hisuian Arcanine],Surging Sparks Single Pack Blister Hisuian Arcanine,https://tcgplayer-cdn.tcgplayer.com/product/606613_200w.jpg,3,23651,https://cpt.tcgcsv.com/hGS6,2025-12-29T18:06:04.633,1,"A Growing Storm of Stellar Strength!<br>
Terawatts of electricity crash down from the sky in a tropical paradise, setting the stage for the supercharged Pikachu ex! With the power of a Stellar Tera Pokémon ex, it lights up the shoreline, revealing a parade of dragon Pokémon led by the towering Alolan Exeggutor ex! Archaludon ex and Latias ex round out the horde, while new ACE SPEC cards and more new Pokémon ex bring surprises of their own. Currents crackle and dragons roar in the Pokémon TCG: Scarlet & Violet—Surging Sparks expansion!
<br>Each blister contains 1 Surging Sparks booster pack, a coin, and two promotional cards.",0820650859458,12.9,13.34,49.99,13.34,,Normal,,,,,,,,,,
606614,Surging Sparks Single Pack Blister [Sinistcha],Surging Sparks Single Pack Blister Sinistcha,https://tcgplayer-cdn.tcgplayer.com/product/606614_200w.jpg,3,23651,https://cpt.tcgcsv.com/jGS6,2024-12-22T15:51:30.24,1,"A Growing Storm of Stellar Strength!<br>
Terawatts of electricity crash down from the sky in a tropical paradise, setting the stage for the supercharged Pikachu ex! With the power of a Stellar Tera Pokémon ex, it lights up the shoreline, revealing a parade of dragon Pokémon led by the towering Alolan Exeggutor ex! Archaludon ex and Latias ex round out the horde, while new ACE SPEC cards and more new Pokémon ex bring surprises of their own. Currents crackle and dragons roar in the Pokémon TCG: Scarlet & Violet—Surging Sparks expansion!
<br>Each blister contains 1 Surging Sparks booster pack, a coin, and two promotional cards.",,14.0,14.52,15.0,14.04,,Normal,,,,,,,,,,
616131,Code Card - Surging Sparks Build & Battle Box,Code Card Surging Sparks Build and Battle Box,https://tcgplayer-cdn.tcgplayer.com/product/616131_200w.jpg,3,23651,https://cpt.tcgcsv.com/FsX6,2025-02-05T12:59:13.477,1,"This listing is <strong>not</strong> a physical item. Please keep in mind that this <strong>Code Card</strong> listing represents a digital copy of the stated item for the Pokémon TCG Online <strong>and/or</strong> the Pokémon TCG Live games. You may receive the physical <strong>Code Card</strong>. Upon purchase, please work with your specific Seller by sending them a message using the <strong>Contact Seller</strong> button on the order details in your <a href=https://store.tcgplayer.com/myaccount/orderhistory>Order History</a> to opt in to having your <strong>Code Card</strong> code delivered digitally due to the nature of the product.",,0.16,0.33,0.99,0.31,,Normal,,Code Card,,,,,,,,
616160,Code Card - Surging Sparks Blister [Hisuian Arcanine],Code Card Surging Sparks Blister Hisuian Arcanine,https://tcgplayer-cdn.tcgplayer.com/product/616160_200w.jpg,3,23651,https://cpt.tcgcsv.com/dtX6,2025-02-05T13:00:18.737,1,"This listing is <strong>not</strong> a physical item. Please keep in mind that this <strong>Code Card</strong> listing represents a digital copy of the stated item for the Pokémon TCG Online <strong>and/or</strong> the Pokémon TCG Live games. You may receive the physical <strong>Code Card</strong>. Upon purchase, please work with your specific Seller by sending them a message using the <strong>Contact Seller</strong> button on the order details in your <a href=https://store.tcgplayer.com/myaccount/orderhistory>Order History</a> to opt in to having your <strong>Code Card</strong> code delivered digitally due to the nature of the product.",,0.05,0.06,0.09,0.06,,Normal,,Code Card,,,,,,,,
616164,Code Card - Surging Sparks Blister [Sinistcha],Code Card Surging Sparks Blister Sinistcha,https://tcgplayer-cdn.tcgplayer.com/product/616164_200w.jpg,3,23651,https://cpt.tcgcsv.com/jtX6,2025-02-05T13:01:04.187,1,"This listing is <strong>not</strong> a physical item. Please keep in mind that this <strong>Code Card</strong> listing represents a digital copy of the stated item for the Pokémon TCG Online <strong>and/or</strong> the Pokémon TCG Live games. You may receive the physical <strong>Code Card</strong>. Upon purchase, please work with your specific Seller by sending them a message using the <strong>Contact Seller</strong> button on the order details in your <a href=https://store.tcgplayer.com/myaccount/orderhistory>Order History</a> to opt in to having your <strong>Code Card</strong> code delivered digitally due to the nature of the product.",,0.05,0.07,0.15,0.05,,Normal,,Code Card,,,,,,,,
616166,Code Card - Surging Sparks Blister [Wooper],Code Card Surging Sparks Blister Wooper,https://tcgplayer-cdn.tcgplayer.com/product/616166_200w.jpg,3,23651,https://cpt.tcgcsv.com/ltX6,2025-02-05T13:01:35.347,1,"This listing is <strong>not</strong> a physical item. Please keep in mind that this <strong>Code Card</strong> listing represents a digital copy of the stated item for the Pokémon TCG Online <strong>and/or</strong> the Pokémon TCG Live games. You may receive the physical <strong>Code Card</strong>. Upon purchase, please work with your specific Seller by sending them a message using the <strong>Contact Seller</strong> button on the order details in your <a href=https://store.tcgplayer.com/myaccount/orderhistory>Order History</a> to opt in to having your <strong>Code Card</strong> code delivered digitally due to the nature of the product.",,0.03,0.05,0.15,0.03,,Normal,,Code Card,,,,,,,,
616169,Code Card - Surging Sparks Blister [Pachirisu],Code Card Surging Sparks Blister Pachirisu,https://tcgplayer-cdn.tcgplayer.com/product/616169_200w.jpg,3,23651,https://cpt.tcgcsv.com/ptX6,2025-02-05T13:03:50.14,1,"This listing is <strong>not</strong> a physical item. Please keep in mind that this <strong>Code Card</strong> listing represents a digital copy of the stated item for the Pokémon TCG Online <strong>and/or</strong> the Pokémon TCG Live games. You may receive the physical <strong>Code Card</strong>. Upon purchase, please work with your specific Seller by sending them a message using the <strong>Contact Seller</strong> button on the order details in your <a href=https://store.tcgplayer.com/myaccount/orderhistory>Order History</a> to opt in to having your <strong>Code Card</strong> code delivered digitally due to the nature of the product.",,0.02,0.07,0.15,0.03,,Normal,,Code Card,,,,,,,,
620134,Code Card - Surging Sparks Elite Trainer Box,Code Card Surging Sparks Elite Trainer Box,https://tcgplayer-cdn.tcgplayer.com/product/620134_200w.jpg,3,23651,https://cpt.tcgcsv.com/J3-6,2025-02-26T12:50:19.84,1,"This listing is <strong>not</strong> a physical item. Please keep in mind that this <strong>Code Card</strong> listing represents a digital copy of the stated item for the Pokémon TCG Online <strong>and/or</strong> the Pokémon TCG Live games. You may receive the physical <strong>Code Card</strong>. Upon purchase, please work with your specific Seller by sending them a message using the <strong>Contact Seller</strong> button on the order details in your <a href=https://store.tcgplayer.com/myaccount/orderhistory>Order History</a> to opt in to having your <strong>Code Card</strong> code delivered digitally due to the nature of the product.",,0.1,1.08,2.0,0.99,,Normal,,Code Card,,,,,,,,
628641,Surging Sparks Fun Pack,Surging Sparks Fun Pack,https://tcgplayer-cdn.tcgplayer.com/product/628641_200w.jpg,3,23651,https://cpt.tcgcsv.com/Rs27,2025-05-21T19:13:50.38,0,"A Growing Storm of Stellar Strength!<br>
Terawatts of electricity crash down from the sky in a tropical paradise, setting the stage for the supercharged Pikachu ex! With the power of a Stellar Tera Pokémon ex, it lights up the shoreline, revealing a parade of dragon Pokémon led by the towering Alolan Exeggutor ex! Archaludon ex and Latias ex round out the horde, while new ACE SPEC cards and more new Pokémon ex bring surprises of their own. Currents crackle and dragons roar in the Pokémon TCG: Scarlet & Violet—Surging Sparks expansion! <br><br>
Each Surging Sparks Fun Pack contains 3 random cards.",,,,,,,,,,,,,,,,,
646039,Surging Sparks Half Booster Box,Surging Sparks Half Booster Box,https://tcgplayer-cdn.tcgplayer.com/product/646039_200w.jpg,3,23651,https://cpt.tcgcsv.com/Pqb7,2025-12-29T18:17:32.053,1,"A Growing Storm of Stellar Strength!
Terawatts of electricity crash down from the sky in a tropical paradise, setting the stage for the supercharged Pikachu ex! With the power of a Stellar Tera Pokémon ex, it lights up the shoreline, revealing a parade of dragon Pokémon led by the towering Alolan Exeggutor ex! Archaludon ex and Latias ex round out the horde, while new ACE SPEC cards and more new Pokémon ex bring surprises of their own. Currents crackle and dragons roar in the Pokémon TCG: Scarlet & Violet—Surging Sparks expansion! 


<br><br>Each Scarlet & Violet— Surging Sparks half booster box contains 18 booster packs. <em>(Each pack contains 10 random cards)</em>",,128.95,151.89,265.0,145.29,,Normal,,,,,,,,,,
