productId,name,cleanName,imageUrl,categoryId,groupId,url,modifiedOn,imageCount,extCardText,lowPrice,midPrice,highPrice,marketPrice,directLowPrice,subTypeName,extUPC,extNumber,extRarity,extCardType,extHP,extStage,extAttack1,extWeakness,extRetreatCost,extAttack2,extResistance
624675,Destined Rivals Pokemon Center Elite Trainer Box (Exclusive),Destined Rivals Pokemon Center Elite Trainer Box Exclusive,https://tcgplayer-cdn.tcgplayer.com/product/624675_200w.jpg,3,24269,https://cpt.tcgcsv.com/wT_6,2025-05-30T04:10:27.47,1,"Pokémon Trainers, be on high alert!
<br>The nefarious Team Rocket is setting its latest plan into motion, and heroic Trainers are racing to stop it. Join forces with the likes of Cynthia and Garchomp ex, Ethan and Ho-Oh ex, or Arven and Mabosstiff ex… Or reconsider your loyalties and fight alongside Team Rocket’s Pokémon like Mewtwo ex—under the command of Giovanni! Choose a side, assemble your allies, and battle boldly in the Pokémon TCG: Scarlet & Violet—Destined Rivals expansion!

<br><br>

The Pokémon TCG: Scarlet & Violet—Destined Rivals Pokémon Center Elite Trainer Box includes:<br>
•11 Pokémon TCG: Scarlet & Violet—Destined Rivals booster packs<br>
       •Each booster pack contains 10 cards and 1 Basic Energy. Cards vary by pack.<br>
• 65 card sleeves<br>
• 45 Pokémon TCG Energy cards<br>
• A player’s guide to the Scarlet & Violet—Destined Rivals expansion
6 damage-counter dice<br>
• 1 competition-legal coin-flip die<br>
• 2 plastic condition markers<br>
• A box to hold everything, with 4 dividers to keep it organized<br>
• A code card for Pokémon Trading Card Game Live<br>",300.0,498.0,9999.99,314.91,,Normal,,,,,,,,,,,
624676,Destined Rivals Elite Trainer Box,Destined Rivals Elite Trainer Box,https://tcgplayer-cdn.tcgplayer.com/product/624676_200w.jpg,3,24269,https://cpt.tcgcsv.com/xT_6,2025-05-30T04:10:27.47,1,"Whose Side Are You On?<br>
Pokémon Trainers, be on high alert! The nefarious Team Rocket is setting its latest plan into motion, and heroic Trainers are racing to stop it. Join forces with the likes of Cynthia and Garchomp ex, Ethan and Ho-Oh ex, or Arven and Mabosstiff ex… Or reconsider your loyalties and fight alongside Team Rocket’s Pokémon like Mewtwo ex—under the command of Giovanni! Choose a side, assemble your allies, and battle boldly in the Pokémon TCG: Scarlet & Violet—Destined Rivals expansion! <br>

The Pokémon TCG: Scarlet & Violet—Destined Rivals Elite Trainer Box includes:<br>
• 9 Pokémon TCG: Scarlet & Violet—Destined Rivals booster packs<br>
• 65 card sleeves<br>
• 45 Pokémon TCG Energy cards<br>
• A player’s guide to the Scarlet & Violet—Destined Rivals expansion<br>
• 6 damage-counter dice<br>
• 1 competition-legal coin-flip die<br>
• 2 plastic condition markers<br>
• A collector’s box to hold everything, with 4 dividers to keep it organized<br>
• A code card for Pokémon Trading Card Game Live<br>",129.99,149.99,500.0,136.23,,Normal,0820650859526,,,,,,,,,,
624678,Destined Rivals Booster Box Case,Destined Rivals Booster Box Case,https://tcgplayer-cdn.tcgplayer.com/product/624678_200w.jpg,3,24269,https://cpt.tcgcsv.com/BT_6,2025-05-30T04:10:27.47,1,"Each booster box case contains 6 boxes of 36 packs each.
<br>
<br>Each Destined Rivals Booster Pack contains 10 random cards.",2499.99,3500.0,6195.0,2382.35,,Normal,820650827204,,,,,,,,,,
624679,Destined Rivals Booster Box,Destined Rivals Booster Box,https://tcgplayer-cdn.tcgplayer.com/product/624679_200w.jpg,3,24269,https://cpt.tcgcsv.com/CT_6,2025-05-30T04:10:27.47,1,Each Scarlet & Violet— Destined Rivals booster box contains 36 booster packs. <em>(Each pack contains 10 random cards)</em>,385.0,481.0,8498.0,392.39,,Normal,,,,,,,,,,,
624681,Destined Rivals Half Booster Box,Destined Rivals Half Booster Box,https://tcgplayer-cdn.tcgplayer.com/product/624681_200w.jpg,3,24269,https://cpt.tcgcsv.com/FT_6,2025-05-30T04:10:27.47,1,"Whose Side Are You On?<br>
Pokémon Trainers, be on high alert! The nefarious Team Rocket is setting its latest plan into motion, and heroic Trainers are racing to stop it. Join forces with the likes of Cynthia and Garchomp ex, Ethan and Ho-Oh ex, or Arven and Mabosstiff ex… Or reconsider your loyalties and fight alongside Team Rocket’s Pokémon like Mewtwo ex—under the command of Giovanni! Choose a side, assemble your allies, and battle boldly in the Pokémon TCG: Scarlet & Violet—Destined Rivals expansion!

<br><br>Each Scarlet & Violet— Destined Rivals half booster box contains 18 booster packs. <em>(Each pack contains 10 random cards)</em>",,,,,,,,,,,,,,,,,
624683,Destined Rivals Booster Pack,Destined Rivals Booster Pack,https://tcgplayer-cdn.tcgplayer.com/product/624683_200w.jpg,3,24269,https://cpt.tcgcsv.com/HT_6,2025-05-30T04:10:27.47,1,"Whose Side Are You On?<br>
Pokémon Trainers, be on high alert! The nefarious Team Rocket is setting its latest plan into motion, and heroic Trainers are racing to stop it. Join forces with the likes of Cynthia and Garchomp ex, Ethan and Ho-Oh ex, or Arven and Mabosstiff ex… Or reconsider your loyalties and fight alongside Team Rocket’s Pokémon like Mewtwo ex—under the command of Giovanni! Choose a side, assemble your allies, and battle boldly in the Pokémon TCG: Scarlet & Violet—Destined Rivals expansion!
<br><br>
Each pack contains 10 cards.",6.29,7.99,16.95,7.22,,Normal,,,,,,,,,,,
624684,Destined Rivals Sleeved Booster Pack,Destined Rivals Sleeved Booster Pack,https://tcgplayer-cdn.tcgplayer.com/product/624684_200w.jpg,3,24269,https://cpt.tcgcsv.com/JT_6,2025-05-30T04:10:27.47,1,"Whose Side Are You On?<br>
Pokémon Trainers, be on high alert! The nefarious Team Rocket is setting its latest plan into motion, and heroic Trainers are racing to stop it. Join forces with the likes of Cynthia and Garchomp ex, Ethan and Ho-Oh ex, or Arven and Mabosstiff ex… Or reconsider your loyalties and fight alongside Team Rocket’s Pokémon like Mewtwo ex—under the command of Giovanni! Choose a side, assemble your allies, and battle boldly in the Pokémon TCG: Scarlet & Violet—Destined Rivals expansion!<br><br>

Each Destined Rivals sleeved booster pack contains 10 random cards.",5.94,8.25,30.0,6.97,,Normal,0196214111233,,,,,,,,,,
625670,Destined Rivals Booster Bundle,Destined Rivals Booster Bundle,https://tcgplayer-cdn.tcgplayer.com/product/625670_200w.jpg,3,24269,https://cpt.tcgcsv.com/qh07,2025-05-30T04:10:27.47,1,"Whose Side Are You On?<br>
Pokémon Trainers, be on high alert! The nefarious Team Rocket is setting its latest plan into motion, and heroic Trainers are racing to stop it. Join forces with the likes of Cynthia and Garchomp ex, Ethan and Ho-Oh ex, or Arven and Mabosstiff ex… Or reconsider your loyalties and fight alongside Team Rocket’s Pokémon like Mewtwo ex—under the command of Giovanni! Choose a side, assemble your allies, and battle boldly in the Pokémon TCG: Scarlet & Violet—Destined Rivals expansion!<br><br>

Expand your collection with this Booster Bundle containing <strong>six booster packs from Pokémon TCG: Scarlet & Violet—Destined Rivals!</strong>",44.0,58.8,150.0,51.24,,Normal,0196214111387,,,,,,,,,,
625677,Destined Rivals Build & Battle Box,Destined Rivals Build and Battle Box,https://tcgplayer-cdn.tcgplayer.com/product/625677_200w.jpg,3,24269,https://cpt.tcgcsv.com/zh07,2025-06-13T04:12:26.303,1,"Whose Side Are You On?<br>
Pokémon Trainers, be on high alert! The nefarious Team Rocket is setting its latest plan into motion, and heroic Trainers are racing to stop it. Join forces with the likes of Cynthia and Garchomp ex, Ethan and Ho-Oh ex, or Arven and Mabosstiff ex… Or reconsider your loyalties and fight alongside Team Rocket’s Pokémon like Mewtwo ex—under the command of Giovanni! Choose a side, assemble your allies, and battle boldly in the Pokémon TCG: Scarlet & Violet—Destined Rivals expansion!


<br><br>Contents:<br>
• A 40-card ready-to-play deck, including 1 of 4 unique foil promo cards<br>
• 4 Pokémon TCG: Scarlet & Violet—Destined Rivals booster packs<br>
• A code card for Pokémon TCG Live",40.72,44.99,60.0,42.99,,Normal,0196214111561,,,,,,,,,,
625683,Destined Rivals 3 Pack Blister [Kangaskhan],Destined Rivals 3 Pack Blister Kangaskhan,https://tcgplayer-cdn.tcgplayer.com/product/625683_200w.jpg,3,24269,https://cpt.tcgcsv.com/Hh07,2025-05-30T04:10:27.47,1,"Whose Side Are You On?<br>
Pokémon Trainers, be on high alert! The nefarious Team Rocket is setting its latest plan into motion, and heroic Trainers are racing to stop it. Join forces with the likes of Cynthia and Garchomp ex, Ethan and Ho-Oh ex, or Arven and Mabosstiff ex… Or reconsider your loyalties and fight alongside Team Rocket’s Pokémon like Mewtwo ex—under the command of Giovanni! Choose a side, assemble your allies, and battle boldly in the Pokémon TCG: Scarlet & Violet—Destined Rivals expansion!
<br><br>
Each blister comes with 3 Destined Rivals booster packs and a promotional card of Kangaskhan.",34.99,39.99,64.0,36.16,,Normal,0196214111332,,,,,,,,,,
625684,Destined Rivals 3 Pack Blister [Zebstrika],Destined Rivals 3 Pack Blister Zebstrika,https://tcgplayer-cdn.tcgplayer.com/product/625684_200w.jpg,3,24269,https://cpt.tcgcsv.com/Jh07,2025-05-30T04:10:27.47,1,"Whose Side Are You On?<br>
Pokémon Trainers, be on high alert! The nefarious Team Rocket is setting its latest plan into motion, and heroic Trainers are racing to stop it. Join forces with the likes of Cynthia and Garchomp ex, Ethan and Ho-Oh ex, or Arven and Mabosstiff ex… Or reconsider your loyalties and fight alongside Team Rocket’s Pokémon like Mewtwo ex—under the command of Giovanni! Choose a side, assemble your allies, and battle boldly in the Pokémon TCG: Scarlet & Violet—Destined Rivals expansion!
<br><br>
Each blister comes with 3 Destined Rivals booster packs and a promotional card of Zebstrika.",31.99,39.95,51.0,32.89,,Normal,0196214111332,,,,,,,,,,
625687,Destined Rivals Premium Checklane Blister [Skeledirge],Destined Rivals Premium Checklane Blister Skeledirge,https://tcgplayer-cdn.tcgplayer.com/product/625687_200w.jpg,3,24269,https://cpt.tcgcsv.com/Mh07,2025-05-30T04:10:27.47,1,"Whose Side Are You On?<br>
Pokémon Trainers, be on high alert! The nefarious Team Rocket is setting its latest plan into motion, and heroic Trainers are racing to stop it. Join forces with the likes of Cynthia and Garchomp ex, Ethan and Ho-Oh ex, or Arven and Mabosstiff ex… Or reconsider your loyalties and fight alongside Team Rocket’s Pokémon like Mewtwo ex—under the command of Giovanni! Choose a side, assemble your allies, and battle boldly in the Pokémon TCG: Scarlet & Violet—Destined Rivals expansion!<br><br>
Product details: <br>
• 1 Destined Rivals booster pack<br>
• TCGO Code<br>
• Coin<br>
• 3 cards!",38.99,38.99,38.99,23.84,,Normal,820650853319,,,,,,,,,,
625688,Destined Rivals Premium Checklane Blister [Togekiss],Destined Rivals Premium Checklane Blister Togekiss,https://tcgplayer-cdn.tcgplayer.com/product/625688_200w.jpg,3,24269,https://cpt.tcgcsv.com/Nh07,2025-05-30T04:10:27.47,1,"Whose Side Are You On?<br>
Pokémon Trainers, be on high alert! The nefarious Team Rocket is setting its latest plan into motion, and heroic Trainers are racing to stop it. Join forces with the likes of Cynthia and Garchomp ex, Ethan and Ho-Oh ex, or Arven and Mabosstiff ex… Or reconsider your loyalties and fight alongside Team Rocket’s Pokémon like Mewtwo ex—under the command of Giovanni! Choose a side, assemble your allies, and battle boldly in the Pokémon TCG: Scarlet & Violet—Destined Rivals expansion!<br><br>
Product details: <br>
• 1 Destined Rivals booster pack<br>
• TCGO Code<br>
• Coin<br>
• 3 cards!",42.0,47.23,47.99,26.16,,Normal,820650853319,,,,,,,,,,
628395,Destined Rivals Premium Checklane Blister [Gastrodon],Destined Rivals Premium Checklane Blister Gastrodon,https://tcgplayer-cdn.tcgplayer.com/product/628395_200w.jpg,3,24269,https://cpt.tcgcsv.com/Wm27,2025-05-30T04:10:27.47,1,"Whose Side Are You On?<br>
Pokémon Trainers, be on high alert! The nefarious Team Rocket is setting its latest plan into motion, and heroic Trainers are racing to stop it. Join forces with the likes of Cynthia and Garchomp ex, Ethan and Ho-Oh ex, or Arven and Mabosstiff ex… Or reconsider your loyalties and fight alongside Team Rocket’s Pokémon like Mewtwo ex—under the command of Giovanni! Choose a side, assemble your allies, and battle boldly in the Pokémon TCG: Scarlet & Violet—Destined Rivals expansion!<br><br>
Product details: <br>
• 1 Destined Rivals booster pack<br>
• TCGO Code<br>
• Coin<br>
• 2 cards featuring an evolution line!",14.99,16.59,24.0,16.18,,Normal,,,,,,,,,,,
628396,Destined Rivals Premium Checklane Blister [Rabsca],Destined Rivals Premium Checklane Blister Rabsca,https://tcgplayer-cdn.tcgplayer.com/product/628396_200w.jpg,3,24269,https://cpt.tcgcsv.com/Xm27,2025-05-30T04:10:27.47,1,"Whose Side Are You On?<br>
Pokémon Trainers, be on high alert! The nefarious Team Rocket is setting its latest plan into motion, and heroic Trainers are racing to stop it. Join forces with the likes of Cynthia and Garchomp ex, Ethan and Ho-Oh ex, or Arven and Mabosstiff ex… Or reconsider your loyalties and fight alongside Team Rocket’s Pokémon like Mewtwo ex—under the command of Giovanni! Choose a side, assemble your allies, and battle boldly in the Pokémon TCG: Scarlet & Violet—Destined Rivals expansion!<br><br>
Product details: <br>
• 1 Destined Rivals booster pack<br>
• TCGO Code<br>
• Coin<br>
• 2 cards featuring an evolution line!",10.0,14.67,18.99,14.67,,Normal,,,,,,,,,,,
628398,Destined Rivals Elite Trainer Box Case,Destined Rivals Elite Trainer Box Case,https://tcgplayer-cdn.tcgplayer.com/product/628398_200w.jpg,3,24269,https://cpt.tcgcsv.com/-m27,2025-05-30T04:10:27.47,1,"A Growing Storm of Stellar Strength!<br>
Terawatts of electricity crash down from the sky in a tropical paradise, setting the stage for the supercharged Pikachu ex! With the power of a Stellar Tera Pokémon ex, it lights up the shoreline, revealing a parade of dragon Pokémon led by the towering Alolan Exeggutor ex! Archaludon ex and Latias ex round out the horde, while new ACE SPEC cards and more new Pokémon ex bring surprises of their own. Currents crackle and dragons roar in the Pokémon TCG: Scarlet & Violet—Surging Sparks expansion!<br><br>

Each sealed Pokémon TCG: Scarlet & Violet—Destined Rivals Elite Trainer Box includes 10 elite trainer boxes. 
<br>
Individual Pokémon TCG: Scarlet & Violet—Destined Rivals Elite Trainer Boxes include:<br>
• 9 Pokémon TCG: Scarlet & Violet—Destined Rivals booster packs<br>
• 65 card sleeves<br>
• 45 Pokémon TCG Energy cards<br>
• A player’s guide to the Scarlet & Violet—Destined Rivals expansion<br>
• 6 damage-counter dice<br>
• 1 competition-legal coin-flip die<br>
• 2 plastic condition markers<br>
• A collector’s box to hold everything, with 4 dividers to keep it organized<br>
• A code card for Pokémon Trading Card Game Live<br>",1249.99,1495.13,2399.99,1241.22,,Normal,10196214111384,,,,,,,,,,
628413,Destined Rivals Sleeved Booster Case,Destined Rivals Sleeved Booster Case,https://tcgplayer-cdn.tcgplayer.com/product/628413_200w.jpg,3,24269,https://cpt.tcgcsv.com/hn27,2025-05-30T04:10:27.47,1,"A Growing Storm of Stellar Strength!<br>
Terawatts of electricity crash down from the sky in a tropical paradise, setting the stage for the supercharged Pikachu ex! With the power of a Stellar Tera Pokémon ex, it lights up the shoreline, revealing a parade of dragon Pokémon led by the towering Alolan Exeggutor ex! Archaludon ex and Latias ex round out the horde, while new ACE SPEC cards and more new Pokémon ex bring surprises of their own. Currents crackle and dragons roar in the Pokémon TCG: Scarlet & Violet—Surging Sparks expansion!

<br><br>Each sealed Destined Rivals sleeved booster case contains 144 sleeved booster packs.",1099.99,1246.8,1699.99,1093.34,,Normal,10196214111230,,,,,,,,,,
628428,Destined Rivals Booster Bundle Case,Destined Rivals Booster Bundle Case,https://tcgplayer-cdn.tcgplayer.com/product/628428_200w.jpg,3,24269,https://cpt.tcgcsv.com/Bn27,2025-05-30T04:10:27.47,1,"Whose Side Are You On?<br>
Pokémon Trainers, be on high alert! The nefarious Team Rocket is setting its latest plan into motion, and heroic Trainers are racing to stop it. Join forces with the likes of Cynthia and Garchomp ex, Ethan and Ho-Oh ex, or Arven and Mabosstiff ex… Or reconsider your loyalties and fight alongside Team Rocket’s Pokémon like Mewtwo ex—under the command of Giovanni! Choose a side, assemble your allies, and battle boldly in the Pokémon TCG: Scarlet & Violet—Destined Rivals expansion!<br><br>

Each sealed Destined Rivals Booster Bundle Case contains 25 bundle boxes.<br><br>

Expand your collection with this Booster Bundle containing <strong>six booster packs from Pokémon TCG: Scarlet & Violet—Destined Rivals!</strong>",1549.99,1899.99,4500.0,1344.82,,Normal,0196214111387,,,,,,,,,,
630803,Cynthia's Roselia,Cynthias Roselia,https://tcgplayer-cdn.tcgplayer.com/product/630803_200w.jpg,3,24269,https://cpt.tcgcsv.com/5l37,2025-11-29T04:51:00.897,1,,0.01,0.12,20.0,0.09,0.1,Normal,,007/182,Common,Grass,70,Basic,[C] Spike Sting (20),Rx2,1,,
630803,Cynthia's Roselia,Cynthias Roselia,https://tcgplayer-cdn.tcgplayer.com/product/630803_200w.jpg,3,24269,https://cpt.tcgcsv.com/5l37,2025-11-29T04:51:00.897,1,,0.05,0.4,2.47,0.31,0.25,Reverse Holofoil,,007/182,Common,Grass,70,Basic,[C] Spike Sting (20),Rx2,1,,
630804,Cynthia's Roserade,Cynthias Roserade,https://tcgplayer-cdn.tcgplayer.com/product/630804_200w.jpg,3,24269,https://cpt.tcgcsv.com/6l37,2025-11-13T18:12:40.147,1,<strong>Ability: Cheer On to Glory</strong> Attacks used by your Cynthia's Pokémon do 30 more damage to your opponent's Active Pokémon <em>(before applying Weakness and Resistance)</em>.,0.05,0.34,2.5,0.22,0.25,Reverse Holofoil,,008/182,Rare,Grass,130,Stage 1,[GCC] Leaf Step (80),Rx2,1,,
630804,Cynthia's Roserade,Cynthias Roserade,https://tcgplayer-cdn.tcgplayer.com/product/630804_200w.jpg,3,24269,https://cpt.tcgcsv.com/6l37,2025-11-13T18:12:40.147,1,<strong>Ability: Cheer On to Glory</strong> Attacks used by your Cynthia's Pokémon do 30 more damage to your opponent's Active Pokémon <em>(before applying Weakness and Resistance)</em>.,0.01,0.2,44.0,0.17,0.15,Holofoil,,008/182,Rare,Grass,130,Stage 1,[GCC] Leaf Step (80),Rx2,1,,
630805,Smoliv,Smoliv,https://tcgplayer-cdn.tcgplayer.com/product/630805_200w.jpg,3,24269,https://cpt.tcgcsv.com/7l37,2025-11-29T21:15:08.49,1,,0.01,0.1,2.28,0.05,0.05,Normal,,021/182,Common,Grass,60,Basic,[C] Ram (10),Rx2,1,,
630805,Smoliv,Smoliv,https://tcgplayer-cdn.tcgplayer.com/product/630805_200w.jpg,3,24269,https://cpt.tcgcsv.com/7l37,2025-11-29T21:15:08.49,1,,0.02,0.15,2.37,0.12,0.15,Reverse Holofoil,,021/182,Common,Grass,60,Basic,[C] Ram (10),Rx2,1,,
630806,Dolliv,Dolliv,https://tcgplayer-cdn.tcgplayer.com/product/630806_200w.jpg,3,24269,https://cpt.tcgcsv.com/8l37,2025-11-29T18:40:04.563,1,,0.01,0.1,2.28,0.06,0.08,Normal,,022/182,Common,Grass,90,Stage 1,[G] Nutrients<br> Heal 40 damage from 1 of your Pokémon.,Rx2,1,[CC] Tackle (40),
630806,Dolliv,Dolliv,https://tcgplayer-cdn.tcgplayer.com/product/630806_200w.jpg,3,24269,https://cpt.tcgcsv.com/8l37,2025-11-29T18:40:04.563,1,,0.01,0.15,1.37,0.1,0.1,Reverse Holofoil,,022/182,Common,Grass,90,Stage 1,[G] Nutrients<br> Heal 40 damage from 1 of your Pokémon.,Rx2,1,[CC] Tackle (40),
630807,Arboliva ex,Arboliva ex,https://tcgplayer-cdn.tcgplayer.com/product/630807_200w.jpg,3,24269,https://cpt.tcgcsv.com/9l37,2025-07-14T12:09:56.493,1,,0.1,0.62,10.0,0.58,0.61,Holofoil,,023/182,Double Rare,Grass,310,Stage 2,"[G] Oil Salvo<br> Choose 1 of your opponent's Pokémon 6 times. <em>(You can choose the same Pokémon more than once.)</em> For each time you chose a Pokémon, do 20 damage to it. This damage isn't affected by Weakness or Resistance.",Rx2,2,[CCC] Aroma Shot (160)<br> This Pokémon recovers from all Special Conditions.,
630808,Team Rocket's Moltres ex,Team Rockets Moltres ex,https://tcgplayer-cdn.tcgplayer.com/product/630808_200w.jpg,3,24269,https://cpt.tcgcsv.com/bl37,2025-12-05T16:13:22.423,1,,0.11,0.79,9.69,0.74,0.85,Holofoil,,031/182,Double Rare,Fire,220,Basic,"[RCC] Flame Screen (110)<br> During your opponent's next turn, this Pokémon takes 50 less damage from attacks <em>(after applying Weakness and Resistance)</em>.",Lx2,2,"[RCCC] Evil Incineration<br> Discard a 182 from this Pokémon. If you do, discard your opponent's Active Pokémon and all attached cards.",F-30
630809,Ethan's Typhlosion,Ethans Typhlosion,https://tcgplayer-cdn.tcgplayer.com/product/630809_200w.jpg,3,24269,https://cpt.tcgcsv.com/cl37,2025-11-29T01:15:51.96,1,,0.1,0.53,75.0,0.45,0.49,Reverse Holofoil,,034/182,Rare,Fire,170,Stage 2,[R] Buddy Blast (40+)<br> This attack does 60 more damage for each Ethan's Adventure card in your discard pile.,Wx2,2,[RRC] Steam Artillery (160),
630809,Ethan's Typhlosion,Ethans Typhlosion,https://tcgplayer-cdn.tcgplayer.com/product/630809_200w.jpg,3,24269,https://cpt.tcgcsv.com/cl37,2025-11-29T01:15:51.96,1,,0.01,0.36,69.0,0.35,0.35,Holofoil,,034/182,Rare,Fire,170,Stage 2,[R] Buddy Blast (40+)<br> This attack does 60 more damage for each Ethan's Adventure card in your discard pile.,Wx2,2,[RRC] Steam Artillery (160),
630810,Ethan's Slugma,Ethans Slugma,https://tcgplayer-cdn.tcgplayer.com/product/630810_200w.jpg,3,24269,https://cpt.tcgcsv.com/dl37,2025-11-29T18:52:09.247,1,,0.01,0.1,2.28,0.05,0.07,Normal,,035/182,Common,Fire,80,Basic,[R] Steady Firebreathing (20),Wx2,2,,
630810,Ethan's Slugma,Ethans Slugma,https://tcgplayer-cdn.tcgplayer.com/product/630810_200w.jpg,3,24269,https://cpt.tcgcsv.com/dl37,2025-11-29T18:52:09.247,1,,0.01,0.15,2.37,0.1,0.1,Reverse Holofoil,,035/182,Common,Fire,80,Basic,[R] Steady Firebreathing (20),Wx2,2,,
630811,Ethan's Magcargo,Ethans Magcargo,https://tcgplayer-cdn.tcgplayer.com/product/630811_200w.jpg,3,24269,https://cpt.tcgcsv.com/fl37,2025-11-13T18:12:41.873,1,"<strong>Ability: Melt Away</strong> If this Pokémon has no Energy attached, it has no Retreat Cost.",0.01,0.15,20.0,0.08,0.08,Holofoil,,036/182,Rare,Fire,130,Stage 1,[RRR] Lava Burst (70x)<br> Discard up to 5 Fire Energy from this Pokémon. This attack does 70 damage for each card you discarded in this way.,Wx2,3,,
630811,Ethan's Magcargo,Ethans Magcargo,https://tcgplayer-cdn.tcgplayer.com/product/630811_200w.jpg,3,24269,https://cpt.tcgcsv.com/fl37,2025-11-13T18:12:41.873,1,"<strong>Ability: Melt Away</strong> If this Pokémon has no Energy attached, it has no Retreat Cost.",0.01,0.25,3.75,0.23,0.29,Reverse Holofoil,,036/182,Rare,Fire,130,Stage 1,[RRR] Lava Burst (70x)<br> Discard up to 5 Fire Energy from this Pokémon. This attack does 70 damage for each card you discarded in this way.,Wx2,3,,
630812,Misty's Psyduck,Mistys Psyduck,https://tcgplayer-cdn.tcgplayer.com/product/630812_200w.jpg,3,24269,https://cpt.tcgcsv.com/gl37,2025-11-29T20:01:20.103,1,"<strong>Ability: Flustered Leap</strong> Once during your turn, if this Pokémon is on your Bench, you may discard the bottom card of your deck. If you do, discard all cards from this Pokémon and put this Pokémon on top of your deck.",0.01,0.15,2.28,0.11,0.1,Normal,,045/182,Uncommon,Water,70,Basic,[W] Sprinkle Water (30),Lx2,1,,
630812,Misty's Psyduck,Mistys Psyduck,https://tcgplayer-cdn.tcgplayer.com/product/630812_200w.jpg,3,24269,https://cpt.tcgcsv.com/gl37,2025-11-29T20:01:20.103,1,"<strong>Ability: Flustered Leap</strong> Once during your turn, if this Pokémon is on your Bench, you may discard the bottom card of your deck. If you do, discard all cards from this Pokémon and put this Pokémon on top of your deck.",0.09,0.5,2.95,0.39,0.4,Reverse Holofoil,,045/182,Uncommon,Water,70,Basic,[W] Sprinkle Water (30),Lx2,1,,
630813,Misty's Staryu,Mistys Staryu,https://tcgplayer-cdn.tcgplayer.com/product/630813_200w.jpg,3,24269,https://cpt.tcgcsv.com/hl37,2025-12-17T15:08:05.947,1,,0.01,0.1,20.0,0.05,0.05,Normal,,046/182,Common,Water,70,Basic,"[W] Bubble Beam (20)<br> Flip a coin. If heads, your opponent's Active Pokémon is now Paralyzed.",Lx2,1,,
630813,Misty's Staryu,Mistys Staryu,https://tcgplayer-cdn.tcgplayer.com/product/630813_200w.jpg,3,24269,https://cpt.tcgcsv.com/hl37,2025-12-17T15:08:05.947,1,,0.01,0.25,4.0,0.23,0.25,Reverse Holofoil,,046/182,Common,Water,70,Basic,"[W] Bubble Beam (20)<br> Flip a coin. If heads, your opponent's Active Pokémon is now Paralyzed.",Lx2,1,,
630814,Misty's Starmie,Mistys Starmie,https://tcgplayer-cdn.tcgplayer.com/product/630814_200w.jpg,3,24269,https://cpt.tcgcsv.com/jl37,2025-11-29T19:50:51.4,1,,0.01,0.1,20.0,0.08,0.07,Normal,,047/182,Uncommon,Water,100,Stage 1,"[W] Abrupt Flash (60+)<br> If this Pokémon evolved from Misty's Staryu during this turn, this attack does 80 more damage.",Lx2,1,,
630814,Misty's Starmie,Mistys Starmie,https://tcgplayer-cdn.tcgplayer.com/product/630814_200w.jpg,3,24269,https://cpt.tcgcsv.com/jl37,2025-11-29T19:50:51.4,1,,0.1,0.26,3.0,0.21,0.26,Reverse Holofoil,,047/182,Uncommon,Water,100,Stage 1,"[W] Abrupt Flash (60+)<br> If this Pokémon evolved from Misty's Staryu during this turn, this attack does 80 more damage.",Lx2,1,,
630815,Misty's Magikarp,Mistys Magikarp,https://tcgplayer-cdn.tcgplayer.com/product/630815_200w.jpg,3,24269,https://cpt.tcgcsv.com/kl37,2025-11-29T20:01:59.503,1,"<strong>Ability: So Submerged</strong> As long as this Pokémon is on your Bench, prevent all damage from and effects of attacks from your opponent's Pokémon done to this Pokémon.",0.08,0.4,3.88,0.32,0.35,Reverse Holofoil,,048/182,Common,Water,30,Basic,[W] Splash (10),Lx2,1,,
630815,Misty's Magikarp,Mistys Magikarp,https://tcgplayer-cdn.tcgplayer.com/product/630815_200w.jpg,3,24269,https://cpt.tcgcsv.com/kl37,2025-11-29T20:01:59.503,1,"<strong>Ability: So Submerged</strong> As long as this Pokémon is on your Bench, prevent all damage from and effects of attacks from your opponent's Pokémon done to this Pokémon.",0.01,0.13,2.28,0.11,0.1,Normal,,048/182,Common,Water,30,Basic,[W] Splash (10),Lx2,1,,
630816,Misty's Gyarados,Mistys Gyarados,https://tcgplayer-cdn.tcgplayer.com/product/630816_200w.jpg,3,24269,https://cpt.tcgcsv.com/ll37,2025-11-28T22:35:19.963,1,,0.05,0.46,30.0,0.45,,Reverse Holofoil,,049/182,Rare,Water,180,Stage 1,"[W] Splashing Panic (70x)<br> Discard the top 7 cards of your deck, and this attack does 70 damage for each Misty's Pokémon that you discarded in this way.",Lx2,4,[WWC] Waterfall (120),
630816,Misty's Gyarados,Mistys Gyarados,https://tcgplayer-cdn.tcgplayer.com/product/630816_200w.jpg,3,24269,https://cpt.tcgcsv.com/ll37,2025-11-28T22:35:19.963,1,,0.01,0.32,6.61,0.3,0.3,Holofoil,,049/182,Rare,Water,180,Stage 1,"[W] Splashing Panic (70x)<br> Discard the top 7 cards of your deck, and this attack does 70 damage for each Misty's Pokémon that you discarded in this way.",Lx2,4,[WWC] Waterfall (120),
630817,Misty's Lapras,Mistys Lapras,https://tcgplayer-cdn.tcgplayer.com/product/630817_200w.jpg,3,24269,https://cpt.tcgcsv.com/ml37,2025-11-29T20:02:45.69,1,,0.05,0.29,20.0,0.27,0.29,Reverse Holofoil,,050/182,Common,Water,110,Basic,"[W] Swim Together<br> Search your deck for up to 3 Misty's Pokémon, reveal them, and put them into your hand. Then, shuffle your deck.",Lx2,1,[WC] Surf (60),
630817,Misty's Lapras,Mistys Lapras,https://tcgplayer-cdn.tcgplayer.com/product/630817_200w.jpg,3,24269,https://cpt.tcgcsv.com/ml37,2025-11-29T20:02:45.69,1,,0.01,0.13,2.0,0.09,0.1,Normal,,050/182,Common,Water,110,Basic,"[W] Swim Together<br> Search your deck for up to 3 Misty's Pokémon, reveal them, and put them into your hand. Then, shuffle your deck.",Lx2,1,[WC] Surf (60),
630818,Team Rocket's Zapdos,Team Rockets Zapdos,https://tcgplayer-cdn.tcgplayer.com/product/630818_200w.jpg,3,24269,https://cpt.tcgcsv.com/nl37,2025-11-13T18:12:39.973,1,,0.09,0.29,2.47,0.23,0.25,Reverse Holofoil,,070/182,Rare,Lightning,120,Basic,[CC] Jamming Wing (30)<br> You may move an Energy from your opponent's Active Pokémon to 1 of their Benched Pokémon.,Lx2,1,"[LCC] Wicked Thunder (60+)<br> If this Pokémon has any 182 attached, this attack does 60 more damage.",F-30
630818,Team Rocket's Zapdos,Team Rockets Zapdos,https://tcgplayer-cdn.tcgplayer.com/product/630818_200w.jpg,3,24269,https://cpt.tcgcsv.com/nl37,2025-11-13T18:12:39.973,1,,0.01,0.19,24.0,0.15,0.15,Holofoil,,070/182,Rare,Lightning,120,Basic,[CC] Jamming Wing (30)<br> You may move an Energy from your opponent's Active Pokémon to 1 of their Benched Pokémon.,Lx2,1,"[LCC] Wicked Thunder (60+)<br> If this Pokémon has any 182 attached, this attack does 60 more damage.",F-30
630819,Ethan's Pichu,Ethans Pichu,https://tcgplayer-cdn.tcgplayer.com/product/630819_200w.jpg,3,24269,https://cpt.tcgcsv.com/pl37,2025-11-29T18:45:46.86,1,,0.01,0.21,2.47,0.19,0.2,Reverse Holofoil,,071/182,Common,Lightning,30,Basic,[0] Zapping Draw (30)<br> Draw a card.,Fx2,,,
630819,Ethan's Pichu,Ethans Pichu,https://tcgplayer-cdn.tcgplayer.com/product/630819_200w.jpg,3,24269,https://cpt.tcgcsv.com/pl37,2025-11-29T18:45:46.86,1,,0.01,0.13,3.0,0.09,0.1,Normal,,071/182,Common,Lightning,30,Basic,[0] Zapping Draw (30)<br> Draw a card.,Fx2,,,
630820,Team Rocket's Mareep,Team Rockets Mareep,https://tcgplayer-cdn.tcgplayer.com/product/630820_200w.jpg,3,24269,https://cpt.tcgcsv.com/ql37,2025-11-29T23:13:27.763,1,,0.01,0.1,2.0,0.05,0.07,Normal,,072/182,Common,Lightning,60,Basic,"[C] Procurement<br> Search your deck for an Item card, reveal it, and put it into your hand. Then, shuffle your deck.",Fx2,1,[L] Tiny Bolt (10),
630820,Team Rocket's Mareep,Team Rockets Mareep,https://tcgplayer-cdn.tcgplayer.com/product/630820_200w.jpg,3,24269,https://cpt.tcgcsv.com/ql37,2025-11-29T23:13:27.763,1,,0.01,0.15,10.48,0.11,0.09,Reverse Holofoil,,072/182,Common,Lightning,60,Basic,"[C] Procurement<br> Search your deck for an Item card, reveal it, and put it into your hand. Then, shuffle your deck.",Fx2,1,[L] Tiny Bolt (10),
630821,Team Rocket's Mimikyu,Team Rockets Mimikyu,https://tcgplayer-cdn.tcgplayer.com/product/630821_200w.jpg,3,24269,https://cpt.tcgcsv.com/rl37,2025-11-29T22:59:30.717,1,,0.01,0.15,1.72,0.11,0.09,Normal,,087/182,Uncommon,Psychic,60,Basic,[PC] Gemstone Mimicry<br> Choose 1 of your opponent's Active Tera Pokémon's attacks and use it as this attack.,Dx2,0,,F-30
630821,Team Rocket's Mimikyu,Team Rockets Mimikyu,https://tcgplayer-cdn.tcgplayer.com/product/630821_200w.jpg,3,24269,https://cpt.tcgcsv.com/rl37,2025-11-29T22:59:30.717,1,,0.07,0.33,20.0,0.3,0.3,Reverse Holofoil,,087/182,Uncommon,Psychic,60,Basic,[PC] Gemstone Mimicry<br> Choose 1 of your opponent's Active Tera Pokémon's attacks and use it as this attack.,Dx2,0,,F-30
630822,Team Rocket's Tyranitar,Team Rockets Tyranitar,https://tcgplayer-cdn.tcgplayer.com/product/630822_200w.jpg,3,24269,https://cpt.tcgcsv.com/sl37,2025-11-28T22:34:04.54,1,"<strong>Ability: Sand Stream</strong> During Pokémon Checkup, if this Pokémon is in the Active Spot, put 2 damage counters on each of your opponent's Basic Pokémon.",0.01,0.37,4.99,0.3,0.34,Reverse Holofoil,,096/182,Rare,Fighting,180,Stage 2,[FCCC] Demolition Tackle (180)<br> Discard an Energy from your opponent's Active Pokémon.,Gx2,3,,
630822,Team Rocket's Tyranitar,Team Rockets Tyranitar,https://tcgplayer-cdn.tcgplayer.com/product/630822_200w.jpg,3,24269,https://cpt.tcgcsv.com/sl37,2025-11-28T22:34:04.54,1,"<strong>Ability: Sand Stream</strong> During Pokémon Checkup, if this Pokémon is in the Active Spot, put 2 damage counters on each of your opponent's Basic Pokémon.",0.01,0.21,15.0,0.16,0.16,Holofoil,,096/182,Rare,Fighting,180,Stage 2,[FCCC] Demolition Tackle (180)<br> Discard an Energy from your opponent's Active Pokémon.,Gx2,3,,
630823,Marnie's Grimmsnarl ex,Marnies Grimmsnarl ex,https://tcgplayer-cdn.tcgplayer.com/product/630823_200w.jpg,3,24269,https://cpt.tcgcsv.com/tl37,2025-07-14T12:10:01.99,1,"<strong>Ability: Punk Up</strong> When you play this Pokémon from your hand to evolve 1 of your Pokémon during your turn, you may search your deck for up to 5 Basic Darkness Energy cards and attach them to your Marnie's Pokémon in any way you like. Then, shuffle your deck.",0.21,0.91,50.0,0.78,0.8,Holofoil,,136/182,Double Rare,Darkness,320,Stage 2,[DD] Shadow Bullet (180)<br> This attack also does 30 damage to 1 of your opponent's Benched Pokémon. <em>(Don't apply Weakness and Resistance for Benched Pokémon.)</em>,Gx2,2,,
630824,Steven's Metagross ex,Stevens Metagross ex,https://tcgplayer-cdn.tcgplayer.com/product/630824_200w.jpg,3,24269,https://cpt.tcgcsv.com/vl37,2025-11-13T18:12:41.563,1,"<strong>Ability: X-Boot</strong> Once during your turn, you may search your deck for a Basic Psychic Energy card, a Basic Metal Energy card, or 1 of each and attach them to your Psychic Pokémon and Metal Pokémon in any way you like. Then, shuffle your deck.",0.14,0.77,60.0,0.64,0.5,Holofoil,,145/182,Double Rare,Metal,340,Stage 2,[MCC] Metal Stomp (200),Rx2,3,,G-30
630825,Team Rocket's Meowth,Team Rockets Meowth,https://tcgplayer-cdn.tcgplayer.com/product/630825_200w.jpg,3,24269,https://cpt.tcgcsv.com/wl37,2025-11-29T23:42:54.18,1,,0.02,0.18,20.0,0.17,0.13,Reverse Holofoil,,149/182,Common,Colorless,70,Basic,[C] Paw-cket Pilfer<br> Choose a random card from your opponent's hand. Your opponent reveals that card and shuffles it into their deck.,Fx2,1,[CC] Fury Swipes (20x)<br> Flip 3 coins. This attack does 20 damage for each heads.,
630825,Team Rocket's Meowth,Team Rockets Meowth,https://tcgplayer-cdn.tcgplayer.com/product/630825_200w.jpg,3,24269,https://cpt.tcgcsv.com/wl37,2025-11-29T23:42:54.18,1,,0.01,0.1,20.0,0.09,0.09,Normal,,149/182,Common,Colorless,70,Basic,[C] Paw-cket Pilfer<br> Choose a random card from your opponent's hand. Your opponent reveals that card and shuffles it into their deck.,Fx2,1,[CC] Fury Swipes (20x)<br> Flip 3 coins. This attack does 20 damage for each heads.,
630826,Team Rocket's Porygon,Team Rockets Porygon,https://tcgplayer-cdn.tcgplayer.com/product/630826_200w.jpg,3,24269,https://cpt.tcgcsv.com/xl37,2025-11-29T23:32:50.743,1,,0.01,0.16,20.0,0.12,0.15,Reverse Holofoil,,153/182,Common,Colorless,60,Basic,"[C] Hacking<br> Discard a card from your hand. If you do, your opponent discards a card from their hand.",Fx2,1,,
630826,Team Rocket's Porygon,Team Rockets Porygon,https://tcgplayer-cdn.tcgplayer.com/product/630826_200w.jpg,3,24269,https://cpt.tcgcsv.com/xl37,2025-11-29T23:32:50.743,1,,0.01,0.1,20.0,0.07,0.07,Normal,,153/182,Common,Colorless,60,Basic,"[C] Hacking<br> Discard a card from your hand. If you do, your opponent discards a card from their hand.",Fx2,1,,
630827,Team Rocket's Porygon2,Team Rockets Porygon2,https://tcgplayer-cdn.tcgplayer.com/product/630827_200w.jpg,3,24269,https://cpt.tcgcsv.com/zl37,2025-11-13T18:12:48.48,1,,0.01,0.13,20.0,0.11,0.12,Normal,,154/182,Common,Colorless,90,Stage 1,"[CCC] R Command (20x)<br> This attack does 20 damage for each Supporter card that has ""Team Rocket"" in its name in your discard pile.",Fx2,1,,
630827,Team Rocket's Porygon2,Team Rockets Porygon2,https://tcgplayer-cdn.tcgplayer.com/product/630827_200w.jpg,3,24269,https://cpt.tcgcsv.com/zl37,2025-11-13T18:12:48.48,1,,0.01,0.19,1.4,0.16,0.15,Reverse Holofoil,,154/182,Common,Colorless,90,Stage 1,"[CCC] R Command (20x)<br> This attack does 20 damage for each Supporter card that has ""Team Rocket"" in its name in your discard pile.",Fx2,1,,
630828,Team Rocket's Porygon-Z,Team Rockets Porygon Z,https://tcgplayer-cdn.tcgplayer.com/product/630828_200w.jpg,3,24269,https://cpt.tcgcsv.com/Bl37,2025-11-29T23:33:28.51,1,"<strong>Ability: Reconstitute</strong> You must discard 2 cards from your hand in order to use this Ability. Once during your turn, you may draw a card.",0.1,0.25,10.0,0.21,0.2,Reverse Holofoil,,155/182,Uncommon,Colorless,140,Stage 2,"[CC] R Command (20x)<br> This attack does 20 damage for each Supporter card that has ""Team Rocket"" in its name in your discard pile.",Fx2,1,,
630828,Team Rocket's Porygon-Z,Team Rockets Porygon Z,https://tcgplayer-cdn.tcgplayer.com/product/630828_200w.jpg,3,24269,https://cpt.tcgcsv.com/Bl37,2025-11-29T23:33:28.51,1,"<strong>Ability: Reconstitute</strong> You must discard 2 cards from your hand in order to use this Ability. Once during your turn, you may draw a card.",0.01,0.1,20.0,0.06,0.07,Normal,,155/182,Uncommon,Colorless,140,Stage 2,"[CC] R Command (20x)<br> This attack does 20 damage for each Supporter card that has ""Team Rocket"" in its name in your discard pile.",Fx2,1,,
630829,Spikemuth Gym,Spikemuth Gym,https://tcgplayer-cdn.tcgplayer.com/product/630829_200w.jpg,3,24269,https://cpt.tcgcsv.com/Cl37,2025-11-29T21:17:05.257,1,"Once during each player's turn, that player may search their deck for a Marnie's Pokémon, reveal it, and put it into their hand. Then, that player shuffles their deck.",0.01,0.14,10.1,0.11,0.1,Normal,,169/182,Uncommon,Trainer - Stadium,,,,,,,
630829,Spikemuth Gym,Spikemuth Gym,https://tcgplayer-cdn.tcgplayer.com/product/630829_200w.jpg,3,24269,https://cpt.tcgcsv.com/Cl37,2025-11-29T21:17:05.257,1,"Once during each player's turn, that player may search their deck for a Marnie's Pokémon, reveal it, and put it into their hand. Then, that player shuffles their deck.",0.01,0.28,2.66,0.21,0.2,Reverse Holofoil,,169/182,Uncommon,Trainer - Stadium,,,,,,,
630830,Team Rocket's Giovanni,Team Rockets Giovanni,https://tcgplayer-cdn.tcgplayer.com/product/630830_200w.jpg,3,24269,https://cpt.tcgcsv.com/Dl37,2025-11-29T23:11:56.02,1,"Switch your Active Team Rocket's Pokémon with 1 of your Benched Team Rocket's Pokémon. If you do, switch in 1 of your opponent's Benched Pokémon to the Active Spot.",0.01,0.15,3.0,0.1,0.1,Normal,,174/182,Uncommon,Trainer - Supporter,,,,,,,
630830,Team Rocket's Giovanni,Team Rockets Giovanni,https://tcgplayer-cdn.tcgplayer.com/product/630830_200w.jpg,3,24269,https://cpt.tcgcsv.com/Dl37,2025-11-29T23:11:56.02,1,"Switch your Active Team Rocket's Pokémon with 1 of your Benched Team Rocket's Pokémon. If you do, switch in 1 of your opponent's Benched Pokémon to the Active Spot.",0.03,0.25,3.0,0.21,0.19,Reverse Holofoil,,174/182,Uncommon,Trainer - Supporter,,,,,,,
632829,Ethan's Pinsir,Ethans Pinsir,https://tcgplayer-cdn.tcgplayer.com/product/632829_200w.jpg,3,24269,https://cpt.tcgcsv.com/C857,2025-11-29T18:53:31.783,1,,0.01,0.1,2.28,0.04,0.05,Normal,,001/182,Uncommon,Grass,120,Basic,[G] Vise Grip (20),Rx2,2,"[CCC] Rallying Horn (70+)<br> If any of your Ethan's Pokémon were Knocked Out by damage from an attack during your opponent's last turn, this attack does 100 more damage.",
632829,Ethan's Pinsir,Ethans Pinsir,https://tcgplayer-cdn.tcgplayer.com/product/632829_200w.jpg,3,24269,https://cpt.tcgcsv.com/C857,2025-11-29T18:53:31.783,1,,0.04,0.27,1.49,0.23,0.25,Reverse Holofoil,,001/182,Uncommon,Grass,120,Basic,[G] Vise Grip (20),Rx2,2,"[CCC] Rallying Horn (70+)<br> If any of your Ethan's Pokémon were Knocked Out by damage from an attack during your opponent's last turn, this attack does 100 more damage.",
632830,Yanma - 002/182,Yanma 002 182,https://tcgplayer-cdn.tcgplayer.com/product/632830_200w.jpg,3,24269,https://cpt.tcgcsv.com/D857,2025-11-30T00:02:35.713,1,,0.01,0.1,1.49,0.05,0.05,Normal,,002/182,Common,Grass,70,Basic,[C] Whirlwind<br> Switch out your opponent's Active Pokémon to the Bench. <em>(Your opponent chooses the new Active Pokémon.)</em>,Lx2,1,[GC] Razor Wing (30),F-30
632830,Yanma - 002/182,Yanma 002 182,https://tcgplayer-cdn.tcgplayer.com/product/632830_200w.jpg,3,24269,https://cpt.tcgcsv.com/D857,2025-11-30T00:02:35.713,1,,0.01,0.15,20.0,0.1,0.1,Reverse Holofoil,,002/182,Common,Grass,70,Basic,[C] Whirlwind<br> Switch out your opponent's Active Pokémon to the Bench. <em>(Your opponent chooses the new Active Pokémon.)</em>,Lx2,1,[GC] Razor Wing (30),F-30
632831,Yanmega ex - 003/182,Yanmega ex 003 182,https://tcgplayer-cdn.tcgplayer.com/product/632831_200w.jpg,3,24269,https://cpt.tcgcsv.com/F857,2025-11-13T18:12:43.503,1,"<strong>Ability: Buzzing Boost</strong> Once during your turn, when this Pokémon moves from your Bench to the Active Spot, you may search your deck for up to 3 Basic Grass Energy cards and attach them to this Pokémon. Then, shuffle your deck.",0.18,0.65,70.0,0.47,0.41,Holofoil,,003/182,Double Rare,Grass,280,Stage 1,[GGGC] Jet Cyclone (210)<br> Move 3 Energy from this Pokémon to 1 of your Benched Pokémon.,Lx2,1,,F-30
632832,Pineco,Pineco,https://tcgplayer-cdn.tcgplayer.com/product/632832_200w.jpg,3,24269,https://cpt.tcgcsv.com/G857,2025-11-29T20:21:58.863,1,,0.01,0.15,2.75,0.1,0.08,Reverse Holofoil,,004/182,Common,Grass,70,Basic,[C] Hang Down (10),Rx2,2,,
632832,Pineco,Pineco,https://tcgplayer-cdn.tcgplayer.com/product/632832_200w.jpg,3,24269,https://cpt.tcgcsv.com/G857,2025-11-29T20:21:58.863,1,,0.01,0.1,1.49,0.06,0.08,Normal,,004/182,Common,Grass,70,Basic,[C] Hang Down (10),Rx2,2,,
632833,Shroomish,Shroomish,https://tcgplayer-cdn.tcgplayer.com/product/632833_200w.jpg,3,24269,https://cpt.tcgcsv.com/H857,2025-07-14T12:10:05.757,1,,0.01,0.1,2.0,0.06,0.08,Normal,,005/182,Common,Grass,60,Basic,[CC] Rolling Tackle (30),Rx2,1,,
632833,Shroomish,Shroomish,https://tcgplayer-cdn.tcgplayer.com/product/632833_200w.jpg,3,24269,https://cpt.tcgcsv.com/H857,2025-07-14T12:10:05.757,1,,0.01,0.15,10.0,0.12,0.1,Reverse Holofoil,,005/182,Common,Grass,60,Basic,[CC] Rolling Tackle (30),Rx2,1,,
632834,Breloom,Breloom,https://tcgplayer-cdn.tcgplayer.com/product/632834_200w.jpg,3,24269,https://cpt.tcgcsv.com/J857,2025-11-29T04:32:35.077,1,,0.01,0.15,2.28,0.11,0.11,Reverse Holofoil,,006/182,Common,Grass,120,Stage 1,[CC] Damage Rush (30+)<br> Flip a coin until you get tails. This attack does 50 more damage for each heads.,Rx2,2,[GCC] Mega Drain (90)<br> Heal 30 damage from this Pokémon.,
632834,Breloom,Breloom,https://tcgplayer-cdn.tcgplayer.com/product/632834_200w.jpg,3,24269,https://cpt.tcgcsv.com/J857,2025-11-29T04:32:35.077,1,,0.01,0.1,2.37,0.05,0.09,Normal,,006/182,Common,Grass,120,Stage 1,[CC] Damage Rush (30+)<br> Flip a coin until you get tails. This attack does 50 more damage for each heads.,Rx2,2,[GCC] Mega Drain (90)<br> Heal 30 damage from this Pokémon.,
632835,Mow Rotom,Mow Rotom,https://tcgplayer-cdn.tcgplayer.com/product/632835_200w.jpg,3,24269,https://cpt.tcgcsv.com/K857,2025-11-29T20:03:20.15,1,,0.01,0.11,2.0,0.06,0.07,Normal,,009/182,Common,Grass,70,Basic,[G] Trimming Mower (20)<br> Discard a Stadium in play.,Rx2,1,[CC] Gadget Show (30x)<br> This attack does 30 damage for each Pokémon Tool attached to all of your Pokémon.,
632835,Mow Rotom,Mow Rotom,https://tcgplayer-cdn.tcgplayer.com/product/632835_200w.jpg,3,24269,https://cpt.tcgcsv.com/K857,2025-11-29T20:03:20.15,1,,0.01,0.18,20.0,0.16,0.12,Reverse Holofoil,,009/182,Common,Grass,70,Basic,[G] Trimming Mower (20)<br> Discard a Stadium in play.,Rx2,1,[CC] Gadget Show (30x)<br> This attack does 30 damage for each Pokémon Tool attached to all of your Pokémon.,
632836,Shaymin - 010/182,Shaymin 010 182,https://tcgplayer-cdn.tcgplayer.com/product/632836_200w.jpg,3,24269,https://cpt.tcgcsv.com/L857,2025-11-29T21:15:51.897,1,"<strong>Ability: Flower Curtain</strong> Prevent all damage done to your Benched Pokémon that don't have a Rule Box by attacks from your opponent's Pokémon. <em>(Pokémon ex, Pokémon V, etc. have Rule Boxes.)</em>",0.01,0.2,4.99,0.17,0.15,Normal,,010/182,Uncommon,Grass,80,Basic,[CC] Smash Kick (30),Rx2,1,,
632836,Shaymin - 010/182,Shaymin 010 182,https://tcgplayer-cdn.tcgplayer.com/product/632836_200w.jpg,3,24269,https://cpt.tcgcsv.com/L857,2025-11-29T21:15:51.897,1,"<strong>Ability: Flower Curtain</strong> Prevent all damage done to your Benched Pokémon that don't have a Rule Box by attacks from your opponent's Pokémon. <em>(Pokémon ex, Pokémon V, etc. have Rule Boxes.)</em>",0.19,0.75,4.99,0.59,0.65,Reverse Holofoil,,010/182,Uncommon,Grass,80,Basic,[CC] Smash Kick (30),Rx2,1,,
632837,Dwebble,Dwebble,https://tcgplayer-cdn.tcgplayer.com/product/632837_200w.jpg,3,24269,https://cpt.tcgcsv.com/M857,2025-11-29T18:43:32.63,1,,0.01,0.15,12.0,0.08,0.1,Normal,,011/182,Common,Grass,70,Basic,"[C] Ascension<br> Search your deck for a card that evolves from this Pokémon and put it onto this Pokémon to evolve it. Then, shuffle your deck.",Rx2,2,,
632837,Dwebble,Dwebble,https://tcgplayer-cdn.tcgplayer.com/product/632837_200w.jpg,3,24269,https://cpt.tcgcsv.com/M857,2025-11-29T18:43:32.63,1,,0.03,0.2,1.42,0.18,0.2,Reverse Holofoil,,011/182,Common,Grass,70,Basic,"[C] Ascension<br> Search your deck for a card that evolves from this Pokémon and put it onto this Pokémon to evolve it. Then, shuffle your deck.",Rx2,2,,
632838,Crustle - 012/182,Crustle 012 182,https://tcgplayer-cdn.tcgplayer.com/product/632838_200w.jpg,3,24269,https://cpt.tcgcsv.com/N857,2025-12-05T16:09:02.65,1,<strong>Ability: Mysterious Rock Inn</strong> Prevent all damage done to this Pokémon by attacks from your opponent's Pokémon ex.,0.01,0.15,20.0,0.15,0.13,Holofoil,,012/182,Rare,Grass,150,Stage 1,[GCC] Superb Scissors (120)<br> This attack's damage isn't affected by any effects on your opponent's Active Pokémon.,Rx2,3,,
632838,Crustle - 012/182,Crustle 012 182,https://tcgplayer-cdn.tcgplayer.com/product/632838_200w.jpg,3,24269,https://cpt.tcgcsv.com/N857,2025-12-05T16:09:02.65,1,<strong>Ability: Mysterious Rock Inn</strong> Prevent all damage done to this Pokémon by attacks from your opponent's Pokémon ex.,0.08,0.27,2.99,0.22,0.21,Reverse Holofoil,,012/182,Rare,Grass,150,Stage 1,[GCC] Superb Scissors (120)<br> This attack's damage isn't affected by any effects on your opponent's Active Pokémon.,Rx2,3,,
632839,Fomantis,Fomantis,https://tcgplayer-cdn.tcgplayer.com/product/632839_200w.jpg,3,24269,https://cpt.tcgcsv.com/P857,2025-11-29T18:56:24.95,1,,0.01,0.15,2.37,0.11,0.1,Reverse Holofoil,,013/182,Common,Grass,60,Basic,[G] Cut Up (20),Rx2,1,,
632839,Fomantis,Fomantis,https://tcgplayer-cdn.tcgplayer.com/product/632839_200w.jpg,3,24269,https://cpt.tcgcsv.com/P857,2025-11-29T18:56:24.95,1,,0.01,0.1,1.49,0.08,0.08,Normal,,013/182,Common,Grass,60,Basic,[G] Cut Up (20),Rx2,1,,
632840,Lurantis,Lurantis,https://tcgplayer-cdn.tcgplayer.com/product/632840_200w.jpg,3,24269,https://cpt.tcgcsv.com/Q857,2025-11-29T19:17:23.203,1,,0.05,0.28,2.99,0.23,0.21,Reverse Holofoil,,014/182,Uncommon,Grass,120,Stage 1,[C] Razor Leaf (30),Rx2,1,"[G] Petal Blade Dance (130)<br> Discard 2 Basic Grass Energy cards from your hand. If you can't discard 2 cards in this way, this attack does nothing.",
632840,Lurantis,Lurantis,https://tcgplayer-cdn.tcgplayer.com/product/632840_200w.jpg,3,24269,https://cpt.tcgcsv.com/Q857,2025-11-29T19:17:23.203,1,,0.01,0.1,1.49,0.06,0.03,Normal,,014/182,Uncommon,Grass,120,Stage 1,[C] Razor Leaf (30),Rx2,1,"[G] Petal Blade Dance (130)<br> Discard 2 Basic Grass Energy cards from your hand. If you can't discard 2 cards in this way, this attack does nothing.",
632841,Team Rocket's Blipbug,Team Rockets Blipbug,https://tcgplayer-cdn.tcgplayer.com/product/632841_200w.jpg,3,24269,https://cpt.tcgcsv.com/R857,2025-11-29T23:25:52.437,1,,0.01,0.15,2.14,0.13,0.12,Reverse Holofoil,,015/182,Common,Grass,60,Basic,[C] Searching Eyes<br> Look at 1 of your opponent's face-down Prize cards.,Rx2,1,,
632841,Team Rocket's Blipbug,Team Rockets Blipbug,https://tcgplayer-cdn.tcgplayer.com/product/632841_200w.jpg,3,24269,https://cpt.tcgcsv.com/R857,2025-11-29T23:25:52.437,1,,0.01,0.1,2.0,0.04,0.04,Normal,,015/182,Common,Grass,60,Basic,[C] Searching Eyes<br> Look at 1 of your opponent's face-down Prize cards.,Rx2,1,,
632842,Applin,Applin,https://tcgplayer-cdn.tcgplayer.com/product/632842_200w.jpg,3,24269,https://cpt.tcgcsv.com/S857,2025-11-29T04:29:58.78,1,,0.01,0.1,1.49,0.07,0.08,Normal,,016/182,Common,Grass,40,Basic,[G] Mini Drain (10)<br> Heal 10 damage from this Pokémon.,Rx2,1,,
632842,Applin,Applin,https://tcgplayer-cdn.tcgplayer.com/product/632842_200w.jpg,3,24269,https://cpt.tcgcsv.com/S857,2025-11-29T04:29:58.78,1,,0.01,0.15,1.49,0.11,0.1,Reverse Holofoil,,016/182,Common,Grass,40,Basic,[G] Mini Drain (10)<br> Heal 10 damage from this Pokémon.,Rx2,1,,
632843,Dipplin,Dipplin,https://tcgplayer-cdn.tcgplayer.com/product/632843_200w.jpg,3,24269,https://cpt.tcgcsv.com/T857,2025-11-29T18:41:27.127,1,,0.01,0.15,2.12,0.1,0.08,Reverse Holofoil,,017/182,Common,Grass,90,Stage 1,[G] Energy Loop (50)<br> Put an Energy attached to this Pokémon into your hand.,Rx2,3,,
632843,Dipplin,Dipplin,https://tcgplayer-cdn.tcgplayer.com/product/632843_200w.jpg,3,24269,https://cpt.tcgcsv.com/T857,2025-11-29T18:41:27.127,1,,0.01,0.1,1.99,0.06,0.05,Normal,,017/182,Common,Grass,90,Stage 1,[G] Energy Loop (50)<br> Put an Energy attached to this Pokémon into your hand.,Rx2,3,,
632844,Hydrapple - 018/182,Hydrapple 018 182,https://tcgplayer-cdn.tcgplayer.com/product/632844_200w.jpg,3,24269,https://cpt.tcgcsv.com/V857,2025-11-13T18:12:41.273,1,,0.01,0.28,4.99,0.24,0.3,Reverse Holofoil,,018/182,Rare,Grass,170,Stage 2,"[G] Hydra Breath<br> Discard 6 Basic Grass Energy cards from your hand, and Knock Out your opponent's Active Pokémon. If you can't discard 6 cards in this way, this attack does nothing.",Rx2,3,[GCC] Whip Smash (140),
632844,Hydrapple - 018/182,Hydrapple 018 182,https://tcgplayer-cdn.tcgplayer.com/product/632844_200w.jpg,3,24269,https://cpt.tcgcsv.com/V857,2025-11-13T18:12:41.273,1,,0.01,0.17,5.95,0.16,0.1,Holofoil,,018/182,Rare,Grass,170,Stage 2,"[G] Hydra Breath<br> Discard 6 Basic Grass Energy cards from your hand, and Knock Out your opponent's Active Pokémon. If you can't discard 6 cards in this way, this attack does nothing.",Rx2,3,[GCC] Whip Smash (140),
632845,Team Rocket's Tarountula,Team Rockets Tarountula,https://tcgplayer-cdn.tcgplayer.com/product/632845_200w.jpg,3,24269,https://cpt.tcgcsv.com/W857,2025-11-29T23:49:38.117,1,,0.01,0.11,20.0,0.08,0.07,Normal,,019/182,Common,Grass,50,Basic,[G] Take Down (30)<br> This Pokémon also does 10 damage to itself.,Rx2,1,,
632845,Team Rocket's Tarountula,Team Rockets Tarountula,https://tcgplayer-cdn.tcgplayer.com/product/632845_200w.jpg,3,24269,https://cpt.tcgcsv.com/W857,2025-11-29T23:49:38.117,1,,0.01,0.2,1048.95,0.15,0.21,Reverse Holofoil,,019/182,Common,Grass,50,Basic,[G] Take Down (30)<br> This Pokémon also does 10 damage to itself.,Rx2,1,,
632846,Team Rocket's Spidops - 020/182,Team Rockets Spidops 020 182,https://tcgplayer-cdn.tcgplayer.com/product/632846_200w.jpg,3,24269,https://cpt.tcgcsv.com/X857,2025-12-11T20:13:27.97,1,"<strong>Ability: Charging Up</strong> Once during your turn, you may attach a Basic Energy card from your discard pile to this Pokémon.",0.01,0.2,15.0,0.17,0.24,Holofoil,,020/182,Rare,Grass,130,Stage 1,[GC] Rocket Rush (30x)<br> This attack does 30 damage for each of your Team Rocket's Pokémon in play.,Rx2,2,,
632846,Team Rocket's Spidops - 020/182,Team Rockets Spidops 020 182,https://tcgplayer-cdn.tcgplayer.com/product/632846_200w.jpg,3,24269,https://cpt.tcgcsv.com/X857,2025-12-11T20:13:27.97,1,"<strong>Ability: Charging Up</strong> Once during your turn, you may attach a Basic Energy card from your discard pile to this Pokémon.",0.01,0.3,10.26,0.26,0.25,Reverse Holofoil,,020/182,Rare,Grass,130,Stage 1,[GC] Rocket Rush (30x)<br> This attack does 30 damage for each of your Team Rocket's Pokémon in play.,Rx2,2,,
632847,Rellor,Rellor,https://tcgplayer-cdn.tcgplayer.com/product/632847_200w.jpg,3,24269,https://cpt.tcgcsv.com/Z857,2025-11-29T20:24:59.467,1,,0.01,0.15,14.0,0.09,0.1,Reverse Holofoil,,024/182,Common,Grass,40,Basic,[C] Collect<br> Draw a card.,Rx2,1,[G] Rollout (10),
632847,Rellor,Rellor,https://tcgplayer-cdn.tcgplayer.com/product/632847_200w.jpg,3,24269,https://cpt.tcgcsv.com/Z857,2025-11-29T20:24:59.467,1,,0.01,0.1,2.28,0.05,0.03,Normal,,024/182,Common,Grass,40,Basic,[C] Collect<br> Draw a card.,Rx2,1,[G] Rollout (10),
632848,Rabsca ex,Rabsca ex,https://tcgplayer-cdn.tcgplayer.com/product/632848_200w.jpg,3,24269,https://cpt.tcgcsv.com/-857,2025-11-13T18:12:43.317,1,,0.15,0.63,5.0,0.44,0.47,Holofoil,,025/182,Double Rare,Grass,250,Stage 1,[C] Upside-Down Draw<br> Draw 3 cards from the bottom of your deck.,Rx2,1,[GCC] Psychic (20+)<br> This attack does 90 more damage for each Energy attached to your opponent's Active Pokémon.,
632849,Teal Mask Ogerpon,Teal Mask Ogerpon,https://tcgplayer-cdn.tcgplayer.com/product/632849_200w.jpg,3,24269,https://cpt.tcgcsv.com/_857,2025-11-29T23:41:52.953,1,,0.01,0.1,1.99,0.05,0.07,Normal,,026/182,Uncommon,Grass,110,Basic,"[C] Grass Kagura<br> Search your deck for a Basic Grass Energy card and attach it to 1 of your Pokémon. Then, shuffle your deck.",Rx2,1,"[GGC] Ogre's Hammer (120)<br> During your next turn, this Pokémon can't use Ogre's Hammer.",
632849,Teal Mask Ogerpon,Teal Mask Ogerpon,https://tcgplayer-cdn.tcgplayer.com/product/632849_200w.jpg,3,24269,https://cpt.tcgcsv.com/_857,2025-11-29T23:41:52.953,1,,0.05,0.25,2.66,0.23,0.21,Reverse Holofoil,,026/182,Uncommon,Grass,110,Basic,"[C] Grass Kagura<br> Search your deck for a Basic Grass Energy card and attach it to 1 of your Pokémon. Then, shuffle your deck.",Rx2,1,"[GGC] Ogre's Hammer (120)<br> During your next turn, this Pokémon can't use Ogre's Hammer.",
632850,Growlithe,Growlithe,https://tcgplayer-cdn.tcgplayer.com/product/632850_200w.jpg,3,24269,https://cpt.tcgcsv.com/0957,2025-11-29T19:09:22.69,1,,0.01,0.15,24.0,0.12,0.1,Reverse Holofoil,,027/182,Common,Fire,80,Basic,[R] Live Coal (10),Wx2,2,[CC] Dig Claws (20),
632850,Growlithe,Growlithe,https://tcgplayer-cdn.tcgplayer.com/product/632850_200w.jpg,3,24269,https://cpt.tcgcsv.com/0957,2025-11-29T19:09:22.69,1,,0.01,0.12,10.0,0.1,0.07,Normal,,027/182,Common,Fire,80,Basic,[R] Live Coal (10),Wx2,2,[CC] Dig Claws (20),
632851,Arcanine,Arcanine,https://tcgplayer-cdn.tcgplayer.com/product/632851_200w.jpg,3,24269,https://cpt.tcgcsv.com/2957,2025-11-29T04:29:31.293,1,,0.01,0.1,1.49,0.08,0.07,Normal,,028/182,Uncommon,Fire,140,Stage 1,[CC] Flare (50),Wx2,3,"[RCC] Punishing Fang (100+)<br> If your opponent's Active Pokémon is a Darkness Pokémon, this attack does 100 more damage.",
632851,Arcanine,Arcanine,https://tcgplayer-cdn.tcgplayer.com/product/632851_200w.jpg,3,24269,https://cpt.tcgcsv.com/2957,2025-11-29T04:29:31.293,1,,0.05,0.31,10.28,0.28,0.27,Reverse Holofoil,,028/182,Uncommon,Fire,140,Stage 1,[CC] Flare (50),Wx2,3,"[RCC] Punishing Fang (100+)<br> If your opponent's Active Pokémon is a Darkness Pokémon, this attack does 100 more damage.",
632852,Ponyta,Ponyta,https://tcgplayer-cdn.tcgplayer.com/product/632852_200w.jpg,3,24269,https://cpt.tcgcsv.com/3957,2025-11-29T20:21:15.49,1,,0.01,0.12,10.0,0.08,0.1,Normal,,029/182,Common,Fire,70,Basic,[C] Double Headbutt (10x)<br> Flip 2 coins. This attack does 10 damage for each heads.,Wx2,1,,
632852,Ponyta,Ponyta,https://tcgplayer-cdn.tcgplayer.com/product/632852_200w.jpg,3,24269,https://cpt.tcgcsv.com/3957,2025-11-29T20:21:15.49,1,,0.01,0.19,2.37,0.14,0.12,Reverse Holofoil,,029/182,Common,Fire,70,Basic,[C] Double Headbutt (10x)<br> Flip 2 coins. This attack does 10 damage for each heads.,Wx2,1,,
632853,Rapidash - 030/182,Rapidash 030 182,https://tcgplayer-cdn.tcgplayer.com/product/632853_200w.jpg,3,24269,https://cpt.tcgcsv.com/5957,2025-11-29T20:24:35.917,1,"<strong>Ability: Hurried Gait</strong> Once during your turn, you may draw a card.",0.01,0.1,3.34,0.06,0.07,Normal,,030/182,Uncommon,Fire,110,Stage 1,[RC] Fire Mane (60),Wx2,1,,
632853,Rapidash - 030/182,Rapidash 030 182,https://tcgplayer-cdn.tcgplayer.com/product/632853_200w.jpg,3,24269,https://cpt.tcgcsv.com/5957,2025-11-29T20:24:35.917,1,"<strong>Ability: Hurried Gait</strong> Once during your turn, you may draw a card.",0.06,0.28,2.49,0.2,0.26,Reverse Holofoil,,030/182,Uncommon,Fire,110,Stage 1,[RC] Fire Mane (60),Wx2,1,,
632854,Ethan's Cyndaquil,Ethans Cyndaquil,https://tcgplayer-cdn.tcgplayer.com/product/632854_200w.jpg,3,24269,https://cpt.tcgcsv.com/6957,2025-11-29T18:51:38.3,1,,0.01,0.13,20.0,0.07,0.08,Normal,,032/182,Common,Fire,70,Basic,[R] Ember (30)<br> Discard an Energy from this Pokémon.,Wx2,1,,
632854,Ethan's Cyndaquil,Ethans Cyndaquil,https://tcgplayer-cdn.tcgplayer.com/product/632854_200w.jpg,3,24269,https://cpt.tcgcsv.com/6957,2025-11-29T18:51:38.3,1,,0.04,0.2,20.0,0.16,0.19,Reverse Holofoil,,032/182,Common,Fire,70,Basic,[R] Ember (30)<br> Discard an Energy from this Pokémon.,Wx2,1,,
632855,Ethan's Quilava,Ethans Quilava,https://tcgplayer-cdn.tcgplayer.com/product/632855_200w.jpg,3,24269,https://cpt.tcgcsv.com/7957,2025-11-29T18:52:49.19,1,"<strong>Ability: Bonded by the Journey</strong> Once during your turn, you may search your deck for an Ethan's Adventure card, reveal it, and put it into your hand. Then, shuffle your deck.",0.01,0.25,1.6,0.22,0.2,Reverse Holofoil,,033/182,Common,Fire,100,Stage 1,[R] Combustion (40),Wx2,1,,
632855,Ethan's Quilava,Ethans Quilava,https://tcgplayer-cdn.tcgplayer.com/product/632855_200w.jpg,3,24269,https://cpt.tcgcsv.com/7957,2025-11-29T18:52:49.19,1,"<strong>Ability: Bonded by the Journey</strong> Once during your turn, you may search your deck for an Ethan's Adventure card, reveal it, and put it into your hand. Then, shuffle your deck.",0.01,0.2,3.0,0.13,0.07,Normal,,033/182,Common,Fire,100,Stage 1,[R] Combustion (40),Wx2,1,,
632856,Team Rocket's Houndour,Team Rockets Houndour,https://tcgplayer-cdn.tcgplayer.com/product/632856_200w.jpg,3,24269,https://cpt.tcgcsv.com/8957,2025-11-29T22:44:11.693,1,,0.01,0.1,2.28,0.06,0.03,Normal,,037/182,Common,Fire,70,Basic,[R] Steady Firebreathing (20),Wx2,1,,
632856,Team Rocket's Houndour,Team Rockets Houndour,https://tcgplayer-cdn.tcgplayer.com/product/632856_200w.jpg,3,24269,https://cpt.tcgcsv.com/8957,2025-11-29T22:44:11.693,1,,0.01,0.15,10.1,0.08,0.11,Reverse Holofoil,,037/182,Common,Fire,70,Basic,[R] Steady Firebreathing (20),Wx2,1,,
632857,Team Rocket's Houndoom - 038/182,Team Rockets Houndoom 038 182,https://tcgplayer-cdn.tcgplayer.com/product/632857_200w.jpg,3,24269,https://cpt.tcgcsv.com/9957,2025-11-29T23:26:22.5,1,,0.01,0.1,3.0,0.06,0.08,Normal,,038/182,Uncommon,Fire,130,Stage 1,[R] Cruel Coal<br> Your opponent's Active Pokémon is now Burned and Confused.,Wx2,2,[RC] Scorching Fire (120)<br> Discard an Energy from this Pokémon.,
632857,Team Rocket's Houndoom - 038/182,Team Rockets Houndoom 038 182,https://tcgplayer-cdn.tcgplayer.com/product/632857_200w.jpg,3,24269,https://cpt.tcgcsv.com/9957,2025-11-29T23:26:22.5,1,,0.1,0.29,20.0,0.22,0.25,Reverse Holofoil,,038/182,Uncommon,Fire,130,Stage 1,[R] Cruel Coal<br> Your opponent's Active Pokémon is now Burned and Confused.,Wx2,2,[RC] Scorching Fire (120)<br> Discard an Energy from this Pokémon.,
632858,Ethan's Ho-Oh ex - 039/182,Ethans Ho Oh ex 039 182,https://tcgplayer-cdn.tcgplayer.com/product/632858_200w.jpg,3,24269,https://cpt.tcgcsv.com/b957,2025-11-29T05:27:50.24,1,"<strong>Ability: Golden Flame</strong> Once during your turn, you may attach up to 2 Basic Fire Energy cards from your hand to 1 of your Benched Ethan's Pokémon.",0.05,0.88,50.0,0.65,0.67,Holofoil,,039/182,Double Rare,Fire,230,Basic,[RRRR] Shining Feathers (160)<br> Heal 50 damage from each of your Pokémon.,Wx2,2,,
632859,Torchic,Torchic,https://tcgplayer-cdn.tcgplayer.com/product/632859_200w.jpg,3,24269,https://cpt.tcgcsv.com/c957,2025-11-30T00:01:34.08,1,,0.01,0.18,2.11,0.12,0.11,Reverse Holofoil,,040/182,Common,Fire,70,Basic,[C] Collect<br> Draw a card.,Wx2,1,[R] Combustion (10),
632859,Torchic,Torchic,https://tcgplayer-cdn.tcgplayer.com/product/632859_200w.jpg,3,24269,https://cpt.tcgcsv.com/c957,2025-11-30T00:01:34.08,1,,0.01,0.1,20.0,0.07,0.08,Normal,,040/182,Common,Fire,70,Basic,[C] Collect<br> Draw a card.,Wx2,1,[R] Combustion (10),
632860,Combusken,Combusken,https://tcgplayer-cdn.tcgplayer.com/product/632860_200w.jpg,3,24269,https://cpt.tcgcsv.com/d957,2025-11-29T04:53:41.907,1,,0.01,0.12,20.0,0.08,0.1,Normal,,041/182,Common,Fire,100,Stage 1,[C] Combustion (20),Wx2,2,[RC] Double Kick (40x)<br> Flip 2 coins. This attack does 40 damage for each heads.,
632860,Combusken,Combusken,https://tcgplayer-cdn.tcgplayer.com/product/632860_200w.jpg,3,24269,https://cpt.tcgcsv.com/d957,2025-11-29T04:53:41.907,1,,0.01,0.17,2.47,0.12,0.12,Reverse Holofoil,,041/182,Common,Fire,100,Stage 1,[C] Combustion (20),Wx2,2,[RC] Double Kick (40x)<br> Flip 2 coins. This attack does 40 damage for each heads.,
632861,Blaziken - 042/182,Blaziken 042 182,https://tcgplayer-cdn.tcgplayer.com/product/632861_200w.jpg,3,24269,https://cpt.tcgcsv.com/f957,2025-11-29T03:17:47.953,1,,0.06,0.3,20.0,0.27,0.3,Reverse Holofoil,,042/182,Rare,Fire,170,Stage 2,[CC] Heat Blast (70),Wx2,2,[RRC] Inferno Kick Flurry (120)<br> Discard 2 Energy from this Pokémon. This attack also does 120 damage to 1 of your opponent's Benched Pokémon. <em>(Don't apply Weakness and Resistance for Benched Pokémon.)</em>,
632861,Blaziken - 042/182,Blaziken 042 182,https://tcgplayer-cdn.tcgplayer.com/product/632861_200w.jpg,3,24269,https://cpt.tcgcsv.com/f957,2025-11-29T03:17:47.953,1,,0.01,0.17,20.0,0.13,0.12,Holofoil,,042/182,Rare,Fire,170,Stage 2,[CC] Heat Blast (70),Wx2,2,[RRC] Inferno Kick Flurry (120)<br> Discard 2 Energy from this Pokémon. This attack also does 120 damage to 1 of your opponent's Benched Pokémon. <em>(Don't apply Weakness and Resistance for Benched Pokémon.)</em>,
632862,Heat Rotom,Heat Rotom,https://tcgplayer-cdn.tcgplayer.com/product/632862_200w.jpg,3,24269,https://cpt.tcgcsv.com/g957,2025-11-29T19:08:04.963,1,,0.01,0.17,24.0,0.15,0.14,Reverse Holofoil,,043/182,Common,Fire,80,Basic,[R] Singe<br> Your opponent's Active Pokémon is now Burned.,Wx2,2,[CC] Gadget Show (30x)<br> This attack does 30 damage for each Pokémon Tool attached to all of your Pokémon.,
632862,Heat Rotom,Heat Rotom,https://tcgplayer-cdn.tcgplayer.com/product/632862_200w.jpg,3,24269,https://cpt.tcgcsv.com/g957,2025-11-29T19:08:04.963,1,,0.01,0.1,2.0,0.08,0.09,Normal,,043/182,Common,Fire,80,Basic,[R] Singe<br> Your opponent's Active Pokémon is now Burned.,Wx2,2,[CC] Gadget Show (30x)<br> This attack does 30 damage for each Pokémon Tool attached to all of your Pokémon.,
632863,Hearthflame Mask Ogerpon,Hearthflame Mask Ogerpon,https://tcgplayer-cdn.tcgplayer.com/product/632863_200w.jpg,3,24269,https://cpt.tcgcsv.com/h957,2025-11-29T19:10:19.113,1,,0.03,0.28,2.99,0.29,0.22,Reverse Holofoil,,044/182,Uncommon,Fire,110,Basic,"[C] Fire Kagura<br> Search your deck for a Basic Fire Energy card and attach it to 1 of your Pokémon. Then, shuffle your deck.",Wx2,1,[RRC] Searing Flame (80)<br> Your opponent's Active Pokémon is now Burned.,
632863,Hearthflame Mask Ogerpon,Hearthflame Mask Ogerpon,https://tcgplayer-cdn.tcgplayer.com/product/632863_200w.jpg,3,24269,https://cpt.tcgcsv.com/h957,2025-11-29T19:10:19.113,1,,0.01,0.1,1.49,0.07,0.05,Normal,,044/182,Uncommon,Fire,110,Basic,"[C] Fire Kagura<br> Search your deck for a Basic Fire Energy card and attach it to 1 of your Pokémon. Then, shuffle your deck.",Wx2,1,[RRC] Searing Flame (80)<br> Your opponent's Active Pokémon is now Burned.,
632864,Team Rocket's Articuno,Team Rockets Articuno,https://tcgplayer-cdn.tcgplayer.com/product/632864_200w.jpg,3,24269,https://cpt.tcgcsv.com/j957,2025-11-13T18:12:39.913,1,<strong>Ability: Repelling Veil</strong> Prevent all effects of attacks used by your opponent's Pokémon done to your Basic Team Rocket's Pokémon in play. <em>(Existing effects are not removed. Damage is not an effect.)</em>,0.08,0.35,2.66,0.3,0.31,Reverse Holofoil,,051/182,Rare,Water,120,Basic,"[WCC] Dark Frost (60+)<br> If this Pokémon has any 182 attached, this attack does 60 more damage.",Lx2,1,,F-30
632864,Team Rocket's Articuno,Team Rockets Articuno,https://tcgplayer-cdn.tcgplayer.com/product/632864_200w.jpg,3,24269,https://cpt.tcgcsv.com/j957,2025-11-13T18:12:39.913,1,<strong>Ability: Repelling Veil</strong> Prevent all effects of attacks used by your opponent's Pokémon done to your Basic Team Rocket's Pokémon in play. <em>(Existing effects are not removed. Damage is not an effect.)</em>,0.01,0.2,4.0,0.14,0.14,Holofoil,,051/182,Rare,Water,120,Basic,"[WCC] Dark Frost (60+)<br> If this Pokémon has any 182 attached, this attack does 60 more damage.",Lx2,1,,F-30
632865,Cynthia's Feebas,Cynthias Feebas,https://tcgplayer-cdn.tcgplayer.com/product/632865_200w.jpg,3,24269,https://cpt.tcgcsv.com/k957,2025-11-29T04:52:29.427,1,,0.01,0.11,20.0,0.07,0.1,Normal,,052/182,Common,Water,30,Basic,"[C] Undulate (10)<br> Flip a coin. If heads, during your opponent's next turn, prevent all damage from and effects of attacks done to this Pokémon.",Lx2,1,,
632865,Cynthia's Feebas,Cynthias Feebas,https://tcgplayer-cdn.tcgplayer.com/product/632865_200w.jpg,3,24269,https://cpt.tcgcsv.com/k957,2025-11-29T04:52:29.427,1,,0.04,0.25,1.39,0.23,0.2,Reverse Holofoil,,052/182,Common,Water,30,Basic,"[C] Undulate (10)<br> Flip a coin. If heads, during your opponent's next turn, prevent all damage from and effects of attacks done to this Pokémon.",Lx2,1,,
632866,Cynthia's Milotic,Cynthias Milotic,https://tcgplayer-cdn.tcgplayer.com/product/632866_200w.jpg,3,24269,https://cpt.tcgcsv.com/l957,2025-11-29T04:52:02.907,1,,0.1,0.28,2.99,0.26,0.3,Reverse Holofoil,,053/182,Uncommon,Water,130,Stage 1,[WC] Aqua Split (60)<br> This attack also does 30 damage to 2 of your opponent's Benched Pokémon. <em>(Don't apply Weakness and Resistance for Benched Pokémon.)</em>,Lx2,2,,
632866,Cynthia's Milotic,Cynthias Milotic,https://tcgplayer-cdn.tcgplayer.com/product/632866_200w.jpg,3,24269,https://cpt.tcgcsv.com/l957,2025-11-29T04:52:02.907,1,,0.01,0.1,20.0,0.08,0.05,Normal,,053/182,Uncommon,Water,130,Stage 1,[WC] Aqua Split (60)<br> This attack also does 30 damage to 2 of your opponent's Benched Pokémon. <em>(Don't apply Weakness and Resistance for Benched Pokémon.)</em>,Lx2,2,,
632867,Clamperl - 054/182,Clamperl 054 182,https://tcgplayer-cdn.tcgplayer.com/product/632867_200w.jpg,3,24269,https://cpt.tcgcsv.com/m957,2025-12-11T20:17:53.393,1,,0.01,0.15,2.37,0.1,0.07,Reverse Holofoil,,054/182,Common,Water,60,Basic,"[W] Shell Press (10)<br> During your opponent's next turn, this Pokémon takes 10 less damage from attacks <em>(after applying Weakness and Resistance)</em>.",Lx2,2,,
632867,Clamperl - 054/182,Clamperl 054 182,https://tcgplayer-cdn.tcgplayer.com/product/632867_200w.jpg,3,24269,https://cpt.tcgcsv.com/m957,2025-12-11T20:17:53.393,1,,0.01,0.1,20.0,0.05,0.05,Normal,,054/182,Common,Water,60,Basic,"[W] Shell Press (10)<br> During your opponent's next turn, this Pokémon takes 10 less damage from attacks <em>(after applying Weakness and Resistance)</em>.",Lx2,2,,
632868,Huntail,Huntail,https://tcgplayer-cdn.tcgplayer.com/product/632868_200w.jpg,3,24269,https://cpt.tcgcsv.com/n957,2025-11-29T19:11:00.463,1,"<strong>Ability: Diver's Catch</strong> Whenever 1 of your Water Pokémon is Knocked Out by damage from an attack from your opponent's Pokémon, you may put all Basic Water Energy attached to that Pokémon into your hand instead of the discard pile.",0.01,0.1,20.0,0.05,0.06,Normal,,055/182,Uncommon,Water,110,Stage 1,[WCC] Wave Splash (80),Lx2,1,,
632868,Huntail,Huntail,https://tcgplayer-cdn.tcgplayer.com/product/632868_200w.jpg,3,24269,https://cpt.tcgcsv.com/n957,2025-11-29T19:11:00.463,1,"<strong>Ability: Diver's Catch</strong> Whenever 1 of your Water Pokémon is Knocked Out by damage from an attack from your opponent's Pokémon, you may put all Basic Water Energy attached to that Pokémon into your hand instead of the discard pile.",0.06,0.25,2.18,0.23,0.25,Reverse Holofoil,,055/182,Uncommon,Water,110,Stage 1,[WCC] Wave Splash (80),Lx2,1,,
632869,Gorebyss,Gorebyss,https://tcgplayer-cdn.tcgplayer.com/product/632869_200w.jpg,3,24269,https://cpt.tcgcsv.com/p957,2025-11-13T18:12:41.5,1,,0.01,0.25,20.0,0.17,0.29,Reverse Holofoil,,056/182,Rare,Water,90,Stage 1,"[W] Crescendo Wave (30x)<br> This attack does 30 damage for each Water Energy attached to this Pokémon. Before doing damage, you may attach any number of Basic Water Energy cards from your hand to this Pokémon.",Lx2,1,,
632869,Gorebyss,Gorebyss,https://tcgplayer-cdn.tcgplayer.com/product/632869_200w.jpg,3,24269,https://cpt.tcgcsv.com/p957,2025-11-13T18:12:41.5,1,,0.01,0.14,24.0,0.08,0.08,Holofoil,,056/182,Rare,Water,90,Stage 1,"[W] Crescendo Wave (30x)<br> This attack does 30 damage for each Water Energy attached to this Pokémon. Before doing damage, you may attach any number of Basic Water Energy cards from your hand to this Pokémon.",Lx2,1,,
632870,Buizel,Buizel,https://tcgplayer-cdn.tcgplayer.com/product/632870_200w.jpg,3,24269,https://cpt.tcgcsv.com/q957,2025-11-29T00:53:44.223,1,,0.01,0.15,1.49,0.12,0.12,Reverse Holofoil,,057/182,Common,Water,70,Basic,[C] Tail Whap (10),Lx2,1,[WCC] Wave Splash (30),
632870,Buizel,Buizel,https://tcgplayer-cdn.tcgplayer.com/product/632870_200w.jpg,3,24269,https://cpt.tcgcsv.com/q957,2025-11-29T00:53:44.223,1,,0.01,0.1,2.0,0.06,0.15,Normal,,057/182,Common,Water,70,Basic,[C] Tail Whap (10),Lx2,1,[WCC] Wave Splash (30),
632871,Floatzel,Floatzel,https://tcgplayer-cdn.tcgplayer.com/product/632871_200w.jpg,3,24269,https://cpt.tcgcsv.com/r957,2025-11-29T19:02:28.617,1,,0.04,0.23,1.95,0.19,0.28,Reverse Holofoil,,058/182,Uncommon,Water,120,Stage 1,[CC] Whirlpool (30)<br> Discard an Energy from your opponent's Active Pokémon.,Lx2,1,"[WCC] Aqua Slash (140)<br> During your next turn, this Pokémon can't attack.",
632871,Floatzel,Floatzel,https://tcgplayer-cdn.tcgplayer.com/product/632871_200w.jpg,3,24269,https://cpt.tcgcsv.com/r957,2025-11-29T19:02:28.617,1,,0.01,0.1,2.28,0.04,0.03,Normal,,058/182,Uncommon,Water,120,Stage 1,[CC] Whirlpool (30)<br> Discard an Energy from your opponent's Active Pokémon.,Lx2,1,"[WCC] Aqua Slash (140)<br> During your next turn, this Pokémon can't attack.",
632872,Snover,Snover,https://tcgplayer-cdn.tcgplayer.com/product/632872_200w.jpg,3,24269,https://cpt.tcgcsv.com/s957,2025-11-29T21:12:24.86,1,,0.02,0.15,20.0,0.13,0.12,Reverse Holofoil,,059/182,Common,Water,90,Basic,[CC] Light Punch (20),Mx2,3,[WCC] Icicle (50),
632872,Snover,Snover,https://tcgplayer-cdn.tcgplayer.com/product/632872_200w.jpg,3,24269,https://cpt.tcgcsv.com/s957,2025-11-29T21:12:24.86,1,,0.01,0.1,20.0,0.06,0.08,Normal,,059/182,Common,Water,90,Basic,[CC] Light Punch (20),Mx2,3,[WCC] Icicle (50),
632873,Abomasnow,Abomasnow,https://tcgplayer-cdn.tcgplayer.com/product/632873_200w.jpg,3,24269,https://cpt.tcgcsv.com/t957,2025-11-29T04:26:17.683,1,,0.01,0.25,1.99,0.21,0.2,Reverse Holofoil,,060/182,Uncommon,Water,150,Stage 1,[CCC] Lunge Out (90),Mx2,4,"[WWWC] Frozen Wood (120+)<br> If this Pokémon has 2 or more Grass Energy attached, this attack does 120 more damage.",
632873,Abomasnow,Abomasnow,https://tcgplayer-cdn.tcgplayer.com/product/632873_200w.jpg,3,24269,https://cpt.tcgcsv.com/t957,2025-11-29T04:26:17.683,1,,0.01,0.1,1.49,0.04,0.04,Normal,,060/182,Uncommon,Water,150,Stage 1,[CCC] Lunge Out (90),Mx2,4,"[WWWC] Frozen Wood (120+)<br> If this Pokémon has 2 or more Grass Energy attached, this attack does 120 more damage.",
632874,Wash Rotom,Wash Rotom,https://tcgplayer-cdn.tcgplayer.com/product/632874_200w.jpg,3,24269,https://cpt.tcgcsv.com/v957,2025-10-22T20:24:21.077,1,,0.01,0.11,20.0,0.05,0.1,Normal,,061/182,Common,Water,80,Basic,[W] Manual Wash (20)<br> Heal 10 damage from each of your Pokémon.,Lx2,2,[CC] Gadget Show (30x)<br> This attack does 30 damage for each Pokémon Tool attached to all of your Pokémon.,
632874,Wash Rotom,Wash Rotom,https://tcgplayer-cdn.tcgplayer.com/product/632874_200w.jpg,3,24269,https://cpt.tcgcsv.com/v957,2025-10-22T20:24:21.077,1,,0.01,0.17,20.0,0.16,0.15,Reverse Holofoil,,061/182,Common,Water,80,Basic,[W] Manual Wash (20)<br> Heal 10 damage from each of your Pokémon.,Lx2,2,[CC] Gadget Show (30x)<br> This attack does 30 damage for each Pokémon Tool attached to all of your Pokémon.,
632875,Arrokuda,Arrokuda,https://tcgplayer-cdn.tcgplayer.com/product/632875_200w.jpg,3,24269,https://cpt.tcgcsv.com/w957,2025-11-29T04:30:55.47,1,,0.01,0.15,20.0,0.1,0.1,Reverse Holofoil,,062/182,Common,Water,70,Basic,[W] Reckless Charge (30)<br> This Pokémon also does 10 damage to itself.,Lx2,1,,
632875,Arrokuda,Arrokuda,https://tcgplayer-cdn.tcgplayer.com/product/632875_200w.jpg,3,24269,https://cpt.tcgcsv.com/w957,2025-11-29T04:30:55.47,1,,0.01,0.1,2.0,0.04,0.04,Normal,,062/182,Common,Water,70,Basic,[W] Reckless Charge (30)<br> This Pokémon also does 10 damage to itself.,Lx2,1,,
632876,Barraskewda,Barraskewda,https://tcgplayer-cdn.tcgplayer.com/product/632876_200w.jpg,3,24269,https://cpt.tcgcsv.com/x957,2025-11-29T04:37:27.547,1,,0.01,0.25,1.35,0.22,0.23,Reverse Holofoil,,063/182,Uncommon,Water,130,Stage 1,[W] Sharp Fin (40),Lx2,1,"[WW] Dive (60)<br> Flip a coin. If heads, during your opponent's next turn, prevent all damage from and effects of attacks done to this Pokémon.",
632876,Barraskewda,Barraskewda,https://tcgplayer-cdn.tcgplayer.com/product/632876_200w.jpg,3,24269,https://cpt.tcgcsv.com/x957,2025-11-29T04:37:27.547,1,,0.01,0.1,20.0,0.04,0.03,Normal,,063/182,Uncommon,Water,130,Stage 1,[W] Sharp Fin (40),Lx2,1,"[WW] Dive (60)<br> Flip a coin. If heads, during your opponent's next turn, prevent all damage from and effects of attacks done to this Pokémon.",
632877,Cetoddle,Cetoddle,https://tcgplayer-cdn.tcgplayer.com/product/632877_200w.jpg,3,24269,https://cpt.tcgcsv.com/z957,2025-11-29T04:38:47.68,1,,0.01,0.15,2.28,0.07,0.07,Reverse Holofoil,,064/182,Common,Water,100,Basic,[WC] Gentle Slap (30),Mx2,3,[WWWC] Frost Smash (80),
632877,Cetoddle,Cetoddle,https://tcgplayer-cdn.tcgplayer.com/product/632877_200w.jpg,3,24269,https://cpt.tcgcsv.com/z957,2025-11-29T04:38:47.68,1,,0.01,0.1,1.49,0.03,0.03,Normal,,064/182,Common,Water,100,Basic,[WC] Gentle Slap (30),Mx2,3,[WWWC] Frost Smash (80),
632878,Cetitan ex - 065/182,Cetitan ex 065 182,https://tcgplayer-cdn.tcgplayer.com/product/632878_200w.jpg,3,24269,https://cpt.tcgcsv.com/B957,2025-11-13T18:12:43.23,1,"<strong>Ability: Snow Camouflage</strong> Whenever your opponent plays an Item or Supporter card from their hand, prevent all effects of that card done to this Pokémon.",0.09,0.57,200.0,0.41,0.42,Holofoil,,065/182,Double Rare,Water,300,Stage 1,"[WWWC] Crushing Press (140+)<br> You may discard a Stadium in play. If you do, this attack does 140 more damage.",Mx2,4,,
632879,Dondozo ex - 066/182,Dondozo ex 066 182,https://tcgplayer-cdn.tcgplayer.com/product/632879_200w.jpg,3,24269,https://cpt.tcgcsv.com/C957,2025-10-22T23:47:10.273,1,,0.05,0.59,9.0,0.46,0.41,Holofoil,,066/182,Double Rare,Water,280,Basic,[WC] Avenging Billow (30+)<br> This attack does 10 more damage for each damage counter on this Pokémon.,Lx2,4,"[WWCC] Dynamic Dive (120+)<br> You may do 120 more damage. If you do, this Pokémon also does 50 damage to itself.",
632880,Wellspring Mask Ogerpon,Wellspring Mask Ogerpon,https://tcgplayer-cdn.tcgplayer.com/product/632880_200w.jpg,3,24269,https://cpt.tcgcsv.com/D957,2025-12-05T16:14:18.44,1,,0.01,0.1,1.49,0.05,0.05,Normal,,067/182,Uncommon,Water,110,Basic,"[C] Water Kagura<br> Search your deck for a Basic Water Energy card and attach it to 1 of your Pokémon. Then, shuffle your deck.",Lx2,1,[WWC] Bubble Drain (100)<br> Heal 30 damage from this Pokémon.,
632880,Wellspring Mask Ogerpon,Wellspring Mask Ogerpon,https://tcgplayer-cdn.tcgplayer.com/product/632880_200w.jpg,3,24269,https://cpt.tcgcsv.com/D957,2025-12-05T16:14:18.44,1,,0.05,0.25,1.5,0.2,0.22,Reverse Holofoil,,067/182,Uncommon,Water,110,Basic,"[C] Water Kagura<br> Search your deck for a Basic Water Energy card and attach it to 1 of your Pokémon. Then, shuffle your deck.",Lx2,1,[WWC] Bubble Drain (100)<br> Heal 30 damage from this Pokémon.,
632881,Electabuzz,Electabuzz,https://tcgplayer-cdn.tcgplayer.com/product/632881_200w.jpg,3,24269,https://cpt.tcgcsv.com/F957,2025-11-29T18:55:03.32,1,,0.01,0.15,2.37,0.09,0.08,Reverse Holofoil,,068/182,Common,Lightning,90,Basic,[LC] Electroslug (50),Fx2,2,,
632881,Electabuzz,Electabuzz,https://tcgplayer-cdn.tcgplayer.com/product/632881_200w.jpg,3,24269,https://cpt.tcgcsv.com/F957,2025-11-29T18:55:03.32,1,,0.01,0.1,1.32,0.02,0.03,Normal,,068/182,Common,Lightning,90,Basic,[LC] Electroslug (50),Fx2,2,,
632882,Electivire ex - 069/182,Electivire ex 069 182,https://tcgplayer-cdn.tcgplayer.com/product/632882_200w.jpg,3,24269,https://cpt.tcgcsv.com/G957,2025-11-13T18:12:42.623,1,,0.09,0.67,5.0,0.55,0.53,Holofoil,,069/182,Double Rare,Lightning,280,Stage 1,[LC] Dual Bolt<br> This attack does 50 damage to 2 of your opponent's Pokémon. <em>(Don't apply Weakness and Resistance for Benched Pokémon.)</em>,Fx2,4,"[LLC] High-Voltage Press (180+)<br> If this Pokémon has at least 2 extra Energy attached <em>(in addition to this attack's cost)</em>, this attack does 100 more damage.",
632883,Team Rocket's Flaaffy,Team Rockets Flaaffy,https://tcgplayer-cdn.tcgplayer.com/product/632883_200w.jpg,3,24269,https://cpt.tcgcsv.com/H957,2025-11-29T23:14:10.647,1,,0.01,0.15,3.55,0.11,0.11,Reverse Holofoil,,073/182,Common,Lightning,90,Stage 1,"[LC] Thunder Shock (50)<br> Flip a coin. If heads, your opponent's Active Pokémon is now Paralyzed.",Fx2,2,,
632883,Team Rocket's Flaaffy,Team Rockets Flaaffy,https://tcgplayer-cdn.tcgplayer.com/product/632883_200w.jpg,3,24269,https://cpt.tcgcsv.com/H957,2025-11-29T23:14:10.647,1,,0.01,0.12,2.28,0.06,0.1,Normal,,073/182,Common,Lightning,90,Stage 1,"[LC] Thunder Shock (50)<br> Flip a coin. If heads, your opponent's Active Pokémon is now Paralyzed.",Fx2,2,,
632884,Team Rocket's Ampharos,Team Rockets Ampharos,https://tcgplayer-cdn.tcgplayer.com/product/632884_200w.jpg,3,24269,https://cpt.tcgcsv.com/J957,2025-11-29T23:05:27.61,1,"<strong>Ability: Darkest Impulse</strong> Whenever your opponent plays a Pokémon from their hand to evolve 1 of their Pokémon, put 4 damage counters on that Pokémon. The effect of Darkest Impulse doesn't stack.",0.05,0.29,35.0,0.24,0.25,Reverse Holofoil,,074/182,Uncommon,Lightning,140,Stage 2,[LCC] Head Bolt (140),Fx2,2,,
632884,Team Rocket's Ampharos,Team Rockets Ampharos,https://tcgplayer-cdn.tcgplayer.com/product/632884_200w.jpg,3,24269,https://cpt.tcgcsv.com/J957,2025-11-29T23:05:27.61,1,"<strong>Ability: Darkest Impulse</strong> Whenever your opponent plays a Pokémon from their hand to evolve 1 of their Pokémon, put 4 damage counters on that Pokémon. The effect of Darkest Impulse doesn't stack.",0.01,0.1,2.0,0.06,0.08,Normal,,074/182,Uncommon,Lightning,140,Stage 2,[LCC] Head Bolt (140),Fx2,2,,
632885,Electrike - 075/182,Electrike 075 182,https://tcgplayer-cdn.tcgplayer.com/product/632885_200w.jpg,3,24269,https://cpt.tcgcsv.com/K957,2025-11-29T18:54:22.377,1,,0.01,0.1,1.49,0.04,0.04,Normal,,075/182,Common,Lightning,60,Basic,[C] Rear Kick (10),Fx2,1,[LC] Tiny Bolt (30),
632885,Electrike - 075/182,Electrike 075 182,https://tcgplayer-cdn.tcgplayer.com/product/632885_200w.jpg,3,24269,https://cpt.tcgcsv.com/K957,2025-11-29T18:54:22.377,1,,0.01,0.15,2.1,0.13,0.1,Reverse Holofoil,,075/182,Common,Lightning,60,Basic,[C] Rear Kick (10),Fx2,1,[LC] Tiny Bolt (30),
632886,Manectric,Manectric,https://tcgplayer-cdn.tcgplayer.com/product/632886_200w.jpg,3,24269,https://cpt.tcgcsv.com/L957,2025-11-29T19:59:31.34,1,,0.01,0.25,2.47,0.21,0.25,Reverse Holofoil,,076/182,Uncommon,Lightning,120,Stage 1,[C] Zap Kick (30),Fx2,1,[LC] Flash Impact (120)<br> This attack also does 40 damage to 1 of your Benched Pokémon. <em>(Don't apply Weakness and Resistance for Benched Pokémon.)</em>,
632886,Manectric,Manectric,https://tcgplayer-cdn.tcgplayer.com/product/632886_200w.jpg,3,24269,https://cpt.tcgcsv.com/L957,2025-11-29T19:59:31.34,1,,0.01,0.1,1.49,0.06,0.04,Normal,,076/182,Uncommon,Lightning,120,Stage 1,[C] Zap Kick (30),Fx2,1,[LC] Flash Impact (120)<br> This attack also does 40 damage to 1 of your Benched Pokémon. <em>(Don't apply Weakness and Resistance for Benched Pokémon.)</em>,
632887,Rotom - 077/182,Rotom 077 182,https://tcgplayer-cdn.tcgplayer.com/product/632887_200w.jpg,3,24269,https://cpt.tcgcsv.com/M957,2025-11-29T20:23:53.833,1,,0.01,0.1,2.28,0.07,0.07,Normal,,077/182,Common,Lightning,60,Basic,[L] Astonish (20)<br> Choose a random card from your opponent's hand. Your opponent reveals that card and shuffles it into their deck.,Fx2,1,[CC] Gadget Show (30x)<br> This attack does 30 damage for each Pokémon Tool attached to all of your Pokémon.,
632887,Rotom - 077/182,Rotom 077 182,https://tcgplayer-cdn.tcgplayer.com/product/632887_200w.jpg,3,24269,https://cpt.tcgcsv.com/M957,2025-11-29T20:23:53.833,1,,0.02,0.15,1.34,0.12,0.12,Reverse Holofoil,,077/182,Common,Lightning,60,Basic,[L] Astonish (20)<br> Choose a random card from your opponent's hand. Your opponent reveals that card and shuffles it into their deck.,Fx2,1,[CC] Gadget Show (30x)<br> This attack does 30 damage for each Pokémon Tool attached to all of your Pokémon.,
632888,Zeraora,Zeraora,https://tcgplayer-cdn.tcgplayer.com/product/632888_200w.jpg,3,24269,https://cpt.tcgcsv.com/N957,2025-11-28T22:33:05.763,1,,0.05,0.28,30.0,0.21,0.24,Reverse Holofoil,,078/182,Rare,Lightning,100,Basic,[C] Scratch (20),Fx2,1,"[LLL] Thunder Raid<br> Discard all Energy from this Pokémon, and this attack does 210 damage to 1 of your opponent's Benched Pokémon ex. <em>(Don't apply Weakness and Resistance for Benched Pokémon.)</em>",
632888,Zeraora,Zeraora,https://tcgplayer-cdn.tcgplayer.com/product/632888_200w.jpg,3,24269,https://cpt.tcgcsv.com/N957,2025-11-28T22:33:05.763,1,,0.01,0.15,15.0,0.14,0.1,Holofoil,,078/182,Rare,Lightning,100,Basic,[C] Scratch (20),Fx2,1,"[LLL] Thunder Raid<br> Discard all Energy from this Pokémon, and this attack does 210 damage to 1 of your opponent's Benched Pokémon ex. <em>(Don't apply Weakness and Resistance for Benched Pokémon.)</em>",
632889,Team Rocket's Drowzee,Team Rockets Drowzee,https://tcgplayer-cdn.tcgplayer.com/product/632889_200w.jpg,3,24269,https://cpt.tcgcsv.com/P957,2025-11-29T23:15:05.533,1,,0.01,0.1,20.0,0.03,0.05,Normal,,079/182,Common,Psychic,80,Basic,[P] Hypnotic Ray (10)<br> Your opponent's Active Pokémon is now Asleep.,Dx2,2,,F-30
632889,Team Rocket's Drowzee,Team Rockets Drowzee,https://tcgplayer-cdn.tcgplayer.com/product/632889_200w.jpg,3,24269,https://cpt.tcgcsv.com/P957,2025-11-29T23:15:05.533,1,,0.01,0.15,2.37,0.09,0.1,Reverse Holofoil,,079/182,Common,Psychic,80,Basic,[P] Hypnotic Ray (10)<br> Your opponent's Active Pokémon is now Asleep.,Dx2,2,,F-30
632890,Team Rocket's Hypno,Team Rockets Hypno,https://tcgplayer-cdn.tcgplayer.com/product/632890_200w.jpg,3,24269,https://cpt.tcgcsv.com/Q957,2025-11-29T22:45:07.923,1,,0.01,0.1,20.0,0.06,0.08,Normal,,080/182,Uncommon,Psychic,130,Stage 1,[P] Psyshot (40),Dx2,2,[PPP] Bench Manipulation (80x)<br> Your opponent flips a coin for each of their Benched Pokémon. This attack does 80 damage to your opponent's Active Pokémon for each tails. This attack's damage isn't affected by Weakness or Resistance.,F-30
632890,Team Rocket's Hypno,Team Rockets Hypno,https://tcgplayer-cdn.tcgplayer.com/product/632890_200w.jpg,3,24269,https://cpt.tcgcsv.com/Q957,2025-11-29T22:45:07.923,1,,0.07,0.25,20.0,0.2,0.22,Reverse Holofoil,,080/182,Uncommon,Psychic,130,Stage 1,[P] Psyshot (40),Dx2,2,[PPP] Bench Manipulation (80x)<br> Your opponent flips a coin for each of their Benched Pokémon. This attack does 80 damage to your opponent's Active Pokémon for each tails. This attack's damage isn't affected by Weakness or Resistance.,F-30
632891,Team Rocket's Mewtwo ex - 081/182,Team Rockets Mewtwo ex 081 182,https://tcgplayer-cdn.tcgplayer.com/product/632891_200w.jpg,3,24269,https://cpt.tcgcsv.com/R957,2025-11-29T00:07:22.79,1,<strong>Ability: Power Saver</strong> This Pokémon can't attack unless you have 4 or more Team Rocket's Pokémon in play.,0.25,1.25,100.0,0.93,1.05,Holofoil,,081/182,Double Rare,Psychic,280,Basic,[PPC] Erasure Ball (160+)<br> You may discard up to 2 Energy from your Benched Pokémon. This attack does 60 more damage for each card you discarded in this way.,Dx2,3,,F-30
632892,Team Rocket's Wobbuffet,Team Rockets Wobbuffet,https://tcgplayer-cdn.tcgplayer.com/product/632892_200w.jpg,3,24269,https://cpt.tcgcsv.com/S957,2025-11-13T18:12:40.983,1,,0.01,0.15,50.0,0.11,0.11,Holofoil,,082/182,Rare,Psychic,110,Basic,[PC] Rocket Mirror<br> Move all damage counters from 1 of your Benched Team Rocket's Pokémon to your opponent's Active Pokémon.,Dx2,2,[PCC] Headbutt Bounce (70),F-30
632892,Team Rocket's Wobbuffet,Team Rockets Wobbuffet,https://tcgplayer-cdn.tcgplayer.com/product/632892_200w.jpg,3,24269,https://cpt.tcgcsv.com/S957,2025-11-13T18:12:40.983,1,,0.01,0.27,10.78,0.22,0.21,Reverse Holofoil,,082/182,Rare,Psychic,110,Basic,[PC] Rocket Mirror<br> Move all damage counters from 1 of your Benched Team Rocket's Pokémon to your opponent's Active Pokémon.,Dx2,2,[PCC] Headbutt Bounce (70),F-30
632893,Steven's Baltoy,Stevens Baltoy,https://tcgplayer-cdn.tcgplayer.com/product/632893_200w.jpg,3,24269,https://cpt.tcgcsv.com/T957,2025-11-29T20:57:35.037,1,,0.01,0.15,2.37,0.08,0.08,Reverse Holofoil,,083/182,Common,Psychic,60,Basic,"[C] Summoning Sign<br> Search your deck for up to 2 Basic Steven's Pokémon and put them onto your Bench. Then, shuffle your deck.",Dx2,1,[P] Psychic Sphere (20),F-30
632893,Steven's Baltoy,Stevens Baltoy,https://tcgplayer-cdn.tcgplayer.com/product/632893_200w.jpg,3,24269,https://cpt.tcgcsv.com/T957,2025-11-29T20:57:35.037,1,,0.01,0.1,1.49,0.05,0.05,Normal,,083/182,Common,Psychic,60,Basic,"[C] Summoning Sign<br> Search your deck for up to 2 Basic Steven's Pokémon and put them onto your Bench. Then, shuffle your deck.",Dx2,1,[P] Psychic Sphere (20),F-30
632894,Steven's Claydol,Stevens Claydol,https://tcgplayer-cdn.tcgplayer.com/product/632894_200w.jpg,3,24269,https://cpt.tcgcsv.com/V957,2025-11-29T21:14:28.337,1,,0.01,0.1,7.0,0.05,0.03,Normal,,084/182,Uncommon,Psychic,120,Stage 1,[P] Eerie Light (20)<br> Your opponent's Active Pokémon is now Confused.,Dx2,2,[PPC] Clay Blast (220)<br> Discard all Energy from this Pokémon.,F-30
632894,Steven's Claydol,Stevens Claydol,https://tcgplayer-cdn.tcgplayer.com/product/632894_200w.jpg,3,24269,https://cpt.tcgcsv.com/V957,2025-11-29T21:14:28.337,1,,0.03,0.25,2.94,0.23,0.25,Reverse Holofoil,,084/182,Uncommon,Psychic,120,Stage 1,[P] Eerie Light (20)<br> Your opponent's Active Pokémon is now Confused.,Dx2,2,[PPC] Clay Blast (220)<br> Discard all Energy from this Pokémon.,F-30
632895,Team Rocket's Chingling,Team Rockets Chingling,https://tcgplayer-cdn.tcgplayer.com/product/632895_200w.jpg,3,24269,https://cpt.tcgcsv.com/W957,2025-11-29T23:04:01.687,1,,0.01,0.1,1.49,0.05,0.07,Normal,,085/182,Common,Psychic,30,Basic,Chiming Commotion<br> Discard a random card from your opponent's hand.,Dx2,0,,F-30
632895,Team Rocket's Chingling,Team Rockets Chingling,https://tcgplayer-cdn.tcgplayer.com/product/632895_200w.jpg,3,24269,https://cpt.tcgcsv.com/W957,2025-11-29T23:04:01.687,1,,0.02,0.18,10.13,0.15,0.12,Reverse Holofoil,,085/182,Common,Psychic,30,Basic,Chiming Commotion<br> Discard a random card from your opponent's hand.,Dx2,0,,F-30
632896,Steven's Carbink,Stevens Carbink,https://tcgplayer-cdn.tcgplayer.com/product/632896_200w.jpg,3,24269,https://cpt.tcgcsv.com/X957,2025-11-29T21:00:01.43,1,"<strong>Ability: Stone Palace</strong> As long as this Pokémon is on your Bench, all of your Steven's Pokémon take 30 less damage from attacks from your opponent's Pokémon <em>(after applying Weakness and Resistance)</em>. The effect of Stone Palace doesn't stack.",0.01,0.16,50.0,0.1,0.12,Reverse Holofoil,,086/182,Common,Psychic,80,Basic,[PCC] Magical Shot (80),Mx2,2,,
632896,Steven's Carbink,Stevens Carbink,https://tcgplayer-cdn.tcgplayer.com/product/632896_200w.jpg,3,24269,https://cpt.tcgcsv.com/X957,2025-11-29T21:00:01.43,1,"<strong>Ability: Stone Palace</strong> As long as this Pokémon is on your Bench, all of your Steven's Pokémon take 30 less damage from attacks from your opponent's Pokémon <em>(after applying Weakness and Resistance)</em>. The effect of Stone Palace doesn't stack.",0.01,0.1,1.49,0.05,0.07,Normal,,086/182,Common,Psychic,80,Basic,[PCC] Magical Shot (80),Mx2,2,,
632897,Team Rocket's Dottler,Team Rockets Dottler,https://tcgplayer-cdn.tcgplayer.com/product/632897_200w.jpg,3,24269,https://cpt.tcgcsv.com/Z957,2025-11-29T23:17:01.947,1,,0.01,0.1,20.0,0.08,0.1,Normal,,088/182,Common,Psychic,80,Stage 1,[C] Disruptive Radar<br> Look at the top 5 cards of your opponent's deck and put them back in any order.,Dx2,2,[PC] Super Psy Bolt (30),F-30
632897,Team Rocket's Dottler,Team Rockets Dottler,https://tcgplayer-cdn.tcgplayer.com/product/632897_200w.jpg,3,24269,https://cpt.tcgcsv.com/Z957,2025-11-29T23:17:01.947,1,,0.01,0.15,1.49,0.12,0.1,Reverse Holofoil,,088/182,Common,Psychic,80,Stage 1,[C] Disruptive Radar<br> Look at the top 5 cards of your opponent's deck and put them back in any order.,Dx2,2,[PC] Super Psy Bolt (30),F-30
632898,Team Rocket's Orbeetle - 089/182,Team Rockets Orbeetle 089 182,https://tcgplayer-cdn.tcgplayer.com/product/632898_200w.jpg,3,24269,https://cpt.tcgcsv.com/-957,2025-11-29T23:20:53.623,1,"<strong>Ability: Rocket Brain</strong> As often as you like during your turn, you may move 1 damage counter from 1 of your Team Rocket's Pokémon to another of your Pokémon.",0.01,0.1,20.0,0.04,0.08,Normal,,089/182,Uncommon,Psychic,130,Stage 2,[PCC] Psychic (40+)<br> This attack does 40 more damage for each Energy attached to your opponent's Active Pokémon.,Dx2,2,,F-30
632898,Team Rocket's Orbeetle - 089/182,Team Rockets Orbeetle 089 182,https://tcgplayer-cdn.tcgplayer.com/product/632898_200w.jpg,3,24269,https://cpt.tcgcsv.com/-957,2025-11-29T23:20:53.623,1,"<strong>Ability: Rocket Brain</strong> As often as you like during your turn, you may move 1 damage counter from 1 of your Team Rocket's Pokémon to another of your Pokémon.",0.01,0.25,10.48,0.22,0.21,Reverse Holofoil,,089/182,Uncommon,Psychic,130,Stage 2,[PCC] Psychic (40+)<br> This attack does 40 more damage for each Energy attached to your opponent's Active Pokémon.,Dx2,2,,F-30
632899,Mankey,Mankey,https://tcgplayer-cdn.tcgplayer.com/product/632899_200w.jpg,3,24269,https://cpt.tcgcsv.com/_957,2025-11-29T19:56:53.547,1,,0.01,0.15,10.12,0.13,0.11,Reverse Holofoil,,090/182,Common,Fighting,70,Basic,"[F] Wild Kick (30)<br> Flip a coin. If tails, this attack does nothing.",Px2,1,,
632899,Mankey,Mankey,https://tcgplayer-cdn.tcgplayer.com/product/632899_200w.jpg,3,24269,https://cpt.tcgcsv.com/_957,2025-11-29T19:56:53.547,1,,0.01,0.1,2.0,0.04,0.03,Normal,,090/182,Common,Fighting,70,Basic,"[F] Wild Kick (30)<br> Flip a coin. If tails, this attack does nothing.",Px2,1,,
632900,Primeape,Primeape,https://tcgplayer-cdn.tcgplayer.com/product/632900_200w.jpg,3,24269,https://cpt.tcgcsv.com/0b57,2025-11-29T20:22:35.993,1,,0.01,0.1,2.0,0.04,0.08,Normal,,091/182,Common,Fighting,110,Stage 1,[F] Drag Off<br> Switch in 1 of your opponent's Benched Pokémon to the Active Spot. This attack does 30 damage to the new Active Pokémon.,Px2,2,,
632900,Primeape,Primeape,https://tcgplayer-cdn.tcgplayer.com/product/632900_200w.jpg,3,24269,https://cpt.tcgcsv.com/0b57,2025-11-29T20:22:35.993,1,,0.01,0.15,2.37,0.12,0.1,Reverse Holofoil,,091/182,Common,Fighting,110,Stage 1,[F] Drag Off<br> Switch in 1 of your opponent's Benched Pokémon to the Active Spot. This attack does 30 damage to the new Active Pokémon.,Px2,2,,
632901,Annihilape,Annihilape,https://tcgplayer-cdn.tcgplayer.com/product/632901_200w.jpg,3,24269,https://cpt.tcgcsv.com/2b57,2025-11-28T22:42:49.73,1,"<strong>Ability: Lose Cool</strong> If this Pokémon has 2 or more damage counters on it, attacks used by this Pokémon do 120 more damage to your opponent's Active Pokémon <em>(before applying Weakness and Resistance)</em>.",0.05,0.21,22.0,0.17,0.2,Reverse Holofoil,,092/182,Rare,Fighting,150,Stage 2,"[FF] Impact Blow (160)<br> During your next turn, this Pokémon can't use Impact Blow.",Px2,2,,
632901,Annihilape,Annihilape,https://tcgplayer-cdn.tcgplayer.com/product/632901_200w.jpg,3,24269,https://cpt.tcgcsv.com/2b57,2025-11-28T22:42:49.73,1,"<strong>Ability: Lose Cool</strong> If this Pokémon has 2 or more damage counters on it, attacks used by this Pokémon do 120 more damage to your opponent's Active Pokémon <em>(before applying Weakness and Resistance)</em>.",0.01,0.15,2.47,0.08,0.08,Holofoil,,092/182,Rare,Fighting,150,Stage 2,"[FF] Impact Blow (160)<br> During your next turn, this Pokémon can't use Impact Blow.",Px2,2,,
632902,Ethan's Sudowoodo,Ethans Sudowoodo,https://tcgplayer-cdn.tcgplayer.com/product/632902_200w.jpg,3,24269,https://cpt.tcgcsv.com/3b57,2025-11-29T18:50:57.363,1,,0.01,0.1,2.28,0.04,0.04,Normal,,093/182,Common,Fighting,110,Basic,"[F] Impound (20)<br> During your opponent's next turn, the Defending Pokémon can't retreat.",Gx2,1,"[CC] Try to Imitate<br> Flip a coin. If heads, choose 1 of your opponent's Active Pokémon's attacks and use it as this attack.",
632902,Ethan's Sudowoodo,Ethans Sudowoodo,https://tcgplayer-cdn.tcgplayer.com/product/632902_200w.jpg,3,24269,https://cpt.tcgcsv.com/3b57,2025-11-29T18:50:57.363,1,,0.03,0.18,2.0,0.16,0.14,Reverse Holofoil,,093/182,Common,Fighting,110,Basic,"[F] Impound (20)<br> During your opponent's next turn, the Defending Pokémon can't retreat.",Gx2,1,"[CC] Try to Imitate<br> Flip a coin. If heads, choose 1 of your opponent's Active Pokémon's attacks and use it as this attack.",
632903,Team Rocket's Larvitar,Team Rockets Larvitar,https://tcgplayer-cdn.tcgplayer.com/product/632903_200w.jpg,3,24269,https://cpt.tcgcsv.com/5b57,2025-11-29T23:19:35.31,1,,0.01,0.17,2.47,0.14,0.12,Reverse Holofoil,,094/182,Common,Fighting,70,Basic,[C] Mountain Munch (10)<br> Discard the top card of your opponent's deck.,Gx2,1,,
632903,Team Rocket's Larvitar,Team Rockets Larvitar,https://tcgplayer-cdn.tcgplayer.com/product/632903_200w.jpg,3,24269,https://cpt.tcgcsv.com/5b57,2025-11-29T23:19:35.31,1,,0.01,0.1,7.0,0.06,0.07,Normal,,094/182,Common,Fighting,70,Basic,[C] Mountain Munch (10)<br> Discard the top card of your opponent's deck.,Gx2,1,,
632904,Team Rocket's Pupitar,Team Rockets Pupitar,https://tcgplayer-cdn.tcgplayer.com/product/632904_200w.jpg,3,24269,https://cpt.tcgcsv.com/6b57,2025-11-13T18:12:43.053,1,,0.01,0.16,2.37,0.11,0.1,Reverse Holofoil,,095/182,Common,Fighting,100,Stage 1,"[C] Explosive Ascension (30)<br> Search your deck for a card that evolves from this Pokémon and put it onto this Pokémon to evolve it. Then, shuffle your deck.",Gx2,2,,
632904,Team Rocket's Pupitar,Team Rockets Pupitar,https://tcgplayer-cdn.tcgplayer.com/product/632904_200w.jpg,3,24269,https://cpt.tcgcsv.com/6b57,2025-11-13T18:12:43.053,1,,0.01,0.12,20.0,0.08,0.08,Normal,,095/182,Common,Fighting,100,Stage 1,"[C] Explosive Ascension (30)<br> Search your deck for a card that evolves from this Pokémon and put it onto this Pokémon to evolve it. Then, shuffle your deck.",Gx2,2,,
632905,Nosepass,Nosepass,https://tcgplayer-cdn.tcgplayer.com/product/632905_200w.jpg,3,24269,https://cpt.tcgcsv.com/7b57,2025-11-29T20:20:39.663,1,,0.01,0.15,40.0,0.1,0.08,Reverse Holofoil,,097/182,Common,Fighting,80,Basic,[F] Headbutt (20),Gx2,3,[CCC] Rock Throw (40),
632905,Nosepass,Nosepass,https://tcgplayer-cdn.tcgplayer.com/product/632905_200w.jpg,3,24269,https://cpt.tcgcsv.com/7b57,2025-11-29T20:20:39.663,1,,0.01,0.1,1.39,0.04,0.04,Normal,,097/182,Common,Fighting,80,Basic,[F] Headbutt (20),Gx2,3,[CCC] Rock Throw (40),
632906,Probopass,Probopass,https://tcgplayer-cdn.tcgplayer.com/product/632906_200w.jpg,3,24269,https://cpt.tcgcsv.com/8b57,2025-11-13T18:12:48.67,1,,0.06,0.25,1.6,0.24,0.26,Reverse Holofoil,,098/182,Uncommon,Fighting,140,Stage 1,[F] Power Gem (40),Gx2,3,"[CCC] Mountain Drop (70+)<br> If a Stadium is in play, this attack does 70 more damage.",
632906,Probopass,Probopass,https://tcgplayer-cdn.tcgplayer.com/product/632906_200w.jpg,3,24269,https://cpt.tcgcsv.com/8b57,2025-11-13T18:12:48.67,1,,0.01,0.1,2.0,0.04,0.03,Normal,,098/182,Uncommon,Fighting,140,Stage 1,[F] Power Gem (40),Gx2,3,"[CCC] Mountain Drop (70+)<br> If a Stadium is in play, this attack does 70 more damage.",
632907,Meditite,Meditite,https://tcgplayer-cdn.tcgplayer.com/product/632907_200w.jpg,3,24269,https://cpt.tcgcsv.com/9b57,2025-12-05T16:42:05.13,1,,0.01,0.1,24.0,0.05,0.08,Normal,,099/182,Common,Fighting,70,Basic,"[F] Steady Punch (10+)<br> Flip a coin. If heads, this attack does 20 more damage.",Px2,1,,
632907,Meditite,Meditite,https://tcgplayer-cdn.tcgplayer.com/product/632907_200w.jpg,3,24269,https://cpt.tcgcsv.com/9b57,2025-12-05T16:42:05.13,1,,0.01,0.15,2.37,0.08,0.08,Reverse Holofoil,,099/182,Common,Fighting,70,Basic,"[F] Steady Punch (10+)<br> Flip a coin. If heads, this attack does 20 more damage.",Px2,1,,
632908,Medicham,Medicham,https://tcgplayer-cdn.tcgplayer.com/product/632908_200w.jpg,3,24269,https://cpt.tcgcsv.com/bb57,2025-11-29T19:58:25.203,1,,0.01,0.1,1.49,0.06,0.03,Normal,,100/182,Uncommon,Fighting,120,Stage 1,"[F] Harmonious Spirit Palm (50+)<br> If this Pokémon and your opponent's Active Pokémon have the same amount of Energy attached, this attack does 120 more damage.",Px2,1,,
632908,Medicham,Medicham,https://tcgplayer-cdn.tcgplayer.com/product/632908_200w.jpg,3,24269,https://cpt.tcgcsv.com/bb57,2025-11-29T19:58:25.203,1,,0.04,0.22,10.48,0.17,0.2,Reverse Holofoil,,100/182,Uncommon,Fighting,120,Stage 1,"[F] Harmonious Spirit Palm (50+)<br> If this Pokémon and your opponent's Active Pokémon have the same amount of Energy attached, this attack does 120 more damage.",Px2,1,,
632909,Regirock ex - 101/182,Regirock ex 101 182,https://tcgplayer-cdn.tcgplayer.com/product/632909_200w.jpg,3,24269,https://cpt.tcgcsv.com/cb57,2025-11-13T18:12:42.273,1,,0.1,0.63,5.0,0.43,0.42,Holofoil,,101/182,Double Rare,Fighting,230,Basic,[C] Regi Charge<br> Attach up to 2 Basic Fighting Energy cards from your discard pile to this Pokémon.,Gx2,3,"[FCCC] Giant Rock (140+)<br> If your opponent's Active Pokémon is a Stage 2 Pokémon, this attack does 140 more damage.",
632910,Cynthia's Gible,Cynthias Gible,https://tcgplayer-cdn.tcgplayer.com/product/632910_200w.jpg,3,24269,https://cpt.tcgcsv.com/db57,2025-11-29T04:51:34.14,1,,0.01,0.14,2.37,0.08,0.08,Normal,,102/182,Common,Fighting,70,Basic,[F] Rock Hurl (20)<br> This attack's damage isn't affected by Resistance.,Gx2,1,,
632910,Cynthia's Gible,Cynthias Gible,https://tcgplayer-cdn.tcgplayer.com/product/632910_200w.jpg,3,24269,https://cpt.tcgcsv.com/db57,2025-11-29T04:51:34.14,1,,0.11,0.38,2.94,0.28,0.31,Reverse Holofoil,,102/182,Common,Fighting,70,Basic,[F] Rock Hurl (20)<br> This attack's damage isn't affected by Resistance.,Gx2,1,,
632911,Cynthia's Gabite,Cynthias Gabite,https://tcgplayer-cdn.tcgplayer.com/product/632911_200w.jpg,3,24269,https://cpt.tcgcsv.com/fb57,2025-11-29T04:50:32.083,1,"<strong>Ability: Champion's Call</strong> Once during your turn, you may search your deck for a Cynthia's Pokémon, reveal it, and put it into your hand. Then, shuffle your deck.",0.16,0.51,4.99,0.4,0.25,Reverse Holofoil,,103/182,Common,Fighting,100,Stage 1,[F] Dragonslice (40),Gx2,1,,
632911,Cynthia's Gabite,Cynthias Gabite,https://tcgplayer-cdn.tcgplayer.com/product/632911_200w.jpg,3,24269,https://cpt.tcgcsv.com/fb57,2025-11-29T04:50:32.083,1,"<strong>Ability: Champion's Call</strong> Once during your turn, you may search your deck for a Cynthia's Pokémon, reveal it, and put it into your hand. Then, shuffle your deck.",0.01,0.2,20.0,0.12,0.13,Normal,,103/182,Common,Fighting,100,Stage 1,[F] Dragonslice (40),Gx2,1,,
632912,Cynthia's Garchomp ex - 104/182,Cynthias Garchomp ex 104 182,https://tcgplayer-cdn.tcgplayer.com/product/632912_200w.jpg,3,24269,https://cpt.tcgcsv.com/gb57,2025-11-29T08:25:14.247,1,,0.1,1.0,13.99,0.68,0.78,Holofoil,,104/182,Double Rare,Fighting,330,Stage 2,[F] Corkscrew Dive (100)<br> You may draw cards until you have 6 cards in your hand.,Gx2,,[FF] Draconic Buster (260)<br> Discard all Energy from this Pokémon.,
632913,Hippopotas,Hippopotas,https://tcgplayer-cdn.tcgplayer.com/product/632913_200w.jpg,3,24269,https://cpt.tcgcsv.com/hb57,2025-11-29T19:11:48.22,1,,0.01,0.1,1.49,0.04,0.07,Normal,,105/182,Common,Fighting,90,Basic,[F] Push Down (10)<br> Switch out your opponent's Active Pokémon to the Bench. <em>(Your opponent chooses the new Active Pokémon.)</em>,Gx2,3,,
632913,Hippopotas,Hippopotas,https://tcgplayer-cdn.tcgplayer.com/product/632913_200w.jpg,3,24269,https://cpt.tcgcsv.com/hb57,2025-11-29T19:11:48.22,1,,0.01,0.15,2.37,0.09,0.1,Reverse Holofoil,,105/182,Common,Fighting,90,Basic,[F] Push Down (10)<br> Switch out your opponent's Active Pokémon to the Bench. <em>(Your opponent chooses the new Active Pokémon.)</em>,Gx2,3,,
632914,Hippowdon,Hippowdon,https://tcgplayer-cdn.tcgplayer.com/product/632914_200w.jpg,3,24269,https://cpt.tcgcsv.com/jb57,2025-11-29T19:12:23.627,1,,0.01,0.1,2.28,0.02,0.03,Normal,,106/182,Uncommon,Fighting,160,Stage 1,[FF] Ram (60),Gx2,4,[FFC] Super Sandstorm (150)<br> This attack also does 40 damage to each Benched Pokémon that has any damage counters on it <em>(both yours and your opponent's)</em>. <em>(Don't apply Weakness and Resistance for Benched Pokémon.)</em>,
632914,Hippowdon,Hippowdon,https://tcgplayer-cdn.tcgplayer.com/product/632914_200w.jpg,3,24269,https://cpt.tcgcsv.com/jb57,2025-11-29T19:12:23.627,1,,0.05,0.25,3.25,0.24,0.29,Reverse Holofoil,,106/182,Uncommon,Fighting,160,Stage 1,[FF] Ram (60),Gx2,4,[FFC] Super Sandstorm (150)<br> This attack also does 40 damage to each Benched Pokémon that has any damage counters on it <em>(both yours and your opponent's)</em>. <em>(Don't apply Weakness and Resistance for Benched Pokémon.)</em>,
632915,Mudbray,Mudbray,https://tcgplayer-cdn.tcgplayer.com/product/632915_200w.jpg,3,24269,https://cpt.tcgcsv.com/kb57,2025-11-29T19:56:06.427,1,,0.01,0.1,1.49,0.04,0.07,Normal,,107/182,Common,Fighting,90,Basic,[FC] Running Charge (40x)<br> Flip a coin until you get tails. This attack does 40 damage for each heads.,Gx2,3,,
632915,Mudbray,Mudbray,https://tcgplayer-cdn.tcgplayer.com/product/632915_200w.jpg,3,24269,https://cpt.tcgcsv.com/kb57,2025-11-29T19:56:06.427,1,,0.01,0.15,10.13,0.13,0.15,Reverse Holofoil,,107/182,Common,Fighting,90,Basic,[FC] Running Charge (40x)<br> Flip a coin until you get tails. This attack does 40 damage for each heads.,Gx2,3,,
632916,Mudsdale,Mudsdale,https://tcgplayer-cdn.tcgplayer.com/product/632916_200w.jpg,3,24269,https://cpt.tcgcsv.com/lb57,2025-11-29T20:03:47.937,1,<strong>Ability: Mud Coat</strong> This Pokémon takes 30 less damage from attacks <em>(after applying Weakness and Resistance)</em>.,0.06,0.23,2.0,0.19,0.25,Reverse Holofoil,,108/182,Uncommon,Fighting,150,Stage 1,[FFC] Heavy Impact (130),Gx2,3,,
632916,Mudsdale,Mudsdale,https://tcgplayer-cdn.tcgplayer.com/product/632916_200w.jpg,3,24269,https://cpt.tcgcsv.com/lb57,2025-11-29T20:03:47.937,1,<strong>Ability: Mud Coat</strong> This Pokémon takes 30 less damage from attacks <em>(after applying Weakness and Resistance)</em>.,0.01,0.1,2.0,0.03,0.03,Normal,,108/182,Uncommon,Fighting,150,Stage 1,[FFC] Heavy Impact (130),Gx2,3,,
632917,Arven's Toedscool,Arvens Toedscool,https://tcgplayer-cdn.tcgplayer.com/product/632917_200w.jpg,3,24269,https://cpt.tcgcsv.com/mb57,2025-12-11T20:14:53.373,1,,0.01,0.15,20.0,0.09,0.08,Reverse Holofoil,,109/182,Common,Fighting,60,Basic,[C] Slight Intrusion (30)<br> This Pokémon also does 10 damage to itself.,Gx2,1,,
632917,Arven's Toedscool,Arvens Toedscool,https://tcgplayer-cdn.tcgplayer.com/product/632917_200w.jpg,3,24269,https://cpt.tcgcsv.com/mb57,2025-12-11T20:14:53.373,1,,0.01,0.1,2.0,0.02,0.03,Normal,,109/182,Common,Fighting,60,Basic,[C] Slight Intrusion (30)<br> This Pokémon also does 10 damage to itself.,Gx2,1,,
632918,Arven's Toedscruel,Arvens Toedscruel,https://tcgplayer-cdn.tcgplayer.com/product/632918_200w.jpg,3,24269,https://cpt.tcgcsv.com/nb57,2025-12-05T16:07:31.313,1,,0.01,0.1,1.49,0.02,0.03,Normal,,110/182,Uncommon,Fighting,140,Stage 1,[C] Pull<br> Switch in 1 of your opponent's Benched Pokémon to the Active Spot.,Gx2,2,[CCC] Reckless Charge (120)<br> This Pokémon also does 30 damage to itself.,
632918,Arven's Toedscruel,Arvens Toedscruel,https://tcgplayer-cdn.tcgplayer.com/product/632918_200w.jpg,3,24269,https://cpt.tcgcsv.com/nb57,2025-12-05T16:07:31.313,1,,0.08,0.22,2.0,0.19,0.2,Reverse Holofoil,,110/182,Uncommon,Fighting,140,Stage 1,[C] Pull<br> Switch in 1 of your opponent's Benched Pokémon to the Active Spot.,Gx2,2,[CCC] Reckless Charge (120)<br> This Pokémon also does 30 damage to itself.,
632919,Cornerstone Mask Ogerpon,Cornerstone Mask Ogerpon,https://tcgplayer-cdn.tcgplayer.com/product/632919_200w.jpg,3,24269,https://cpt.tcgcsv.com/pb57,2025-11-13T18:12:46.517,1,,0.01,0.1,2.25,0.05,0.05,Normal,,111/182,Uncommon,Fighting,110,Basic,"[C] Rock Kagura<br> Search your deck for a Basic Fighting Energy card and attach it to 1 of your Pokémon. Then, shuffle your deck.",Gx2,1,[FFC] Mountain Ramming (100)<br> Discard the top card of your opponent's deck.,
632919,Cornerstone Mask Ogerpon,Cornerstone Mask Ogerpon,https://tcgplayer-cdn.tcgplayer.com/product/632919_200w.jpg,3,24269,https://cpt.tcgcsv.com/pb57,2025-11-13T18:12:46.517,1,,0.07,0.25,2.94,0.19,0.19,Reverse Holofoil,,111/182,Uncommon,Fighting,110,Basic,"[C] Rock Kagura<br> Search your deck for a Basic Fighting Energy card and attach it to 1 of your Pokémon. Then, shuffle your deck.",Gx2,1,[FFC] Mountain Ramming (100)<br> Discard the top card of your opponent's deck.,
632920,Team Rocket's Ekans,Team Rockets Ekans,https://tcgplayer-cdn.tcgplayer.com/product/632920_200w.jpg,3,24269,https://cpt.tcgcsv.com/qb57,2025-11-29T23:18:50.227,1,,0.01,0.1,15.0,0.05,0.09,Normal,,112/182,Common,Darkness,70,Basic,"[C] Drag Down<br> Flip a coin. If heads, your opponent's Active Pokémon is now Paralyzed.",Fx2,1,[D] Gnaw (10),
632920,Team Rocket's Ekans,Team Rockets Ekans,https://tcgplayer-cdn.tcgplayer.com/product/632920_200w.jpg,3,24269,https://cpt.tcgcsv.com/qb57,2025-11-29T23:18:50.227,1,,0.01,0.17,20.0,0.11,0.12,Reverse Holofoil,,112/182,Common,Darkness,70,Basic,"[C] Drag Down<br> Flip a coin. If heads, your opponent's Active Pokémon is now Paralyzed.",Fx2,1,[D] Gnaw (10),
632921,Team Rocket's Arbok,Team Rockets Arbok,https://tcgplayer-cdn.tcgplayer.com/product/632921_200w.jpg,3,24269,https://cpt.tcgcsv.com/rb57,2025-11-29T21:38:06.41,1,"<strong>Ability: Potent Glare</strong> As long as this Pokémon is in the Active Spot, your opponent can't play any Pokémon that has an Ability from their hand, except for Team Rocket's Pokémon.",0.01,0.11,10.0,0.07,0.08,Normal,,113/182,Uncommon,Darkness,130,Stage 1,[DDD] Spinning Tail<br> This attack does 30 damage to each of your opponent's Pokémon. <em>(Don't apply Weakness and Resistance for Benched Pokémon.)</em>,Fx2,2,,
632921,Team Rocket's Arbok,Team Rockets Arbok,https://tcgplayer-cdn.tcgplayer.com/product/632921_200w.jpg,3,24269,https://cpt.tcgcsv.com/rb57,2025-11-29T21:38:06.41,1,"<strong>Ability: Potent Glare</strong> As long as this Pokémon is in the Active Spot, your opponent can't play any Pokémon that has an Ability from their hand, except for Team Rocket's Pokémon.",0.01,0.29,2.99,0.23,0.25,Reverse Holofoil,,113/182,Uncommon,Darkness,130,Stage 1,[DDD] Spinning Tail<br> This attack does 30 damage to each of your opponent's Pokémon. <em>(Don't apply Weakness and Resistance for Benched Pokémon.)</em>,Fx2,2,,
632922,Team Rocket's Nidoran F,Team Rockets Nidoran F,https://tcgplayer-cdn.tcgplayer.com/product/632922_200w.jpg,3,24269,https://cpt.tcgcsv.com/sb57,2025-11-29T23:06:08.58,1,,0.01,0.1,15.0,0.04,0.07,Normal,,114/182,Common,Darkness,70,Basic,"[D] Surprise Attack (30)<br> Flip a coin. If tails, this attack does nothing.",Fx2,1,,
632922,Team Rocket's Nidoran F,Team Rockets Nidoran F,https://tcgplayer-cdn.tcgplayer.com/product/632922_200w.jpg,3,24269,https://cpt.tcgcsv.com/sb57,2025-11-29T23:06:08.58,1,,0.15,0.28,1.53,0.25,0.27,Reverse Holofoil,,114/182,Common,Darkness,70,Basic,"[D] Surprise Attack (30)<br> Flip a coin. If tails, this attack does nothing.",Fx2,1,,
632923,Team Rocket's Nidorina,Team Rockets Nidorina,https://tcgplayer-cdn.tcgplayer.com/product/632923_200w.jpg,3,24269,https://cpt.tcgcsv.com/tb57,2025-11-29T23:27:56.12,1,,0.01,0.12,2.28,0.1,0.15,Normal,,115/182,Common,Darkness,90,Stage 1,"[D] Dark Awakening<br> Choose up to 2 of your Darkness Pokémon. For each of those Pokémon, search your deck for a card that evolves from that Pokémon and put it onto that Pokémon to evolve it. Then, shuffle your deck.",Fx2,2,[DD] Scratch (50),
632923,Team Rocket's Nidorina,Team Rockets Nidorina,https://tcgplayer-cdn.tcgplayer.com/product/632923_200w.jpg,3,24269,https://cpt.tcgcsv.com/tb57,2025-11-29T23:27:56.12,1,,0.01,0.29,1.49,0.26,0.25,Reverse Holofoil,,115/182,Common,Darkness,90,Stage 1,"[D] Dark Awakening<br> Choose up to 2 of your Darkness Pokémon. For each of those Pokémon, search your deck for a card that evolves from that Pokémon and put it onto that Pokémon to evolve it. Then, shuffle your deck.",Fx2,2,[DD] Scratch (50),
632924,Team Rocket's Nidoqueen,Team Rockets Nidoqueen,https://tcgplayer-cdn.tcgplayer.com/product/632924_200w.jpg,3,24269,https://cpt.tcgcsv.com/vb57,2025-11-29T21:39:18.543,1,,0.05,0.27,25.0,0.24,0.27,Reverse Holofoil,,116/182,Uncommon,Darkness,170,Stage 2,"[D] Love Impact (60+)<br> If a Pokémon that has ""Nidoking"" in its name is on your Bench, this attack does 120 more damage.",Fx2,3,[DD] Mega Kick (130),
632924,Team Rocket's Nidoqueen,Team Rockets Nidoqueen,https://tcgplayer-cdn.tcgplayer.com/product/632924_200w.jpg,3,24269,https://cpt.tcgcsv.com/vb57,2025-11-29T21:39:18.543,1,,0.01,0.12,15.0,0.09,0.08,Normal,,116/182,Uncommon,Darkness,170,Stage 2,"[D] Love Impact (60+)<br> If a Pokémon that has ""Nidoking"" in its name is on your Bench, this attack does 120 more damage.",Fx2,3,[DD] Mega Kick (130),
632925,Team Rocket's Nidoran M,Team Rockets Nidoran M,https://tcgplayer-cdn.tcgplayer.com/product/632925_200w.jpg,3,24269,https://cpt.tcgcsv.com/wb57,2025-11-29T21:40:52.01,1,,0.01,0.1,1.39,0.05,0.05,Normal,,117/182,Common,Darkness,70,Basic,[D] Pierce (10),Fx2,1,[DC] Hammer In (30),
632925,Team Rocket's Nidoran M,Team Rockets Nidoran M,https://tcgplayer-cdn.tcgplayer.com/product/632925_200w.jpg,3,24269,https://cpt.tcgcsv.com/wb57,2025-11-29T21:40:52.01,1,,0.09,0.27,2.0,0.27,0.26,Reverse Holofoil,,117/182,Common,Darkness,70,Basic,[D] Pierce (10),Fx2,1,[DC] Hammer In (30),
632926,Team Rocket's Nidorino,Team Rockets Nidorino,https://tcgplayer-cdn.tcgplayer.com/product/632926_200w.jpg,3,24269,https://cpt.tcgcsv.com/xb57,2025-11-29T21:23:28.423,1,,0.04,0.25,2.0,0.25,0.29,Reverse Holofoil,,118/182,Common,Darkness,100,Stage 1,[DC] Hammer In (30),Fx2,2,"[DDC] Horn Rend (60+)<br> If your opponent's Active Pokémon already has any damage counters on it, this attack does 60 more damage.",
632926,Team Rocket's Nidorino,Team Rockets Nidorino,https://tcgplayer-cdn.tcgplayer.com/product/632926_200w.jpg,3,24269,https://cpt.tcgcsv.com/xb57,2025-11-29T21:23:28.423,1,,0.01,0.15,2.0,0.11,0.15,Normal,,118/182,Common,Darkness,100,Stage 1,[DC] Hammer In (30),Fx2,2,"[DDC] Horn Rend (60+)<br> If your opponent's Active Pokémon already has any damage counters on it, this attack does 60 more damage.",
632927,Team Rocket's Nidoking ex - 119/182,Team Rockets Nidoking ex 119 182,https://tcgplayer-cdn.tcgplayer.com/product/632927_200w.jpg,3,24269,https://cpt.tcgcsv.com/zb57,2025-07-14T12:10:11.187,1,,0.11,0.75,10.57,0.56,0.58,Holofoil,,119/182,Double Rare,Darkness,330,Stage 2,"[DDC] Tainted Horn (100)<br> Your opponent's Active Pokémon is now Poisoned. During Pokémon Checkup, put 8 damage counters on that Pokémon instead of 1.",Fx2,3,[DDDC] Kingly Impact (240),
632928,Team Rocket's Zubat,Team Rockets Zubat,https://tcgplayer-cdn.tcgplayer.com/product/632928_200w.jpg,3,24269,https://cpt.tcgcsv.com/Bb57,2025-10-22T20:26:05.69,1,,0.01,0.16,20.0,0.1,0.1,Reverse Holofoil,,120/182,Common,Darkness,50,Basic,[D] Poison Spray<br> Your opponent's Active Pokémon is now Poisoned.,Lx2,1,,F-30
632928,Team Rocket's Zubat,Team Rockets Zubat,https://tcgplayer-cdn.tcgplayer.com/product/632928_200w.jpg,3,24269,https://cpt.tcgcsv.com/Bb57,2025-10-22T20:26:05.69,1,,0.01,0.1,1.49,0.07,0.05,Normal,,120/182,Common,Darkness,50,Basic,[D] Poison Spray<br> Your opponent's Active Pokémon is now Poisoned.,Lx2,1,,F-30
632929,Team Rocket's Golbat,Team Rockets Golbat,https://tcgplayer-cdn.tcgplayer.com/product/632929_200w.jpg,3,24269,https://cpt.tcgcsv.com/Cb57,2025-11-29T23:28:42.39,1,"<strong>Ability: Sneaky Bite</strong> When you play this Pokémon from your hand to evolve 1 of your Pokémon during your turn, you may put 2 damage counters on 1 of your opponent's Pokémon.",0.01,0.12,1.49,0.07,0.08,Normal,,121/182,Uncommon,Darkness,80,Stage 1,[D] Confuse Ray (30)<br> Your opponent's Active Pokémon is now Confused.,Lx2,1,,F-30
632929,Team Rocket's Golbat,Team Rockets Golbat,https://tcgplayer-cdn.tcgplayer.com/product/632929_200w.jpg,3,24269,https://cpt.tcgcsv.com/Cb57,2025-11-29T23:28:42.39,1,"<strong>Ability: Sneaky Bite</strong> When you play this Pokémon from your hand to evolve 1 of your Pokémon during your turn, you may put 2 damage counters on 1 of your opponent's Pokémon.",0.04,0.39,60.0,0.31,0.3,Reverse Holofoil,,121/182,Uncommon,Darkness,80,Stage 1,[D] Confuse Ray (30)<br> Your opponent's Active Pokémon is now Confused.,Lx2,1,,F-30
632930,Team Rocket's Crobat ex - 122/182,Team Rockets Crobat ex 122 182,https://tcgplayer-cdn.tcgplayer.com/product/632930_200w.jpg,3,24269,https://cpt.tcgcsv.com/Db57,2025-07-14T12:10:07.91,1,"<strong>Ability: Biting Spree</strong> When you play this Pokémon from your hand to evolve 1 of your Pokémon during your turn, you may choose 2 of your opponent's Pokémon and put 2 damage counters on each of them.",0.12,0.67,25.0,0.44,0.53,Holofoil,,122/182,Double Rare,Darkness,310,Stage 2,[DD] Assassin's Return (120)<br> You may put this Pokémon into your hand. <em>(Discard all cards attached to this Pokémon.)</em>,Lx2,1,,F-30
632931,Team Rocket's Grimer,Team Rockets Grimer,https://tcgplayer-cdn.tcgplayer.com/product/632931_200w.jpg,3,24269,https://cpt.tcgcsv.com/Fb57,2025-11-29T21:40:15.14,1,,0.01,0.15,24.0,0.12,0.12,Reverse Holofoil,,123/182,Common,Darkness,80,Basic,"[DC] Corrosive Sludge<br> At the end of your opponent's next turn, discard the Defending Pokémon and all attached cards.",Fx2,3,,
632931,Team Rocket's Grimer,Team Rockets Grimer,https://tcgplayer-cdn.tcgplayer.com/product/632931_200w.jpg,3,24269,https://cpt.tcgcsv.com/Fb57,2025-11-29T21:40:15.14,1,,0.01,0.1,2.28,0.05,0.07,Normal,,123/182,Common,Darkness,80,Basic,"[DC] Corrosive Sludge<br> At the end of your opponent's next turn, discard the Defending Pokémon and all attached cards.",Fx2,3,,
632932,Team Rocket's Muk,Team Rockets Muk,https://tcgplayer-cdn.tcgplayer.com/product/632932_200w.jpg,3,24269,https://cpt.tcgcsv.com/Gb57,2025-11-29T22:42:54.423,1,,0.05,0.25,2.47,0.21,0.25,Reverse Holofoil,,124/182,Uncommon,Darkness,150,Stage 1,"[DC] Gooped Up (40)<br> Your opponent's Active Pokémon is now Confused. During your opponent's next turn, that Pokémon can't retreat.",Fx2,4,[DDC] Hazardous Venom (100x)<br> This attack does 100 damage for each Special Condition affecting your opponent's Active Pokémon.,
632932,Team Rocket's Muk,Team Rockets Muk,https://tcgplayer-cdn.tcgplayer.com/product/632932_200w.jpg,3,24269,https://cpt.tcgcsv.com/Gb57,2025-11-29T22:42:54.423,1,,0.01,0.1,2.0,0.06,0.08,Normal,,124/182,Uncommon,Darkness,150,Stage 1,"[DC] Gooped Up (40)<br> Your opponent's Active Pokémon is now Confused. During your opponent's next turn, that Pokémon can't retreat.",Fx2,4,[DDC] Hazardous Venom (100x)<br> This attack does 100 damage for each Special Condition affecting your opponent's Active Pokémon.,
632933,Team Rocket's Koffing,Team Rockets Koffing,https://tcgplayer-cdn.tcgplayer.com/product/632933_200w.jpg,3,24269,https://cpt.tcgcsv.com/Hb57,2025-11-29T21:37:25.247,1,"<strong>Ability: Smog Signals</strong> If this Pokémon is in the Active Spot and is damaged by an attack from your opponent's Pokémon <em>(even if this Pokémon is Knocked Out)</em>, search your deck for up to 2 Pokémon that have ""Koffing"" in their name and put them onto your Bench. Then, shuffle your deck.",0.01,0.15,1.34,0.08,0.09,Reverse Holofoil,,125/182,Common,Darkness,70,Basic,[DC] Leaking Gas (30),Fx2,1,,
632933,Team Rocket's Koffing,Team Rockets Koffing,https://tcgplayer-cdn.tcgplayer.com/product/632933_200w.jpg,3,24269,https://cpt.tcgcsv.com/Hb57,2025-11-29T21:37:25.247,1,"<strong>Ability: Smog Signals</strong> If this Pokémon is in the Active Spot and is damaged by an attack from your opponent's Pokémon <em>(even if this Pokémon is Knocked Out)</em>, search your deck for up to 2 Pokémon that have ""Koffing"" in their name and put them onto your Bench. Then, shuffle your deck.",0.01,0.1,20.0,0.05,0.07,Normal,,125/182,Common,Darkness,70,Basic,[DC] Leaking Gas (30),Fx2,1,,
632934,Team Rocket's Weezing - 126/182,Team Rockets Weezing 126 182,https://tcgplayer-cdn.tcgplayer.com/product/632934_200w.jpg,3,24269,https://cpt.tcgcsv.com/Jb57,2025-11-29T23:02:16.913,1,,0.01,0.1,20.0,0.05,0.05,Normal,,126/182,Uncommon,Darkness,130,Stage 1,"[DC] Explode Together Now (40x)<br> This attack does 40 damage for each Pokémon in play that has ""Koffing"" or ""Weezing"" in its name <em>(both yours and your opponent's)</em>.",Fx2,2,,
632934,Team Rocket's Weezing - 126/182,Team Rockets Weezing 126 182,https://tcgplayer-cdn.tcgplayer.com/product/632934_200w.jpg,3,24269,https://cpt.tcgcsv.com/Jb57,2025-11-29T23:02:16.913,1,,0.04,0.27,20.0,0.21,0.2,Reverse Holofoil,,126/182,Uncommon,Darkness,130,Stage 1,"[DC] Explode Together Now (40x)<br> This attack does 40 damage for each Pokémon in play that has ""Koffing"" or ""Weezing"" in its name <em>(both yours and your opponent's)</em>.",Fx2,2,,
632935,Team Rocket's Murkrow - 127/182,Team Rockets Murkrow 127 182,https://tcgplayer-cdn.tcgplayer.com/product/632935_200w.jpg,3,24269,https://cpt.tcgcsv.com/Kb57,2025-11-29T22:43:38.573,1,,0.01,0.26,20.0,0.23,0.23,Reverse Holofoil,,127/182,Uncommon,Darkness,80,Basic,"[C] Deceit<br> Search your deck for a Supporter card, reveal it, and put it into your hand. Then, shuffle your deck.",Lx2,1,"[DC] Torment (30)<br> Choose 1 of your opponent's Active Pokémon's attacks. During your opponent's next turn, that Pokémon can't use that attack.",F-30
632935,Team Rocket's Murkrow - 127/182,Team Rockets Murkrow 127 182,https://tcgplayer-cdn.tcgplayer.com/product/632935_200w.jpg,3,24269,https://cpt.tcgcsv.com/Kb57,2025-11-29T22:43:38.573,1,,0.01,0.1,20.0,0.08,0.07,Normal,,127/182,Uncommon,Darkness,80,Basic,"[C] Deceit<br> Search your deck for a Supporter card, reveal it, and put it into your hand. Then, shuffle your deck.",Lx2,1,"[DC] Torment (30)<br> Choose 1 of your opponent's Active Pokémon's attacks. During your opponent's next turn, that Pokémon can't use that attack.",F-30
632936,Team Rocket's Sneasel,Team Rockets Sneasel,https://tcgplayer-cdn.tcgplayer.com/product/632936_200w.jpg,3,24269,https://cpt.tcgcsv.com/Lb57,2026-01-02T20:30:57.063,1,,0.01,0.25,1.99,0.2,0.16,Reverse Holofoil,,128/182,Rare,Darkness,80,Basic,[D] Scratch (20),Gx2,1,[DD] Strike the Sleeper<br> This attack does 20 damage to 1 of your opponent's Benched Pokémon for each damage counter on that Pokémon. <em>(Don't apply Weakness and Resistance for Benched Pokémon.)</em>,
632936,Team Rocket's Sneasel,Team Rockets Sneasel,https://tcgplayer-cdn.tcgplayer.com/product/632936_200w.jpg,3,24269,https://cpt.tcgcsv.com/Lb57,2026-01-02T20:30:57.063,1,,0.01,0.15,2.28,0.1,0.1,Holofoil,,128/182,Rare,Darkness,80,Basic,[D] Scratch (20),Gx2,1,[DD] Strike the Sleeper<br> This attack does 20 damage to 1 of your opponent's Benched Pokémon for each damage counter on that Pokémon. <em>(Don't apply Weakness and Resistance for Benched Pokémon.)</em>,
632937,Cynthia's Spiritomb,Cynthias Spiritomb,https://tcgplayer-cdn.tcgplayer.com/product/632937_200w.jpg,3,24269,https://cpt.tcgcsv.com/Mb57,2025-11-29T04:53:08.42,1,,0.01,0.12,1.53,0.08,0.05,Normal,,129/182,Uncommon,Darkness,70,Basic,[C] Raging Curse (10x)<br> This attack does 10 damage for each damage counter on all of your Benched Cynthia's Pokémon. This attack's damage isn't affected by Weakness.,Gx2,1,,
632937,Cynthia's Spiritomb,Cynthias Spiritomb,https://tcgplayer-cdn.tcgplayer.com/product/632937_200w.jpg,3,24269,https://cpt.tcgcsv.com/Mb57,2025-11-29T04:53:08.42,1,,0.13,0.35,2.99,0.29,0.25,Reverse Holofoil,,129/182,Uncommon,Darkness,70,Basic,[C] Raging Curse (10x)<br> This attack does 10 damage for each damage counter on all of your Benched Cynthia's Pokémon. This attack's damage isn't affected by Weakness.,Gx2,1,,
632938,Marnie's Purrloin,Marnies Purrloin,https://tcgplayer-cdn.tcgplayer.com/product/632938_200w.jpg,3,24269,https://cpt.tcgcsv.com/Nb57,2025-11-29T19:53:47.597,1,,0.01,0.1,1.49,0.06,0.08,Normal,,130/182,Common,Darkness,60,Basic,"[D] Pointy Nails (20+)<br> If your opponent's Active Pokémon is a Pokémon ex, this attack does 40 more damage.",Gx2,1,,
632938,Marnie's Purrloin,Marnies Purrloin,https://tcgplayer-cdn.tcgplayer.com/product/632938_200w.jpg,3,24269,https://cpt.tcgcsv.com/Nb57,2025-11-29T19:53:47.597,1,,0.08,0.25,2.0,0.23,0.2,Reverse Holofoil,,130/182,Common,Darkness,60,Basic,"[D] Pointy Nails (20+)<br> If your opponent's Active Pokémon is a Pokémon ex, this attack does 40 more damage.",Gx2,1,,
632939,Marnie's Liepard,Marnies Liepard,https://tcgplayer-cdn.tcgplayer.com/product/632939_200w.jpg,3,24269,https://cpt.tcgcsv.com/Pb57,2025-11-29T19:55:13.377,1,,0.01,0.1,10.0,0.03,0.03,Normal,,131/182,Uncommon,Darkness,100,Stage 1,"[DD] Pointy Claws (70+)<br> If your opponent's Active Pokémon is a Pokémon ex, this attack does 70 more damage.",Gx2,1,,
632939,Marnie's Liepard,Marnies Liepard,https://tcgplayer-cdn.tcgplayer.com/product/632939_200w.jpg,3,24269,https://cpt.tcgcsv.com/Pb57,2025-11-29T19:55:13.377,1,,0.01,0.25,10.2,0.19,0.25,Reverse Holofoil,,131/182,Uncommon,Darkness,100,Stage 1,"[DD] Pointy Claws (70+)<br> If your opponent's Active Pokémon is a Pokémon ex, this attack does 70 more damage.",Gx2,1,,
632940,Marnie's Scraggy,Marnies Scraggy,https://tcgplayer-cdn.tcgplayer.com/product/632940_200w.jpg,3,24269,https://cpt.tcgcsv.com/Qb57,2025-11-29T19:43:50.137,1,,0.05,0.25,2.47,0.2,0.23,Reverse Holofoil,,132/182,Common,Darkness,70,Basic,[DDC] Crunch (50)<br> Discard an Energy from your opponent's Active Pokémon.,Gx2,1,,
632940,Marnie's Scraggy,Marnies Scraggy,https://tcgplayer-cdn.tcgplayer.com/product/632940_200w.jpg,3,24269,https://cpt.tcgcsv.com/Qb57,2025-11-29T19:43:50.137,1,,0.01,0.1,10.0,0.05,0.07,Normal,,132/182,Common,Darkness,70,Basic,[DDC] Crunch (50)<br> Discard an Energy from your opponent's Active Pokémon.,Gx2,1,,
632941,Marnie's Scrafty,Marnies Scrafty,https://tcgplayer-cdn.tcgplayer.com/product/632941_200w.jpg,3,24269,https://cpt.tcgcsv.com/Rb57,2025-11-29T19:44:52.733,1,,0.01,0.25,1.49,0.21,0.25,Reverse Holofoil,,133/182,Uncommon,Darkness,120,Stage 1,[D] Rear Kick (40),Gx2,2,[DDC] Wild Tackle (160)<br> This Pokémon also does 30 damage to itself.,
632941,Marnie's Scrafty,Marnies Scrafty,https://tcgplayer-cdn.tcgplayer.com/product/632941_200w.jpg,3,24269,https://cpt.tcgcsv.com/Rb57,2025-11-29T19:44:52.733,1,,0.01,0.1,10.0,0.03,0.03,Normal,,133/182,Uncommon,Darkness,120,Stage 1,[D] Rear Kick (40),Gx2,2,[DDC] Wild Tackle (160)<br> This Pokémon also does 30 damage to itself.,
632942,Marnie's Impidimp,Marnies Impidimp,https://tcgplayer-cdn.tcgplayer.com/product/632942_200w.jpg,3,24269,https://cpt.tcgcsv.com/Sb57,2025-11-13T18:12:44.697,1,,0.1,0.33,4.95,0.28,0.38,Reverse Holofoil,,134/182,Common,Darkness,70,Basic,[C] Filch<br> Draw a card.,Gx2,1,[D] Corkscrew Punch (10),
632942,Marnie's Impidimp,Marnies Impidimp,https://tcgplayer-cdn.tcgplayer.com/product/632942_200w.jpg,3,24269,https://cpt.tcgcsv.com/Sb57,2025-11-13T18:12:44.697,1,,0.01,0.14,10.0,0.13,,Normal,,134/182,Common,Darkness,70,Basic,[C] Filch<br> Draw a card.,Gx2,1,[D] Corkscrew Punch (10),
632943,Marnie's Morgrem,Marnies Morgrem,https://tcgplayer-cdn.tcgplayer.com/product/632943_200w.jpg,3,24269,https://cpt.tcgcsv.com/Tb57,2025-11-29T19:49:30.323,1,,0.01,0.15,10.0,0.11,0.1,Normal,,135/182,Uncommon,Darkness,70,Stage 1,[DD] Corkscrew Punch (60),Gx2,1,,
632943,Marnie's Morgrem,Marnies Morgrem,https://tcgplayer-cdn.tcgplayer.com/product/632943_200w.jpg,3,24269,https://cpt.tcgcsv.com/Tb57,2025-11-29T19:49:30.323,1,,0.15,0.7,5.79,0.62,,Reverse Holofoil,,135/182,Uncommon,Darkness,70,Stage 1,[DD] Corkscrew Punch (60),Gx2,1,,
632944,Marnie's Morpeko,Marnies Morpeko,https://tcgplayer-cdn.tcgplayer.com/product/632944_200w.jpg,3,24269,https://cpt.tcgcsv.com/Vb57,2025-11-29T19:52:22.587,1,,0.01,0.12,1.39,0.06,0.06,Normal,,137/182,Common,Darkness,70,Basic,[CCC] Spiky Wheel (20+)<br> This attack does 40 more damage for each Darkness Energy attached to this Pokémon.,Gx2,0,,
632944,Marnie's Morpeko,Marnies Morpeko,https://tcgplayer-cdn.tcgplayer.com/product/632944_200w.jpg,3,24269,https://cpt.tcgcsv.com/Vb57,2025-11-29T19:52:22.587,1,,0.08,0.26,1.95,0.21,0.25,Reverse Holofoil,,137/182,Common,Darkness,70,Basic,[CCC] Spiky Wheel (20+)<br> This attack does 40 more damage for each Darkness Energy attached to this Pokémon.,Gx2,0,,
632945,Arven's Maschiff,Arvens Maschiff,https://tcgplayer-cdn.tcgplayer.com/product/632945_200w.jpg,3,24269,https://cpt.tcgcsv.com/Wb57,2025-11-29T03:27:14.183,1,,0.01,0.16,2.37,0.16,0.13,Reverse Holofoil,,138/182,Common,Darkness,70,Basic,[C] Stampede (10),Gx2,2,[CCC] Confront (50),
632945,Arven's Maschiff,Arvens Maschiff,https://tcgplayer-cdn.tcgplayer.com/product/632945_200w.jpg,3,24269,https://cpt.tcgcsv.com/Wb57,2025-11-29T03:27:14.183,1,,0.01,0.1,2.28,0.02,0.04,Normal,,138/182,Common,Darkness,70,Basic,[C] Stampede (10),Gx2,2,[CCC] Confront (50),
632946,Arven's Mabosstiff ex - 139/182,Arvens Mabosstiff ex 139 182,https://tcgplayer-cdn.tcgplayer.com/product/632946_200w.jpg,3,24269,https://cpt.tcgcsv.com/Xb57,2025-11-13T18:12:42.513,1,,0.06,0.6,200.0,0.38,0.44,Holofoil,,139/182,Double Rare,Darkness,270,Stage 1,"[C] Vigorous Tackle (30+)<br> If this Pokémon has no damage counters on it, this attack does 120 more damage.",Gx2,3,"[CCC] Boss Headbutt (210)<br> During your next turn, this Pokémon can't use Boss Headbutt.",
632947,Forretress,Forretress,https://tcgplayer-cdn.tcgplayer.com/product/632947_200w.jpg,3,24269,https://cpt.tcgcsv.com/Zb57,2025-11-29T19:05:48.307,1,,0.01,0.1,2.0,0.04,0.03,Normal,,140/182,Uncommon,Metal,130,Stage 1,[C] Iron Shake-Up (20)<br> You may move any amount of Metal Energy from your Pokémon to your other Pokémon in any way you like.,Rx2,2,[MCCC] Hurricane of Needles (80x)<br> Flip 4 coins. This attack does 80 damage for each heads.,G-30
632947,Forretress,Forretress,https://tcgplayer-cdn.tcgplayer.com/product/632947_200w.jpg,3,24269,https://cpt.tcgcsv.com/Zb57,2025-11-29T19:05:48.307,1,,0.06,0.25,2.99,0.19,0.19,Reverse Holofoil,,140/182,Uncommon,Metal,130,Stage 1,[C] Iron Shake-Up (20)<br> You may move any amount of Metal Energy from your Pokémon to your other Pokémon in any way you like.,Rx2,2,[MCCC] Hurricane of Needles (80x)<br> Flip 4 coins. This attack does 80 damage for each heads.,G-30
632948,Skarmory,Skarmory,https://tcgplayer-cdn.tcgplayer.com/product/632948_200w.jpg,3,24269,https://cpt.tcgcsv.com/-b57,2025-11-29T21:03:09.057,1,,0.01,0.1,3.0,0.05,0.08,Normal,,141/182,Common,Metal,110,Basic,"[C] Roost<br> Heal 50 damage from this Pokémon. During your next turn, this Pokémon can't retreat.",Lx2,1,[MC] Metal Claw (60),F-30
632948,Skarmory,Skarmory,https://tcgplayer-cdn.tcgplayer.com/product/632948_200w.jpg,3,24269,https://cpt.tcgcsv.com/-b57,2025-11-29T21:03:09.057,1,,0.01,0.15,10.09,0.09,0.09,Reverse Holofoil,,141/182,Common,Metal,110,Basic,"[C] Roost<br> Heal 50 damage from this Pokémon. During your next turn, this Pokémon can't retreat.",Lx2,1,[MC] Metal Claw (60),F-30
632949,Steven's Skarmory,Stevens Skarmory,https://tcgplayer-cdn.tcgplayer.com/product/632949_200w.jpg,3,24269,https://cpt.tcgcsv.com/_b57,2025-11-29T20:58:11.427,1,,0.01,0.1,1.49,0.04,0.08,Normal,,142/182,Common,Metal,120,Basic,[CC] Razor Wing (30),Lx2,1,[MMC] Sonic Double<br> This attack does 50 damage to 2 of your opponent's Pokémon. <em>(Don't apply Weakness and Resistance for Benched Pokémon.)</em>,F-30
632949,Steven's Skarmory,Stevens Skarmory,https://tcgplayer-cdn.tcgplayer.com/product/632949_200w.jpg,3,24269,https://cpt.tcgcsv.com/_b57,2025-11-29T20:58:11.427,1,,0.01,0.15,2.28,0.11,0.11,Reverse Holofoil,,142/182,Common,Metal,120,Basic,[CC] Razor Wing (30),Lx2,1,[MMC] Sonic Double<br> This attack does 50 damage to 2 of your opponent's Pokémon. <em>(Don't apply Weakness and Resistance for Benched Pokémon.)</em>,F-30
632950,Steven's Beldum,Stevens Beldum,https://tcgplayer-cdn.tcgplayer.com/product/632950_200w.jpg,3,24269,https://cpt.tcgcsv.com/0c57,2025-11-29T20:58:39.61,1,,0.01,0.15,2.28,0.13,0.1,Reverse Holofoil,,143/182,Common,Metal,70,Basic,[MC] Ram (10),Rx2,1,,G-30
632950,Steven's Beldum,Stevens Beldum,https://tcgplayer-cdn.tcgplayer.com/product/632950_200w.jpg,3,24269,https://cpt.tcgcsv.com/0c57,2025-11-29T20:58:39.61,1,,0.01,0.1,2.0,0.03,0.03,Normal,,143/182,Common,Metal,70,Basic,[MC] Ram (10),Rx2,1,,G-30
632951,Steven's Metang,Stevens Metang,https://tcgplayer-cdn.tcgplayer.com/product/632951_200w.jpg,3,24269,https://cpt.tcgcsv.com/2c57,2025-12-15T12:34:44.687,1,,0.05,0.25,2.95,0.22,0.2,Reverse Holofoil,,144/182,Uncommon,Metal,100,Stage 1,"[MC] Metal Slash (70)<br> During your next turn, this Pokémon can't attack.",Rx2,2,,G-30
632951,Steven's Metang,Stevens Metang,https://tcgplayer-cdn.tcgplayer.com/product/632951_200w.jpg,3,24269,https://cpt.tcgcsv.com/2c57,2025-12-15T12:34:44.687,1,,0.01,0.1,2.28,0.05,0.08,Normal,,144/182,Uncommon,Metal,100,Stage 1,"[MC] Metal Slash (70)<br> During your next turn, this Pokémon can't attack.",Rx2,2,,G-30
632952,Zamazenta - 146/182,Zamazenta 146 182,https://tcgplayer-cdn.tcgplayer.com/product/632952_200w.jpg,3,24269,https://cpt.tcgcsv.com/3c57,2025-12-11T20:11:38.253,1,,0.01,0.14,2.28,0.11,0.1,Holofoil,,146/182,Rare,Metal,130,Basic,"[MMC] Strong Bash (70)<br> During your opponent's next turn, if this Pokémon is damaged by an attack <em>(even if this Pokémon is Knocked Out)</em>, put damage counters on the Attacking Pokémon equal to the damage done to this Pokémon.",Rx2,2,,G-30
632952,Zamazenta - 146/182,Zamazenta 146 182,https://tcgplayer-cdn.tcgplayer.com/product/632952_200w.jpg,3,24269,https://cpt.tcgcsv.com/3c57,2025-12-11T20:11:38.253,1,,0.01,0.25,2.0,0.23,0.22,Reverse Holofoil,,146/182,Rare,Metal,130,Basic,"[MMC] Strong Bash (70)<br> During your opponent's next turn, if this Pokémon is damaged by an attack <em>(even if this Pokémon is Knocked Out)</em>, put damage counters on the Attacking Pokémon equal to the damage done to this Pokémon.",Rx2,2,,G-30
632953,Team Rocket's Rattata,Team Rockets Rattata,https://tcgplayer-cdn.tcgplayer.com/product/632953_200w.jpg,3,24269,https://cpt.tcgcsv.com/5c57,2025-11-29T23:44:59.74,1,,0.01,0.1,2.0,0.04,0.04,Normal,,147/182,Common,Colorless,50,Basic,[C] Dangerous Incisors (10)<br> Your opponent's Active Pokémon is now Poisoned.,Fx2,1,,
632953,Team Rocket's Rattata,Team Rockets Rattata,https://tcgplayer-cdn.tcgplayer.com/product/632953_200w.jpg,3,24269,https://cpt.tcgcsv.com/5c57,2025-11-29T23:44:59.74,1,,0.01,0.15,2.37,0.1,0.1,Reverse Holofoil,,147/182,Common,Colorless,50,Basic,[C] Dangerous Incisors (10)<br> Your opponent's Active Pokémon is now Poisoned.,Fx2,1,,
632954,Team Rocket's Raticate - 148/182,Team Rockets Raticate 148 182,https://tcgplayer-cdn.tcgplayer.com/product/632954_200w.jpg,3,24269,https://cpt.tcgcsv.com/6c57,2025-11-29T23:45:44.59,1,,0.01,0.1,15.0,0.06,0.08,Normal,,148/182,Common,Colorless,90,Stage 1,"[C] Reckless Abandon (90)<br> Flip 2 coins. If both of them are tails, this Pokémon also does 90 damage to itself.",Fx2,1,,
632954,Team Rocket's Raticate - 148/182,Team Rockets Raticate 148 182,https://tcgplayer-cdn.tcgplayer.com/product/632954_200w.jpg,3,24269,https://cpt.tcgcsv.com/6c57,2025-11-29T23:45:44.59,1,,0.01,0.15,10.0,0.14,0.13,Reverse Holofoil,,148/182,Common,Colorless,90,Stage 1,"[C] Reckless Abandon (90)<br> Flip 2 coins. If both of them are tails, this Pokémon also does 90 damage to itself.",Fx2,1,,
632955,Team Rocket's Persian ex - 150/182,Team Rockets Persian ex 150 182,https://tcgplayer-cdn.tcgplayer.com/product/632955_200w.jpg,3,24269,https://cpt.tcgcsv.com/7c57,2025-11-29T00:05:09.703,1,,0.1,0.74,200.0,0.58,0.58,Holofoil,,150/182,Double Rare,Colorless,260,Stage 1,[CC] Haughty Order<br> Reveal the top 10 cards of your opponent's deck. You may choose an attack from a Pokémon you find there and use it as this attack. Shuffle the revealed cards into your opponent's deck.,Fx2,2,[CCC] Cruel Slash (140)<br> Your opponent's Active Pokémon is now Confused.,
632956,Kangaskhan - 151/182,Kangaskhan 151 182,https://tcgplayer-cdn.tcgplayer.com/product/632956_200w.jpg,3,24269,https://cpt.tcgcsv.com/8c57,2025-11-29T19:16:04.497,1,,0.01,0.1,20.0,0.05,0.08,Normal,,151/182,Common,Colorless,120,Basic,[CC] Gentle Slap (50),Fx2,2,[CCC] Dizzy Punch (90x)<br> Flip 2 coins. This attack does 90 damage for each heads.,
632956,Kangaskhan - 151/182,Kangaskhan 151 182,https://tcgplayer-cdn.tcgplayer.com/product/632956_200w.jpg,3,24269,https://cpt.tcgcsv.com/8c57,2025-11-29T19:16:04.497,1,,0.01,0.15,20.0,0.1,0.1,Reverse Holofoil,,151/182,Common,Colorless,120,Basic,[CC] Gentle Slap (50),Fx2,2,[CCC] Dizzy Punch (90x)<br> Flip 2 coins. This attack does 90 damage for each heads.,
632957,Tauros,Tauros,https://tcgplayer-cdn.tcgplayer.com/product/632957_200w.jpg,3,24269,https://cpt.tcgcsv.com/9c57,2025-11-30T00:00:37.987,1,,0.01,0.1,1.49,0.04,0.04,Normal,,152/182,Common,Colorless,130,Basic,[C] Horn Attack (30),Fx2,2,"[CC] Clean Hit (50+)<br> If your opponent's Active Pokémon is an Evolution Pokémon, this attack does 50 more damage.",
632957,Tauros,Tauros,https://tcgplayer-cdn.tcgplayer.com/product/632957_200w.jpg,3,24269,https://cpt.tcgcsv.com/9c57,2025-11-30T00:00:37.987,1,,0.01,0.15,2.37,0.08,0.08,Reverse Holofoil,,152/182,Common,Colorless,130,Basic,[C] Horn Attack (30),Fx2,2,"[CC] Clean Hit (50+)<br> If your opponent's Active Pokémon is an Evolution Pokémon, this attack does 50 more damage.",
632958,Taillow,Taillow,https://tcgplayer-cdn.tcgplayer.com/product/632958_200w.jpg,3,24269,https://cpt.tcgcsv.com/bc57,2025-11-30T00:01:02.653,1,,0.01,0.1,2.28,0.05,0.07,Normal,,156/182,Common,Colorless,60,Basic,[C] Wing Attack (20),Lx2,1,,F-30
632958,Taillow,Taillow,https://tcgplayer-cdn.tcgplayer.com/product/632958_200w.jpg,3,24269,https://cpt.tcgcsv.com/bc57,2025-11-30T00:01:02.653,1,,0.01,0.16,2.37,0.14,0.14,Reverse Holofoil,,156/182,Common,Colorless,60,Basic,[C] Wing Attack (20),Lx2,1,,F-30
632959,Swellow,Swellow,https://tcgplayer-cdn.tcgplayer.com/product/632959_200w.jpg,3,24269,https://cpt.tcgcsv.com/cc57,2025-11-29T21:00:49.167,1,,0.01,0.15,2.28,0.1,0.1,Reverse Holofoil,,157/182,Common,Colorless,100,Stage 1,[C] Add On<br> Draw 3 cards.,Lx2,0,[CC] Speed Wing (70),F-30
632959,Swellow,Swellow,https://tcgplayer-cdn.tcgplayer.com/product/632959_200w.jpg,3,24269,https://cpt.tcgcsv.com/cc57,2025-11-29T21:00:49.167,1,,0.01,0.1,2.0,0.05,0.07,Normal,,157/182,Common,Colorless,100,Stage 1,[C] Add On<br> Draw 3 cards.,Lx2,0,[CC] Speed Wing (70),F-30
632960,Arven's Skwovet,Arvens Skwovet,https://tcgplayer-cdn.tcgplayer.com/product/632960_200w.jpg,3,24269,https://cpt.tcgcsv.com/dc57,2025-11-29T03:52:10.79,1,,0.01,0.15,5.25,0.08,0.07,Reverse Holofoil,,158/182,Common,Colorless,60,Basic,"[C] Gnaw Through (10)<br> Before doing damage, discard all Pokémon Tools from your opponent's Active Pokémon.",Fx2,1,,
632960,Arven's Skwovet,Arvens Skwovet,https://tcgplayer-cdn.tcgplayer.com/product/632960_200w.jpg,3,24269,https://cpt.tcgcsv.com/dc57,2025-11-29T03:52:10.79,1,,0.01,0.1,2.0,0.03,0.03,Normal,,158/182,Common,Colorless,60,Basic,"[C] Gnaw Through (10)<br> Before doing damage, discard all Pokémon Tools from your opponent's Active Pokémon.",Fx2,1,,
632961,Arven's Greedent - 159/182,Arvens Greedent 159 182,https://tcgplayer-cdn.tcgplayer.com/product/632961_200w.jpg,3,24269,https://cpt.tcgcsv.com/fc57,2026-01-02T15:19:57.393,1,"<strong>Ability: Greedy Order</strong> When you play this Pokémon from your hand to evolve 1 of your Pokémon during your turn, you may put up to 2 161 cards from your discard pile into your hand.",0.07,0.25,2.37,0.2,,Reverse Holofoil,,159/182,Rare,Colorless,120,Stage 1,[CC] Rolling Tackle (50),Fx2,2,,
632961,Arven's Greedent - 159/182,Arvens Greedent 159 182,https://tcgplayer-cdn.tcgplayer.com/product/632961_200w.jpg,3,24269,https://cpt.tcgcsv.com/fc57,2026-01-02T15:19:57.393,1,"<strong>Ability: Greedy Order</strong> When you play this Pokémon from your hand to evolve 1 of your Pokémon during your turn, you may put up to 2 161 cards from your discard pile into your hand.",0.01,0.12,40.0,0.08,0.05,Holofoil,,159/182,Rare,Colorless,120,Stage 1,[CC] Rolling Tackle (50),Fx2,2,,
632962,Squawkabilly,Squawkabilly,https://tcgplayer-cdn.tcgplayer.com/product/632962_200w.jpg,3,24269,https://cpt.tcgcsv.com/gc57,2025-11-29T21:02:22.96,1,,0.01,0.1,1.49,0.05,0.06,Normal,,160/182,Common,Colorless,70,Basic,[C] Push Down (20)<br> You may switch out your opponent's Active Pokémon to the Bench. <em>(Your opponent chooses the new Active Pokémon.)</em>,Lx2,1,,F-30
632962,Squawkabilly,Squawkabilly,https://tcgplayer-cdn.tcgplayer.com/product/632962_200w.jpg,3,24269,https://cpt.tcgcsv.com/gc57,2025-11-29T21:02:22.96,1,,0.01,0.15,2.28,0.09,0.09,Reverse Holofoil,,160/182,Common,Colorless,70,Basic,[C] Push Down (20)<br> You may switch out your opponent's Active Pokémon to the Bench. <em>(Your opponent chooses the new Active Pokémon.)</em>,Lx2,1,,F-30
632963,Arven's Sandwich,Arvens Sandwich,https://tcgplayer-cdn.tcgplayer.com/product/632963_200w.jpg,3,24269,https://cpt.tcgcsv.com/hc57,2025-11-29T03:21:41.52,1,"Heal 30 damage from your Active Pokémon. If that Pokémon is an Arven's Pokémon, heal 100 damage from it instead.",0.01,0.15,2.47,0.1,0.08,Reverse Holofoil,,161/182,Uncommon,Trainer - Item,,,,,,,
632963,Arven's Sandwich,Arvens Sandwich,https://tcgplayer-cdn.tcgplayer.com/product/632963_200w.jpg,3,24269,https://cpt.tcgcsv.com/hc57,2025-11-29T03:21:41.52,1,"Heal 30 damage from your Active Pokémon. If that Pokémon is an Arven's Pokémon, heal 100 damage from it instead.",0.01,0.1,2.47,0.06,0.03,Normal,,161/182,Uncommon,Trainer - Item,,,,,,,
632964,Cynthia's Power Weight,Cynthias Power Weight,https://tcgplayer-cdn.tcgplayer.com/product/632964_200w.jpg,3,24269,https://cpt.tcgcsv.com/jc57,2025-11-29T04:38:14.703,1,The Cynthia's Pokémon this card is attached to gets +70 HP.,0.01,0.14,10.1,0.13,0.1,Normal,,162/182,Uncommon,Trainer - Pokemon Tool,,,,,,,
632964,Cynthia's Power Weight,Cynthias Power Weight,https://tcgplayer-cdn.tcgplayer.com/product/632964_200w.jpg,3,24269,https://cpt.tcgcsv.com/jc57,2025-11-29T04:38:14.703,1,The Cynthia's Pokémon this card is attached to gets +70 HP.,0.01,0.2,29.0,0.11,0.12,Reverse Holofoil,,162/182,Uncommon,Trainer - Pokemon Tool,,,,,,,
632965,Emcee's Hype - 163/182,Emcees Hype 163 182,https://tcgplayer-cdn.tcgplayer.com/product/632965_200w.jpg,3,24269,https://cpt.tcgcsv.com/kc57,2025-07-14T12:09:59.2,1,"Draw 2 cards. If your opponent has 3 or fewer Prize cards remaining, draw 2 more cards.",0.01,0.15,15.0,0.12,0.1,Reverse Holofoil,,163/182,Common,Trainer - Supporter,,,,,,,
632965,Emcee's Hype - 163/182,Emcees Hype 163 182,https://tcgplayer-cdn.tcgplayer.com/product/632965_200w.jpg,3,24269,https://cpt.tcgcsv.com/kc57,2025-07-14T12:09:59.2,1,"Draw 2 cards. If your opponent has 3 or fewer Prize cards remaining, draw 2 more cards.",0.01,0.1,15.0,0.08,0.1,Normal,,163/182,Common,Trainer - Supporter,,,,,,,
632966,Energy Recycler,Energy Recycler,https://tcgplayer-cdn.tcgplayer.com/product/632966_200w.jpg,3,24269,https://cpt.tcgcsv.com/lc57,2025-11-29T18:49:33.193,1,Shuffle up to 5 Basic Energy cards from your discard pile into your deck.,0.01,0.15,2.28,0.13,0.12,Normal,,164/182,Uncommon,Trainer - Item,,,,,,,
632966,Energy Recycler,Energy Recycler,https://tcgplayer-cdn.tcgplayer.com/product/632966_200w.jpg,3,24269,https://cpt.tcgcsv.com/lc57,2025-11-29T18:49:33.193,1,Shuffle up to 5 Basic Energy cards from your discard pile into your deck.,0.01,0.2,25.0,0.18,0.17,Reverse Holofoil,,164/182,Uncommon,Trainer - Item,,,,,,,
632967,Ethan's Adventure - 165/182,Ethans Adventure 165 182,https://tcgplayer-cdn.tcgplayer.com/product/632967_200w.jpg,3,24269,https://cpt.tcgcsv.com/mc57,2025-11-29T18:50:08.51,1,"Search your deck for up to 3 in any combination of Ethan's Pokémon and Basic Fire Energy cards, reveal them, and put them into your hand. Then, shuffle your deck.",0.01,0.22,2.4,0.16,0.15,Reverse Holofoil,,165/182,Uncommon,Trainer - Supporter,,,,,,,
632967,Ethan's Adventure - 165/182,Ethans Adventure 165 182,https://tcgplayer-cdn.tcgplayer.com/product/632967_200w.jpg,3,24269,https://cpt.tcgcsv.com/mc57,2025-11-29T18:50:08.51,1,"Search your deck for up to 3 in any combination of Ethan's Pokémon and Basic Fire Energy cards, reveal them, and put them into your hand. Then, shuffle your deck.",0.01,0.15,2.37,0.12,0.1,Normal,,165/182,Uncommon,Trainer - Supporter,,,,,,,
632968,Granite Cave,Granite Cave,https://tcgplayer-cdn.tcgplayer.com/product/632968_200w.jpg,3,24269,https://cpt.tcgcsv.com/nc57,2025-11-29T19:07:16.137,1,Steven's Pokémon <em>(both yours and your opponent's)</em> take 30 less damage from attacks from the opponent's Pokémon <em>(after applying Weakness and Resistance)</em>.,0.01,0.1,2.28,0.04,0.03,Normal,,166/182,Uncommon,Trainer - Stadium,,,,,,,
632968,Granite Cave,Granite Cave,https://tcgplayer-cdn.tcgplayer.com/product/632968_200w.jpg,3,24269,https://cpt.tcgcsv.com/nc57,2025-11-29T19:07:16.137,1,Steven's Pokémon <em>(both yours and your opponent's)</em> take 30 less damage from attacks from the opponent's Pokémon <em>(after applying Weakness and Resistance)</em>.,0.01,0.15,2.37,0.12,0.1,Reverse Holofoil,,166/182,Uncommon,Trainer - Stadium,,,,,,,
632969,Judge - 167/182,Judge 167 182,https://tcgplayer-cdn.tcgplayer.com/product/632969_200w.jpg,3,24269,https://cpt.tcgcsv.com/pc57,2025-11-29T19:15:13.84,1,Each player shuffles their hand into their deck and draws 4 cards.,0.01,0.12,2.28,0.1,0.12,Normal,,167/182,Uncommon,Trainer - Supporter,,,,,,,
632969,Judge - 167/182,Judge 167 182,https://tcgplayer-cdn.tcgplayer.com/product/632969_200w.jpg,3,24269,https://cpt.tcgcsv.com/pc57,2025-11-29T19:15:13.84,1,Each player shuffles their hand into their deck and draws 4 cards.,0.01,0.16,10.14,0.14,0.12,Reverse Holofoil,,167/182,Uncommon,Trainer - Supporter,,,,,,,
632970,Sacred Ash,Sacred Ash,https://tcgplayer-cdn.tcgplayer.com/product/632970_200w.jpg,3,24269,https://cpt.tcgcsv.com/qc57,2025-11-29T21:03:41.303,1,Shuffle up to 5 Pokémon from your discard pile into your deck.,0.01,0.15,10.09,0.1,0.09,Normal,,168/182,Uncommon,Trainer - Item,,,,,,,
632970,Sacred Ash,Sacred Ash,https://tcgplayer-cdn.tcgplayer.com/product/632970_200w.jpg,3,24269,https://cpt.tcgcsv.com/qc57,2025-11-29T21:03:41.303,1,Shuffle up to 5 Pokémon from your discard pile into your deck.,0.01,0.2,15.0,0.19,0.14,Reverse Holofoil,,168/182,Uncommon,Trainer - Item,,,,,,,
632971,Team Rocket's Archer - 170/182,Team Rockets Archer 170 182,https://tcgplayer-cdn.tcgplayer.com/product/632971_200w.jpg,3,24269,https://cpt.tcgcsv.com/rc57,2025-11-29T21:23:59.877,1,"You can use this card only if any of your Team Rocket's Pokémon were Knocked Out during your opponent's last turn.<br>Each player shuffles their hand into their deck. Then, you draw 5 cards, and your opponent draws 3 cards.",0.01,0.12,20.0,0.09,0.08,Normal,,170/182,Uncommon,Trainer - Supporter,,,,,,,
632971,Team Rocket's Archer - 170/182,Team Rockets Archer 170 182,https://tcgplayer-cdn.tcgplayer.com/product/632971_200w.jpg,3,24269,https://cpt.tcgcsv.com/rc57,2025-11-29T21:23:59.877,1,"You can use this card only if any of your Team Rocket's Pokémon were Knocked Out during your opponent's last turn.<br>Each player shuffles their hand into their deck. Then, you draw 5 cards, and your opponent draws 3 cards.",0.01,0.29,3.99,0.26,0.25,Reverse Holofoil,,170/182,Uncommon,Trainer - Supporter,,,,,,,
632972,Team Rocket's Ariana - 171/182,Team Rockets Ariana 171 182,https://tcgplayer-cdn.tcgplayer.com/product/632972_200w.jpg,3,24269,https://cpt.tcgcsv.com/sc57,2025-11-29T23:12:35.06,1,"Draw cards until you have 5 cards in your hand. If all of your Pokémon in play are Team Rocket's Pokémon, draw cards until you have 8 cards in your hand instead.",0.02,0.31,2.48,0.24,0.24,Reverse Holofoil,,171/182,Uncommon,Trainer - Supporter,,,,,,,
632972,Team Rocket's Ariana - 171/182,Team Rockets Ariana 171 182,https://tcgplayer-cdn.tcgplayer.com/product/632972_200w.jpg,3,24269,https://cpt.tcgcsv.com/sc57,2025-11-29T23:12:35.06,1,"Draw cards until you have 5 cards in your hand. If all of your Pokémon in play are Team Rocket's Pokémon, draw cards until you have 8 cards in your hand instead.",0.01,0.15,10.11,0.11,0.09,Normal,,171/182,Uncommon,Trainer - Supporter,,,,,,,
632973,Team Rocket's Bother-Bot,Team Rockets Bother Bot,https://tcgplayer-cdn.tcgplayer.com/product/632973_200w.jpg,3,24269,https://cpt.tcgcsv.com/tc57,2025-11-29T23:26:56.737,1,Turn 1 of your opponent's face-down Prize cards face up and choose a random card from your opponent's hand. Your opponent reveals that card. You may have your opponent switch those cards. <em>(That Prize card remains face up for the rest of the game.)</em>,0.01,0.1,10.05,0.05,0.07,Normal,,172/182,Uncommon,Trainer - Item,,,,,,,
632973,Team Rocket's Bother-Bot,Team Rockets Bother Bot,https://tcgplayer-cdn.tcgplayer.com/product/632973_200w.jpg,3,24269,https://cpt.tcgcsv.com/tc57,2025-11-29T23:26:56.737,1,Turn 1 of your opponent's face-down Prize cards face up and choose a random card from your opponent's hand. Your opponent reveals that card. You may have your opponent switch those cards. <em>(That Prize card remains face up for the rest of the game.)</em>,0.03,0.22,15.0,0.19,0.15,Reverse Holofoil,,172/182,Uncommon,Trainer - Item,,,,,,,
632974,Team Rocket's Factory,Team Rockets Factory,https://tcgplayer-cdn.tcgplayer.com/product/632974_200w.jpg,3,24269,https://cpt.tcgcsv.com/vc57,2025-11-29T21:46:56.22,1,"Once during each player's turn, if they played a Supporter card that has ""Team Rocket"" in its name from their hand this turn, they may draw 2 cards.",0.07,0.34,4.95,0.21,0.19,Reverse Holofoil,,173/182,Uncommon,Trainer - Stadium,,,,,,,
632974,Team Rocket's Factory,Team Rockets Factory,https://tcgplayer-cdn.tcgplayer.com/product/632974_200w.jpg,3,24269,https://cpt.tcgcsv.com/vc57,2025-11-29T21:46:56.22,1,"Once during each player's turn, if they played a Supporter card that has ""Team Rocket"" in its name from their hand this turn, they may draw 2 cards.",0.01,0.15,20.0,0.1,0.07,Normal,,173/182,Uncommon,Trainer - Stadium,,,,,,,
632975,Team Rocket's Great Ball,Team Rockets Great Ball,https://tcgplayer-cdn.tcgplayer.com/product/632975_200w.jpg,3,24269,https://cpt.tcgcsv.com/wc57,2025-11-29T23:48:40.797,1,"Flip a coin. If heads, search your deck for an Evolution Team Rocket's Pokémon, reveal it, and put it into your hand. If tails, search your deck for a Basic Team Rocket's Pokémon, reveal it, and put it into your hand. Then, shuffle your deck.",0.05,0.26,2.16,0.18,0.18,Reverse Holofoil,,175/182,Uncommon,Trainer - Item,,,,,,,
632975,Team Rocket's Great Ball,Team Rockets Great Ball,https://tcgplayer-cdn.tcgplayer.com/product/632975_200w.jpg,3,24269,https://cpt.tcgcsv.com/wc57,2025-11-29T23:48:40.797,1,"Flip a coin. If heads, search your deck for an Evolution Team Rocket's Pokémon, reveal it, and put it into your hand. If tails, search your deck for a Basic Team Rocket's Pokémon, reveal it, and put it into your hand. Then, shuffle your deck.",0.01,0.14,20.0,0.09,0.09,Normal,,175/182,Uncommon,Trainer - Item,,,,,,,
632976,Team Rocket's Petrel - 176/182,Team Rockets Petrel 176 182,https://tcgplayer-cdn.tcgplayer.com/product/632976_200w.jpg,3,24269,https://cpt.tcgcsv.com/xc57,2025-11-29T23:11:18.943,1,"Search your deck for a Trainer card, reveal it, and put it into your hand. Then, shuffle your deck.",0.01,0.16,10.12,0.13,0.12,Normal,,176/182,Uncommon,Trainer - Supporter,,,,,,,
632976,Team Rocket's Petrel - 176/182,Team Rockets Petrel 176 182,https://tcgplayer-cdn.tcgplayer.com/product/632976_200w.jpg,3,24269,https://cpt.tcgcsv.com/xc57,2025-11-29T23:11:18.943,1,"Search your deck for a Trainer card, reveal it, and put it into your hand. Then, shuffle your deck.",0.05,0.29,2.99,0.26,0.24,Reverse Holofoil,,176/182,Uncommon,Trainer - Supporter,,,,,,,
632977,Team Rocket's Proton - 177/182,Team Rockets Proton 177 182,https://tcgplayer-cdn.tcgplayer.com/product/632977_200w.jpg,3,24269,https://cpt.tcgcsv.com/zc57,2025-11-29T21:38:31.097,1,"If you go first, you may use this card during your first turn.<br>Search your deck for up to 3 Basic Team Rocket's Pokémon, reveal them, and put them into your hand. Then, shuffle your deck.",0.02,0.25,3.25,0.2,0.19,Reverse Holofoil,,177/182,Uncommon,Trainer - Supporter,,,,,,,
632977,Team Rocket's Proton - 177/182,Team Rockets Proton 177 182,https://tcgplayer-cdn.tcgplayer.com/product/632977_200w.jpg,3,24269,https://cpt.tcgcsv.com/zc57,2025-11-29T21:38:31.097,1,"If you go first, you may use this card during your first turn.<br>Search your deck for up to 3 Basic Team Rocket's Pokémon, reveal them, and put them into your hand. Then, shuffle your deck.",0.01,0.14,20.0,0.09,0.08,Normal,,177/182,Uncommon,Trainer - Supporter,,,,,,,
632978,Team Rocket's Transceiver,Team Rockets Transceiver,https://tcgplayer-cdn.tcgplayer.com/product/632978_200w.jpg,3,24269,https://cpt.tcgcsv.com/Bc57,2025-11-29T21:41:21.177,1,"Search your deck for a Supporter card that has ""Team Rocket"" in its name, reveal it, and put it into your hand. Then, shuffle your deck.",0.07,0.35,3.99,0.26,0.27,Reverse Holofoil,,178/182,Uncommon,Trainer - Item,,,,,,,
632978,Team Rocket's Transceiver,Team Rockets Transceiver,https://tcgplayer-cdn.tcgplayer.com/product/632978_200w.jpg,3,24269,https://cpt.tcgcsv.com/Bc57,2025-11-29T21:41:21.177,1,"Search your deck for a Supporter card that has ""Team Rocket"" in its name, reveal it, and put it into your hand. Then, shuffle your deck.",0.01,0.15,10.1,0.1,0.08,Normal,,178/182,Uncommon,Trainer - Item,,,,,,,
632979,Team Rocket's Venture Bomb,Team Rockets Venture Bomb,https://tcgplayer-cdn.tcgplayer.com/product/632979_200w.jpg,3,24269,https://cpt.tcgcsv.com/Cc57,2025-11-29T23:48:09.27,1,"Flip a coin. If heads, put 2 damage counters on 1 of your opponent's Pokémon. If tails, put 2 damage counters on your Active Pokémon.",0.01,0.26,20.0,0.2,0.21,Reverse Holofoil,,179/182,Uncommon,Trainer - Item,,,,,,,
632979,Team Rocket's Venture Bomb,Team Rockets Venture Bomb,https://tcgplayer-cdn.tcgplayer.com/product/632979_200w.jpg,3,24269,https://cpt.tcgcsv.com/Cc57,2025-11-29T23:48:09.27,1,"Flip a coin. If heads, put 2 damage counters on 1 of your opponent's Pokémon. If tails, put 2 damage counters on your Active Pokémon.",0.01,0.14,20.0,0.07,0.07,Normal,,179/182,Uncommon,Trainer - Item,,,,,,,
632980,Team Rocket's Watchtower,Team Rockets Watchtower,https://tcgplayer-cdn.tcgplayer.com/product/632980_200w.jpg,3,24269,https://cpt.tcgcsv.com/Dc57,2025-12-03T16:11:50.42,1,Colorless Pokémon in play <em>(both yours and your opponent's)</em> have no Abilities.,0.01,0.17,2.56,0.13,0.12,Normal,,180/182,Uncommon,Trainer - Stadium,,,,,,,
632980,Team Rocket's Watchtower,Team Rockets Watchtower,https://tcgplayer-cdn.tcgplayer.com/product/632980_200w.jpg,3,24269,https://cpt.tcgcsv.com/Dc57,2025-12-03T16:11:50.42,1,Colorless Pokémon in play <em>(both yours and your opponent's)</em> have no Abilities.,0.09,0.35,3.99,0.25,0.27,Reverse Holofoil,,180/182,Uncommon,Trainer - Stadium,,,,,,,
632981,TM Machine,TM Machine,https://tcgplayer-cdn.tcgplayer.com/product/632981_200w.jpg,3,24269,https://cpt.tcgcsv.com/Fc57,2025-11-29T21:36:41.733,1,"Search your deck for up to 3 Pokémon Tool cards that have ""Technical Machine"" in their name, reveal them, and put them into your hand. Then, shuffle your deck.",0.01,0.15,7.0,0.09,0.07,Normal,,181/182,Uncommon,Trainer - Item,,,,,,,
632981,TM Machine,TM Machine,https://tcgplayer-cdn.tcgplayer.com/product/632981_200w.jpg,3,24269,https://cpt.tcgcsv.com/Fc57,2025-11-29T21:36:41.733,1,"Search your deck for up to 3 Pokémon Tool cards that have ""Technical Machine"" in their name, reveal them, and put them into your hand. Then, shuffle your deck.",0.05,0.25,2.0,0.2,0.19,Reverse Holofoil,,181/182,Uncommon,Trainer - Item,,,,,,,
632982,Team Rocket's Energy,Team Rockets Energy,https://tcgplayer-cdn.tcgplayer.com/product/632982_200w.jpg,3,24269,https://cpt.tcgcsv.com/Gc57,2025-11-13T18:12:39.617,1,"This card can only be attached to a Team Rocket's Pokémon. If this card is attached to anything other than a Team Rocket's Pokémon, discard this card.<br>As long as this card is attached to a Pokémon, it provides 2 in any combination of [P] Energy and [D] Energy.",0.11,0.51,20.0,0.4,0.4,Reverse Holofoil,,182/182,Uncommon,,,,,,,,
632982,Team Rocket's Energy,Team Rockets Energy,https://tcgplayer-cdn.tcgplayer.com/product/632982_200w.jpg,3,24269,https://cpt.tcgcsv.com/Gc57,2025-11-13T18:12:39.617,1,"This card can only be attached to a Team Rocket's Pokémon. If this card is attached to anything other than a Team Rocket's Pokémon, discard this card.<br>As long as this card is attached to a Pokémon, it provides 2 in any combination of [P] Energy and [D] Energy.",0.01,0.25,20.0,0.23,0.2,Normal,,182/182,Uncommon,,,,,,,,
632983,Yanma - 183/182,Yanma 183 182,https://tcgplayer-cdn.tcgplayer.com/product/632983_200w.jpg,3,24269,https://cpt.tcgcsv.com/Hc57,2025-12-04T23:21:52.633,1,,2.0,3.7,18.85,3.05,3.08,Holofoil,,183/182,Illustration Rare,Grass,70,Basic,[C] Whirlwind<br> Switch out your opponent's Active Pokémon to the Bench. <em>(Your opponent chooses the new Active Pokémon.)</em>,Lx2,1,[GC] Razor Wing (30),F-30
632984,Cynthia's Roserade - 184/182,Cynthias Roserade 184 182,https://tcgplayer-cdn.tcgplayer.com/product/632984_200w.jpg,3,24269,https://cpt.tcgcsv.com/Jc57,2025-07-14T12:09:58.523,1,<strong>Ability: Cheer On to Glory</strong> Attacks used by your Cynthia's Pokémon do 30 more damage to your opponent's Active Pokémon <em>(before applying Weakness and Resistance)</em>.,9.75,13.74,100.0,10.92,13.74,Holofoil,,184/182,Illustration Rare,Grass,130,Stage 1,[GCC] Leaf Step (80),Rx2,1,,
632985,Shaymin - 185/182,Shaymin 185 182,https://tcgplayer-cdn.tcgplayer.com/product/632985_200w.jpg,3,24269,https://cpt.tcgcsv.com/Kc57,2025-09-17T11:27:10.503,1,"<strong>Ability: Flower Curtain</strong> Prevent all damage done to your Benched Pokémon that don't have a Rule Box by attacks from your opponent's Pokémon. <em>(Pokémon ex, Pokémon V, etc. have Rule Boxes.)</em>",6.95,9.25,45.0,7.69,,Holofoil,,185/182,Illustration Rare,Grass,80,Basic,[CC] Smash Kick (30),Rx2,1,,
632986,Crustle - 186/182,Crustle 186 182,https://tcgplayer-cdn.tcgplayer.com/product/632986_200w.jpg,3,24269,https://cpt.tcgcsv.com/Lc57,2025-11-29T05:24:21.647,1,<strong>Ability: Mysterious Rock Inn</strong> Prevent all damage done to this Pokémon by attacks from your opponent's Pokémon ex.,1.74,3.0,14.0,2.37,2.73,Holofoil,,186/182,Illustration Rare,Grass,150,Stage 1,[GCC] Superb Scissors (120)<br> This attack's damage isn't affected by any effects on your opponent's Active Pokémon.,Rx2,3,,
632987,Team Rocket's Spidops - 187/182,Team Rockets Spidops 187 182,https://tcgplayer-cdn.tcgplayer.com/product/632987_200w.jpg,3,24269,https://cpt.tcgcsv.com/Mc57,2025-09-05T15:23:51.847,1,,2.94,4.99,9999.0,4.4,,Holofoil,,187/182,Illustration Rare,Grass,170,Stage 2,"[G] Hydra Breath<br> Discard 6 Basic Grass Energy cards from your hand, and Knock Out your opponent's Active Pokémon. If you can't discard 6 cards in this way, this attack does nothing.",Rx2,3,[GCC] Whip Smash (140),
632988,Hydrapple - 188/182,Hydrapple 188 182,https://tcgplayer-cdn.tcgplayer.com/product/632988_200w.jpg,3,24269,https://cpt.tcgcsv.com/Nc57,2025-07-14T12:10:01.217,1,,1.5,3.26,30.0,2.09,2.65,Holofoil,,188/182,Illustration Rare,Grass,170,Stage 2,"[G] Hydra Breath <br> Discard 6 Basic Grass Energy cards from your hand, and Knock Out your opponent's Active Pokémon. If you can't discard 6 cards in this way, this attack does nothing",Rx2,3,[GC] Whip Smash (140) <br>,
632989,Rapidash - 189/182,Rapidash 189 182,https://tcgplayer-cdn.tcgplayer.com/product/632989_200w.jpg,3,24269,https://cpt.tcgcsv.com/Pc57,2026-01-06T16:29:33.543,1,"<strong>Ability: Hurried Gait</strong> Once during your turn, you may draw a card.",4.0,7.27,45.0,6.13,6.13,Holofoil,,189/182,Illustration Rare,Fire,110,Stage 1,[RC] Fire Mane (60),Wx2,1,,
632990,Ethan's Typhlosion - 190/182,Ethans Typhlosion 190 182,https://tcgplayer-cdn.tcgplayer.com/product/632990_200w.jpg,3,24269,https://cpt.tcgcsv.com/Qc57,2025-11-30T00:58:52.68,1,,19.99,26.58,100.0,22.88,25.54,Holofoil,,190/182,Illustration Rare,Fire,170,Stage 2,[R] Buddy Blast (40+)<br> This attack does 60 more damage for each Ethan's Adventure card in your discard pile.,Wx2,2,[RRC] Steam Artillery (160),
632991,Team Rocket's Houndoom - 191/182,Team Rockets Houndoom 191 182,https://tcgplayer-cdn.tcgplayer.com/product/632991_200w.jpg,3,24269,https://cpt.tcgcsv.com/Rc57,2025-10-21T15:49:07.927,1,,9.56,13.79,110.0,11.24,12.49,Holofoil,,191/182,Illustration Rare,Fire,130,Stage 1,[R] Cruel Coal<br> Your opponent's Active Pokémon is now Burned and Confused.,Wx2,2,[RC] Scorching Fire (120)<br> Discard an Energy from this Pokémon.,
632992,Blaziken - 192/182,Blaziken 192 182,https://tcgplayer-cdn.tcgplayer.com/product/632992_200w.jpg,3,24269,https://cpt.tcgcsv.com/Sc57,2025-07-14T12:09:57.297,1,,7.29,10.06,9999.0,8.02,,Holofoil,,192/182,Illustration Rare,Fire,170,Stage 2,[CC] Heat Blast (70),Wx2,2,[RRC] Inferno Kick Flurry (120)<br> Discard 2 Energy from this Pokémon. This attack also does 120 damage to 1 of your opponent's Benched Pokémon. <em>(Don't apply Weakness and Resistance for Benched Pokémon.)</em>,
632993,Misty's Psyduck - 193/182,Mistys Psyduck 193 182,https://tcgplayer-cdn.tcgplayer.com/product/632993_200w.jpg,3,24269,https://cpt.tcgcsv.com/Tc57,2025-10-22T20:00:07.383,1,"<strong>Ability: Flustered Leap</strong> Once during your turn, if this Pokémon is on your Bench, you may discard the bottom card of your deck. If you do, discard all cards from this Pokémon and put this Pokémon on top of your deck.",38.98,50.0,9999.0,42.54,,Holofoil,,193/182,Illustration Rare,Water,70,Basic,[W] Sprinkle Water (30),Lx2,1,,
632994,Misty's Lapras - 194/182,Mistys Lapras 194 182,https://tcgplayer-cdn.tcgplayer.com/product/632994_200w.jpg,3,24269,https://cpt.tcgcsv.com/Vc57,2025-11-28T22:34:34.757,1,,19.64,25.98,80.0,21.42,23.65,Holofoil,,194/182,Illustration Rare,Water,110,Basic,"[W] Swim Together<br> Search your deck for up to 3 Misty's Pokémon, reveal them, and put them into your hand. Then, shuffle your deck.",Lx2,1,[WC] Surf (60),
632995,Clamperl - 195/182,Clamperl 195 182,https://tcgplayer-cdn.tcgplayer.com/product/632995_200w.jpg,3,24269,https://cpt.tcgcsv.com/Wc57,2025-07-14T12:09:57.653,1,,1.7,3.16,69.0,2.34,,Holofoil,,195/182,Illustration Rare,Water,60,Basic,"[W] Shell Press (10)<br> During your opponent's next turn, this Pokémon takes 10 less damage from attacks <em>(after applying Weakness and Resistance)</em>.",Lx2,2,,
632996,Electrike - 196/182,Electrike 196 182,https://tcgplayer-cdn.tcgplayer.com/product/632996_200w.jpg,3,24269,https://cpt.tcgcsv.com/Xc57,2025-11-30T00:57:44.46,1,,1.49,3.29,25.0,2.22,2.75,Holofoil,,196/182,Illustration Rare,Lightning,60,Basic,[C] Rear Kick (10),Fx2,1,[LC] Tiny Bolt (30),
632997,Rotom - 197/182,Rotom 197 182,https://tcgplayer-cdn.tcgplayer.com/product/632997_200w.jpg,3,24269,https://cpt.tcgcsv.com/Zc57,2025-07-14T12:10:04.91,1,,2.0,3.87,9999.0,3.03,3.99,Holofoil,,197/182,Illustration Rare,Lightning,60,Basic,[L] Astonish (20)<br> Choose a random card from your opponent's hand. Your opponent reveals that card and shuffles it into their deck.,Fx2,1,[CC] Gadget Show (30x)<br> This attack does 30 damage for each Pokémon Tool attached to all of your Pokémon.,
632998,Team Rocket's Orbeetle - 198/182,Team Rockets Orbeetle 198 182,https://tcgplayer-cdn.tcgplayer.com/product/632998_200w.jpg,3,24269,https://cpt.tcgcsv.com/-c57,2025-12-15T12:36:14.643,1,"<strong>Ability: Rocket Brain</strong> As often as you like during your turn, you may move 1 damage counter from 1 of your Team Rocket's Pokémon to another of your Pokémon.",1.71,3.43,9999.0,2.35,2.79,Holofoil,,198/182,Illustration Rare,Psychic,130,Stage 2,[PCC] Psychic (40+)<br> This attack does 40 more damage for each Energy attached to your opponent's Active Pokémon.,Dx2,2,,F-30
632999,Team Rocket's Weezing - 199/182,Team Rockets Weezing 199 182,https://tcgplayer-cdn.tcgplayer.com/product/632999_200w.jpg,3,24269,https://cpt.tcgcsv.com/_c57,2025-07-14T12:10:14.477,1,,4.94,7.62,4321.0,6.01,,Holofoil,,199/182,Illustration Rare,Darkness,130,Stage 1,"[DC] Explode Together Now (40x)<br> This attack does 40 damage for each Pokémon in play that has ""Koffing"" or ""Weezing"" in its name <em>(both yours and your opponent's)</em>.",Fx2,2,,
633000,Team Rocket's Murkrow - 200/182,Team Rockets Murkrow 200 182,https://tcgplayer-cdn.tcgplayer.com/product/633000_200w.jpg,3,24269,https://cpt.tcgcsv.com/0d57,2025-07-14T12:10:11.09,1,,4.96,6.85,40.0,5.94,,Holofoil,,200/182,Illustration Rare,Darkness,80,Basic,"[C] Deceit<br> Search your deck for a Supporter card, reveal it, and put it into your hand. Then, shuffle your deck.",Lx2,1,"[DC] Torment (30)<br> Choose 1 of your opponent's Active Pokémon's attacks. During your opponent's next turn, that Pokémon can't use that attack.",F-30
633001,Zamazenta - 201/182,Zamazenta 201 182,https://tcgplayer-cdn.tcgplayer.com/product/633001_200w.jpg,3,24269,https://cpt.tcgcsv.com/2d57,2025-10-24T21:15:33.97,1,,2.95,4.21,39.99,3.4,4.74,Holofoil,,201/182,Illustration Rare,Metal,130,Basic,"[MMC] Strong Bash (70)<br> During your opponent's next turn, if this Pokémon is damaged by an attack <em>(even if this Pokémon is Knocked Out)</em>, put damage counters on the Attacking Pokémon equal to the damage done to this Pokémon.",Rx2,2,,G-30
633002,Team Rocket's Raticate - 202/182,Team Rockets Raticate 202 182,https://tcgplayer-cdn.tcgplayer.com/product/633002_200w.jpg,3,24269,https://cpt.tcgcsv.com/3d57,2025-10-22T20:14:34.19,1,,3.5,5.64,9999.0,4.71,4.71,Holofoil,,202/182,Illustration Rare,Colorless,90,Stage 1,"[C] Reckless Abandon (90)<br> Flip 2 coins. If both of them are tails, this Pokémon also does 90 damage to itself.",Fx2,1,,
633003,Team Rocket's Meowth - 203/182,Team Rockets Meowth 203 182,https://tcgplayer-cdn.tcgplayer.com/product/633003_200w.jpg,3,24269,https://cpt.tcgcsv.com/5d57,2025-07-14T12:10:09.903,1,,16.56,21.99,300.0,19.62,20.69,Holofoil,,203/182,Illustration Rare,Colorless,70,Basic,[C] Paw-cket Pilfer<br> Choose a random card from your opponent's hand. Your opponent reveals that card and shuffles it into their deck.,Fx2,1,[CC] Fury Swipes (20x)<br> Flip 3 coins. This attack does 20 damage for each heads.,
633004,Kangaskhan - 204/182,Kangaskhan 204 182,https://tcgplayer-cdn.tcgplayer.com/product/633004_200w.jpg,3,24269,https://cpt.tcgcsv.com/6d57,2025-09-02T15:18:37.44,1,,5.0,8.09,50.0,6.99,7.25,Holofoil,,204/182,Illustration Rare,Colorless,120,Basic,[CC] Gentle Slap (50),Fx2,2,[CCC] Dizzy Punch (90x)<br> Flip 2 coins. This attack does 90 damage for each heads.,
633005,Arven's Greedent - 205/182,Arvens Greedent 205 182,https://tcgplayer-cdn.tcgplayer.com/product/633005_200w.jpg,3,24269,https://cpt.tcgcsv.com/7d57,2025-11-30T00:56:43.93,1,"<strong>Ability: Greedy Order</strong> When you play this Pokémon from your hand to evolve 1 of your Pokémon during your turn, you may put up to 2 Arven's Sandwich cards from your discard pile into your hand.",1.99,3.53,13.99,2.68,2.98,Holofoil,,205/182,Illustration Rare,Colorless,120,Stage 1,[CC] Rolling Tackle (50),Fx2,2,,
633006,Yanmega ex - 206/182,Yanmega ex 206 182,https://tcgplayer-cdn.tcgplayer.com/product/633006_200w.jpg,3,24269,https://cpt.tcgcsv.com/8d57,2025-11-29T05:35:26.043,1,"<strong>Ability: Buzzing Boost</strong> Once during your turn, when this Pokémon moves from your Bench to the Active Spot, you may search your deck for up to 3 Basic Grass Energy cards and attach them to this Pokémon. Then, shuffle your deck.",0.5,1.52,19.99,1.26,1.29,Holofoil,,206/182,Ultra Rare,Grass,280,Stage 1,[GGGC] Jet Cyclone (210)<br> Move 3 Energy from this Pokémon to 1 of your Benched Pokémon.,Lx2,1,,F-30
633007,Arboliva ex - 207/182,Arboliva ex 207 182,https://tcgplayer-cdn.tcgplayer.com/product/633007_200w.jpg,3,24269,https://cpt.tcgcsv.com/9d57,2025-07-14T12:09:56.54,1,,0.7,2.0,22.14,1.45,2.06,Holofoil,,207/182,Ultra Rare,Grass,310,Stage 2,"[G] Oil Salvo<br> Choose 1 of your opponent's Pokémon 6 times. <em>(You can choose the same Pokémon more than once.)</em> For each time you chose a Pokémon, do 20 damage to it. This damage isn't affected by Weakness or Resistance.",Rx2,2,[CCC] Aroma Shot (160)<br> This Pokémon recovers from all Special Conditions.,
633008,Team Rocket's Moltres ex - 208/182,Team Rockets Moltres ex 208 182,https://tcgplayer-cdn.tcgplayer.com/product/633008_200w.jpg,3,24269,https://cpt.tcgcsv.com/bd57,2025-07-14T12:10:10.707,1,,4.54,6.0,74.7,4.93,,Holofoil,,208/182,Ultra Rare,Fire,220,Basic,"[RCC] Flame Screen (110)<br> During your opponent's next turn, this Pokémon takes 50 less damage from attacks <em>(after applying Weakness and Resistance)</em>.",Lx2,2,"[RCCC] Evil Incineration<br> Discard a 182 from this Pokémon. If you do, discard your opponent's Active Pokémon and all attached cards.",F-30
633009,Ethan's Ho-Oh ex - 209/182,Ethans Ho Oh ex 209 182,https://tcgplayer-cdn.tcgplayer.com/product/633009_200w.jpg,3,24269,https://cpt.tcgcsv.com/cd57,2025-10-10T04:11:36.58,1,"<strong>Ability: Golden Flame</strong> Once during your turn, you may attach up to 2 Basic Fire Energy cards from your hand to 1 of your Benched Ethan's Pokémon.",3.35,5.47,9999.0,3.91,4.49,Holofoil,,209/182,Ultra Rare,Fire,230,Basic,[RRRR] Shining Feathers (160)<br> Heal 50 damage from each of your Pokémon.,Wx2,2,,
633010,Cetitan ex - 210/182,Cetitan ex 210 182,https://tcgplayer-cdn.tcgplayer.com/product/633010_200w.jpg,3,24269,https://cpt.tcgcsv.com/dd57,2025-07-14T12:09:57.497,1,"<strong>Ability: Snow Camouflage</strong> Whenever your opponent plays an Item or Supporter card from their hand, prevent all effects of that card done to this Pokémon.",0.99,1.75,10.0,1.51,1.69,Holofoil,,210/182,Ultra Rare,Water,300,Stage 1,"[WWWC] Crushing Press (140+)<br> You may discard a Stadium in play. If you do, this attack does 140 more damage.",Mx2,4,,
633011,Dondozo ex - 211/182,Dondozo ex 211 182,https://tcgplayer-cdn.tcgplayer.com/product/633011_200w.jpg,3,24269,https://cpt.tcgcsv.com/fd57,2025-12-05T16:10:09.527,1,,0.67,1.22,8.99,1.16,1.19,Holofoil,,211/182,Ultra Rare,Water,280,Basic,[WC] Avenging Billow (30+)<br> This attack does 10 more damage for each damage counter on this Pokémon.,Lx2,4,"[WWCC] Dynamic Dive (120+)<br> You may do 120 more damage. If you do, this Pokémon also does 50 damage to itself.",
633012,Electivire ex - 212/182,Electivire ex 212 182,https://tcgplayer-cdn.tcgplayer.com/product/633012_200w.jpg,3,24269,https://cpt.tcgcsv.com/gd57,2025-07-14T12:09:59.017,1,,0.68,1.7,50.0,1.45,,Holofoil,,212/182,Ultra Rare,Lightning,280,Stage 1,[LC] Dual Bolt<br> This attack does 50 damage to 2 of your opponent's Pokémon. <em>(Don't apply Weakness and Resistance for Benched Pokémon.)</em>,Fx2,4,"[LLC] High-Voltage Press (180+)<br> If this Pokémon has at least 2 extra Energy attached <em>(in addition to this attack's cost)</em>, this attack does 100 more damage.",
633013,Team Rocket's Mewtwo ex - 213/182,Team Rockets Mewtwo ex 213 182,https://tcgplayer-cdn.tcgplayer.com/product/633013_200w.jpg,3,24269,https://cpt.tcgcsv.com/hd57,2025-07-14T12:10:10.073,1,<strong>Ability: Power Saver</strong> This Pokémon can't attack unless you have 4 or more Team Rocket's Pokémon in play.,14.97,19.9,500.0,16.68,16.98,Holofoil,,213/182,Ultra Rare,Psychic,280,Basic,[PPC] Erasure Ball (160+)<br> You may discard up to 2 Energy from your Benched Pokémon. This attack does 60 more damage for each card you discarded in this way.,Dx2,3,,F-30
633014,Regirock ex - 214/182,Regirock ex 214 182,https://tcgplayer-cdn.tcgplayer.com/product/633014_200w.jpg,3,24269,https://cpt.tcgcsv.com/jd57,2025-10-22T20:04:23.567,1,,0.65,1.37,37.98,1.2,1.26,Holofoil,,214/182,Ultra Rare,Fighting,230,Basic,[C] Regi Charge<br> Attach up to 2 Basic Fighting Energy cards from your discard pile to this Pokémon.,Gx2,3,"[FCCC] Giant Rock (140+)<br> If your opponent's Active Pokémon is a Stage 2 Pokémon, this attack does 140 more damage.",
633015,Cynthia's Garchomp ex - 215/182,Cynthias Garchomp ex 215 182,https://tcgplayer-cdn.tcgplayer.com/product/633015_200w.jpg,3,24269,https://cpt.tcgcsv.com/kd57,2025-07-14T12:09:58.093,1,,3.38,5.06,45.0,4.5,4.49,Holofoil,,215/182,Ultra Rare,Fighting,330,Stage 2,[F] Corkscrew Dive (100)<br> You may draw cards until you have 6 cards in your hand.,Gx2,,[FF] Draconic Buster (260)<br> Discard all Energy from this Pokémon.,
633016,Team Rocket's Nidoking ex - 216/182,Team Rockets Nidoking ex 216 182,https://tcgplayer-cdn.tcgplayer.com/product/633016_200w.jpg,3,24269,https://cpt.tcgcsv.com/ld57,2025-07-14T12:10:11.267,1,,1.7,4.4,45.0,3.07,3.76,Holofoil,,216/182,Ultra Rare,Darkness,330,Stage 2,"[DDC] Tainted Horn (100)<br> Your opponent's Active Pokémon is now Poisoned. During Pokémon Checkup, put 8 damage counters on that Pokémon instead of 1.",Fx2,3,[DDDC] Kingly Impact (240),
633017,Team Rocket's Crobat ex - 217/182,Team Rockets Crobat ex 217 182,https://tcgplayer-cdn.tcgplayer.com/product/633017_200w.jpg,3,24269,https://cpt.tcgcsv.com/md57,2025-07-14T12:10:07.99,1,"<strong>Ability: Biting Spree</strong> When you play this Pokémon from your hand to evolve 1 of your Pokémon during your turn, you may choose 2 of your opponent's Pokémon and put 2 damage counters on each of them.",2.0,3.96,13.99,2.89,,Holofoil,,217/182,Ultra Rare,Darkness,310,Stage 2,[DD] Assassin's Return (120)<br> You may put this Pokémon into your hand. <em>(Discard all cards attached to this Pokémon.)</em>,Lx2,1,,F-30
633018,Arven's Mabosstiff ex - 218/182,Arvens Mabosstiff ex 218 182,https://tcgplayer-cdn.tcgplayer.com/product/633018_200w.jpg,3,24269,https://cpt.tcgcsv.com/nd57,2025-07-14T12:09:56.833,1,,1.0,1.99,30.0,1.53,,Holofoil,,218/182,Ultra Rare,Darkness,270,Stage 1,"[C] Vigorous Tackle (30+)<br> If this Pokémon has no damage counters on it, this attack does 120 more damage.",Gx2,3,"[CCC] Boss Headbutt (210)<br> During your next turn, this Pokémon can't use Boss Headbutt.",
633019,Team Rocket's Persian ex - 219/182,Team Rockets Persian ex 219 182,https://tcgplayer-cdn.tcgplayer.com/product/633019_200w.jpg,3,24269,https://cpt.tcgcsv.com/pd57,2025-07-14T12:10:12.143,1,,2.5,4.23,9999.0,3.16,3.01,Holofoil,,219/182,Ultra Rare,Colorless,260,Stage 1,[CC] Haughty Order<br> Reveal the top 10 cards of your opponent's deck. You may choose an attack from a Pokémon you find there and use it as this attack. Shuffle the revealed cards into your opponent's deck.,Fx2,2,[CCC] Cruel Slash (140)<br> Your opponent's Active Pokémon is now Confused.,
633020,Emcee's Hype - 220/182,Emcees Hype 220 182,https://tcgplayer-cdn.tcgplayer.com/product/633020_200w.jpg,3,24269,https://cpt.tcgcsv.com/qd57,2025-07-14T12:09:59.25,1,"Draw 2 cards. If your opponent has 3 or fewer Prize cards remaining, draw 2 more cards.",1.45,2.99,25.0,2.21,2.31,Holofoil,,220/182,Ultra Rare,Trainer - Supporter,,,,,,,
633021,Ethan's Adventure - 221/182,Ethans Adventure 221 182,https://tcgplayer-cdn.tcgplayer.com/product/633021_200w.jpg,3,24269,https://cpt.tcgcsv.com/rd57,2025-07-14T12:09:59.417,1,"Search your deck for up to 3 in any combination of Ethan's Pokémon and Basic Fire Energy cards, reveal them, and put them into your hand. Then, shuffle your deck.",2.1,4.57,20.0,3.7,3.7,Holofoil,,221/182,Ultra Rare,Trainer - Supporter,,,,,,,
633022,Judge - 222/182,Judge 222 182,https://tcgplayer-cdn.tcgplayer.com/product/633022_200w.jpg,3,24269,https://cpt.tcgcsv.com/sd57,2025-07-14T12:10:01.497,1,Each player shuffles their hand into their deck and draws 4 cards.,0.8,1.7,19.99,1.32,,Holofoil,,222/182,Ultra Rare,Trainer - Supporter,,,,,,,
633023,Team Rocket's Archer - 223/182,Team Rockets Archer 223 182,https://tcgplayer-cdn.tcgplayer.com/product/633023_200w.jpg,3,24269,https://cpt.tcgcsv.com/td57,2025-07-14T12:10:07.297,1,"You can use this card only if any of your Team Rocket's Pokémon were Knocked Out during your opponent's last turn.<br>Each player shuffles their hand into their deck. Then, you draw 5 cards, and your opponent draws 3 cards.",1.75,3.0,15.49,2.41,2.14,Holofoil,,223/182,Ultra Rare,Trainer - Supporter,,,,,,,
633024,Team Rocket's Ariana - 224/182,Team Rockets Ariana 224 182,https://tcgplayer-cdn.tcgplayer.com/product/633024_200w.jpg,3,24269,https://cpt.tcgcsv.com/vd57,2025-10-22T20:05:21.743,1,"Draw cards until you have 5 cards in your hand. If all of your Pokémon in play are Team Rocket's Pokémon, draw cards until you have 8 cards in your hand instead.",2.69,4.25,34.0,3.5,,Holofoil,,224/182,Ultra Rare,Trainer - Supporter,,,,,,,
633025,Team Rocket's Giovanni - 225/182,Team Rockets Giovanni 225 182,https://tcgplayer-cdn.tcgplayer.com/product/633025_200w.jpg,3,24269,https://cpt.tcgcsv.com/wd57,2025-07-14T12:10:08.82,1,"Switch your Active Team Rocket's Pokémon with 1 of your Benched Team Rocket's Pokémon. If you do, switch in 1 of your opponent's Benched Pokémon to the Active Spot.",3.7,5.61,9999.0,4.99,4.75,Holofoil,,225/182,Ultra Rare,Trainer - Supporter,,,,,,,
633026,Team Rocket's Petrel - 226/182,Team Rockets Petrel 226 182,https://tcgplayer-cdn.tcgplayer.com/product/633026_200w.jpg,3,24269,https://cpt.tcgcsv.com/xd57,2025-12-11T20:15:52.567,1,"Search your deck for a Trainer card, reveal it, and put it into your hand. Then, shuffle your deck.",2.62,4.08,23.49,3.86,5.74,Holofoil,,226/182,Ultra Rare,Trainer - Supporter,,,,,,,
633027,Team Rocket's Proton - 227/182,Team Rockets Proton 227 182,https://tcgplayer-cdn.tcgplayer.com/product/633027_200w.jpg,3,24269,https://cpt.tcgcsv.com/zd57,2025-07-14T12:10:12.877,1,"If you go first, you may use this card during your first turn.<br>Search your deck for up to 3 Basic Team Rocket's Pokémon, reveal them, and put them into your hand. Then, shuffle your deck.",1.8,3.31,18.99,2.63,2.67,Holofoil,,227/182,Ultra Rare,Trainer - Supporter,,,,,,,
633028,Yanmega ex - 228/182,Yanmega ex 228 182,https://tcgplayer-cdn.tcgplayer.com/product/633028_200w.jpg,3,24269,https://cpt.tcgcsv.com/Bd57,2025-07-14T12:10:15.76,1,"<strong>Ability: Buzzing Boost</strong> Once during your turn, when this Pokémon moves from your Bench to the Active Spot, you may search your deck for up to 3 Basic Grass Energy cards and attach them to this Pokémon. Then, shuffle your deck.",19.99,27.84,99.98,21.32,22.47,Holofoil,,228/182,Special Illustration Rare,Grass,280,Stage 1,[GGGC] Jet Cyclone (210)<br> Move 3 Energy from this Pokémon to 1 of your Benched Pokémon.,Lx2,1,,F-30
633029,Team Rocket's Moltres ex - 229/182,Team Rockets Moltres ex 229 182,https://tcgplayer-cdn.tcgplayer.com/product/633029_200w.jpg,3,24269,https://cpt.tcgcsv.com/Cd57,2025-10-22T20:08:16.077,1,,96.99,122.99,300.0,115.58,,Holofoil,,229/182,Special Illustration Rare,Fire,220,Basic,"[RCC] Flame Screen (110)<br> During your opponent's next turn, this Pokémon takes 50 less damage from attacks <em>(after applying Weakness and Resistance)</em>.",Lx2,2,"[RCCC] Evil Incineration<br> Discard a 182 from this Pokémon. If you do, discard your opponent's Active Pokémon and all attached cards.",F-30
633030,Ethan's Ho-Oh ex - 230/182,Ethans Ho Oh ex 230 182,https://tcgplayer-cdn.tcgplayer.com/product/633030_200w.jpg,3,24269,https://cpt.tcgcsv.com/Dd57,2025-12-29T13:20:31.31,1,"<strong>Ability: Golden Flame</strong> Once during your turn, you may attach up to 2 Basic Fire Energy cards from your hand to 1 of your Benched Ethan's Pokémon.",136.0,159.97,9999.0,143.79,,Holofoil,,230/182,Special Illustration Rare,Fire,230,Basic,[RRRR] Shining Feathers (160)<br> Heal 50 damage from each of your Pokémon.,Wx2,2,,
633031,Team Rocket's Mewtwo ex - 231/182,Team Rockets Mewtwo ex 231 182,https://tcgplayer-cdn.tcgplayer.com/product/633031_200w.jpg,3,24269,https://cpt.tcgcsv.com/Fd57,2025-08-12T11:49:49.177,1,<strong>Ability: Power Saver</strong> This Pokémon can't attack unless you have 4 or more Team Rocket's Pokémon in play.,389.01,457.0,999.0,413.66,,Holofoil,,231/182,Special Illustration Rare,Psychic,280,Basic,[PPC] Erasure Ball (160+)<br> You may discard up to 2 Energy from your Benched Pokémon. This attack does 60 more damage for each card you discarded in this way.,Dx2,3,,F-30
633032,Cynthia's Garchomp ex - 232/182,Cynthias Garchomp ex 232 182,https://tcgplayer-cdn.tcgplayer.com/product/633032_200w.jpg,3,24269,https://cpt.tcgcsv.com/Gd57,2025-07-14T12:09:58.167,1,,179.99,220.0,500.0,193.7,,Holofoil,,232/182,Special Illustration Rare,Fighting,330,Stage 2,[F] Corkscrew Dive (100)<br> You may draw cards until you have 6 cards in your hand.,Gx2,,[FF] Draconic Buster (260)<br> Discard all Energy from this Pokémon.,
633033,Team Rocket's Nidoking ex - 233/182,Team Rockets Nidoking ex 233 182,https://tcgplayer-cdn.tcgplayer.com/product/633033_200w.jpg,3,24269,https://cpt.tcgcsv.com/Hd57,2025-12-05T18:31:05.32,1,,86.69,103.81,400.0,90.94,,Holofoil,,233/182,Special Illustration Rare,Darkness,330,Stage 2,"[DDC] Tainted Horn (100)<br> Your opponent's Active Pokémon is now Poisoned. During Pokémon Checkup, put 8 damage counters on that Pokémon instead of 1.",Fx2,3,[DDDC] Kingly Impact (240),
633034,Team Rocket's Crobat ex - 234/182,Team Rockets Crobat ex 234 182,https://tcgplayer-cdn.tcgplayer.com/product/633034_200w.jpg,3,24269,https://cpt.tcgcsv.com/Jd57,2025-12-29T14:40:11.417,1,"<strong>Ability: Biting Spree</strong> When you play this Pokémon from your hand to evolve 1 of your Pokémon during your turn, you may choose 2 of your opponent's Pokémon and put 2 damage counters on each of them.",60.0,76.52,200.0,66.68,73.41,Holofoil,,234/182,Special Illustration Rare,Darkness,310,Stage 2,[DD] Assassin's Return (120)<br> You may put this Pokémon into your hand. <em>(Discard all cards attached to this Pokémon.)</em>,Lx2,1,,F-30
633035,Arven's Mabosstiff ex - 235/182,Arvens Mabosstiff ex 235 182,https://tcgplayer-cdn.tcgplayer.com/product/633035_200w.jpg,3,24269,https://cpt.tcgcsv.com/Kd57,2025-07-14T12:09:56.88,1,,23.5,30.68,116.0,25.21,,Holofoil,,235/182,Special Illustration Rare,Darkness,270,Stage 1,"[C] Vigorous Tackle (30+)<br> If this Pokémon has no damage counters on it, this attack does 120 more damage.",Gx2,3,"[CCC] Boss Headbutt (210)<br> During your next turn, this Pokémon can't use Boss Headbutt.",
633036,Ethan's Adventure - 236/182,Ethans Adventure 236 182,https://tcgplayer-cdn.tcgplayer.com/product/633036_200w.jpg,3,24269,https://cpt.tcgcsv.com/Ld57,2025-11-30T00:58:17.953,1,"Search your deck for up to 3 in any combination of Ethan's Pokémon and Basic Fire Energy cards, reveal them, and put them into your hand. Then, shuffle your deck.",39.99,48.49,89.99,43.04,,Holofoil,,236/182,Special Illustration Rare,Trainer - Supporter,,,,,,,
633037,Team Rocket's Ariana - 237/182,Team Rockets Ariana 237 182,https://tcgplayer-cdn.tcgplayer.com/product/633037_200w.jpg,3,24269,https://cpt.tcgcsv.com/Md57,2025-07-14T12:10:07.527,1,"Draw cards until you have 5 cards in your hand. If all of your Pokémon in play are Team Rocket's Pokémon, draw cards until you have 8 cards in your hand instead.",22.0,30.0,180.0,24.53,,Holofoil,,237/182,Special Illustration Rare,Trainer - Supporter,,,,,,,
633038,Team Rocket's Giovanni - 238/182,Team Rockets Giovanni 238 182,https://tcgplayer-cdn.tcgplayer.com/product/633038_200w.jpg,3,24269,https://cpt.tcgcsv.com/Nd57,2025-07-14T12:10:08.907,1,"Switch your Active Team Rocket's Pokémon with 1 of your Benched Team Rocket's Pokémon. If you do, switch in 1 of your opponent's Benched Pokémon to the Active Spot.",25.0,33.49,300.0,27.93,,Holofoil,,238/182,Special Illustration Rare,Trainer - Supporter,,,,,,,
633039,Ethan's Ho-Oh ex - 239/182,Ethans Ho Oh ex 239 182,https://tcgplayer-cdn.tcgplayer.com/product/633039_200w.jpg,3,24269,https://cpt.tcgcsv.com/Pd57,2025-07-14T12:09:59.78,1,"<strong>Ability: Golden Flame</strong> Once during your turn, you may attach up to 2 Basic Fire Energy cards from your hand to 1 of your Benched Ethan's Pokémon.",21.0,29.52,9999.0,24.58,,Holofoil,,239/182,Hyper Rare,Fire,230,Basic,[RRRR] Shining Feathers (160)<br> Heal 50 damage from each of your Pokémon.,Wx2,2,,
633040,Team Rocket's Mewtwo ex - 240/182,Team Rockets Mewtwo ex 240 182,https://tcgplayer-cdn.tcgplayer.com/product/633040_200w.jpg,3,24269,https://cpt.tcgcsv.com/Qd57,2025-07-14T12:10:10.287,1,<strong>Ability: Power Saver</strong> This Pokémon can't attack unless you have 4 or more Team Rocket's Pokémon in play.,48.0,61.55,9999.0,51.18,,Holofoil,,240/182,Hyper Rare,Psychic,280,Basic,[PPC] Erasure Ball (160+)<br> You may discard up to 2 Energy from your Benched Pokémon. This attack does 60 more damage for each card you discarded in this way.,Dx2,3,,F-30
633041,Cynthia's Garchomp ex - 241/182,Cynthias Garchomp ex 241 182,https://tcgplayer-cdn.tcgplayer.com/product/633041_200w.jpg,3,24269,https://cpt.tcgcsv.com/Rd57,2025-07-14T12:09:58.21,1,,24.0,32.93,200.0,28.35,28.0,Holofoil,,241/182,Hyper Rare,Fighting,330,Stage 2,[F] Corkscrew Dive (100)<br> You may draw cards until you have 6 cards in your hand.,Gx2,,[FF] Draconic Buster (260)<br> Discard all Energy from this Pokémon.,
633042,Team Rocket's Crobat ex - 242/182,Team Rockets Crobat ex 242 182,https://tcgplayer-cdn.tcgplayer.com/product/633042_200w.jpg,3,24269,https://cpt.tcgcsv.com/Sd57,2025-07-14T12:10:08.163,1,"<strong>Ability: Biting Spree</strong> When you play this Pokémon from your hand to evolve 1 of your Pokémon during your turn, you may choose 2 of your opponent's Pokémon and put 2 damage counters on each of them.",13.86,19.31,9999.0,16.34,17.77,Holofoil,,242/182,Hyper Rare,Darkness,310,Stage 2,[DD] Assassin's Return (120)<br> You may put this Pokémon into your hand. <em>(Discard all cards attached to this Pokémon.)</em>,Lx2,1,,F-30
633043,Jamming Tower,Jamming Tower,https://tcgplayer-cdn.tcgplayer.com/product/633043_200w.jpg,3,24269,https://cpt.tcgcsv.com/Td57,2026-01-02T17:44:21.053,1,Pokémon Tools attached to each Pokémon <em>(both yours and your opponent's)</em> have no effect.,13.0,16.97,50.0,14.83,14.35,Holofoil,,243/182,Hyper Rare,Trainer - Stadium,,,,,,,
633044,Levincia,Levincia,https://tcgplayer-cdn.tcgplayer.com/product/633044_200w.jpg,3,24269,https://cpt.tcgcsv.com/Vd57,2025-07-14T12:10:01.693,1,"Once during each player's turn, that player may put up to 2 Basic Lightning Energy cards from their discard pile into their hand.",9.99,12.92,25.0,10.73,12.43,Holofoil,,244/182,Hyper Rare,Trainer - Stadium,,,,,,,
633105,Destined Rivals Single Pack Blister [Eevee],Destined Rivals Single Pack Blister Eevee,https://tcgplayer-cdn.tcgplayer.com/product/633105_200w.jpg,3,24269,https://cpt.tcgcsv.com/7g57,2025-05-30T04:10:27.47,1,"Whose Side Are You On?<br>
Pokémon Trainers, be on high alert! The nefarious Team Rocket is setting its latest plan into motion, and heroic Trainers are racing to stop it. Join forces with the likes of Cynthia and Garchomp ex, Ethan and Ho-Oh ex, or Arven and Mabosstiff ex… Or reconsider your loyalties and fight alongside Team Rocket’s Pokémon like Mewtwo ex—under the command of Giovanni! Choose a side, assemble your allies, and battle boldly in the Pokémon TCG: Scarlet & Violet—Destined Rivals expansion!<br><br>

Each blister comes with 1 booster pack, 1 coin, and a promotional card.",3.0,10.89,20.0,10.04,,Normal,,,,,,,,,,,
633106,Destined Rivals Single Pack Blister [Zarude],Destined Rivals Single Pack Blister Zarude,https://tcgplayer-cdn.tcgplayer.com/product/633106_200w.jpg,3,24269,https://cpt.tcgcsv.com/8g57,2025-05-30T04:10:27.47,1,"Whose Side Are You On?<br>
Pokémon Trainers, be on high alert! The nefarious Team Rocket is setting its latest plan into motion, and heroic Trainers are racing to stop it. Join forces with the likes of Cynthia and Garchomp ex, Ethan and Ho-Oh ex, or Arven and Mabosstiff ex… Or reconsider your loyalties and fight alongside Team Rocket’s Pokémon like Mewtwo ex—under the command of Giovanni! Choose a side, assemble your allies, and battle boldly in the Pokémon TCG: Scarlet & Violet—Destined Rivals expansion!<br><br>

Each blister comes with 1 booster pack, 1 coin, and a promotional card.",2.5,10.35,20.0,8.2,,Normal,,,,,,,,,,,
633151,Code Card - Destined Rivals Elite Trainer Box,Code Card Destined Rivals Elite Trainer Box,https://tcgplayer-cdn.tcgplayer.com/product/633151_200w.jpg,3,24269,https://cpt.tcgcsv.com/2h57,2025-05-30T04:10:27.47,1,"This listing is <strong>not</strong> a physical item. Please keep in mind that this <strong>Code Card</strong> listing represents a digital copy of the stated item for the Pokémon TCG Online <strong>and/or</strong> the Pokémon TCG Live games. You may receive the physical <strong>Code Card</strong>. Upon purchase, please work with your specific Seller by sending them a message using the <strong>Contact Seller</strong> button on the order details in your <a href=https://store.tcgplayer.com/myaccount/orderhistory>Order History</a> to opt in to having your <strong>Code Card</strong> code delivered digitally due to the nature of the product.",0.01,0.32,0.85,0.32,,Normal,,,Code Card,,,,,,,,
633152,Code Card - Destined Rivals Pokemon Center Elite Trainer Box (Exclusive),Code Card Destined Rivals Pokemon Center Elite Trainer Box Exclusive,https://tcgplayer-cdn.tcgplayer.com/product/633152_200w.jpg,3,24269,https://cpt.tcgcsv.com/3h57,2025-05-30T04:10:27.47,1,"This listing is <strong>not</strong> a physical item. Please keep in mind that this <strong>Code Card</strong> listing represents a digital copy of the stated item for the Pokémon TCG Online <strong>and/or</strong> the Pokémon TCG Live games. You may receive the physical <strong>Code Card</strong>. Upon purchase, please work with your specific Seller by sending them a message using the <strong>Contact Seller</strong> button on the order details in your <a href=https://store.tcgplayer.com/myaccount/orderhistory>Order History</a> to opt in to having your <strong>Code Card</strong> code delivered digitally due to the nature of the product.",2.14,2.15,2.15,2.09,,Normal,,,Code Card,,,,,,,,
633167,Code Card - Destined Rivals Build & Battle Box,Code Card Destined Rivals Build and Battle Box,https://tcgplayer-cdn.tcgplayer.com/product/633167_200w.jpg,3,24269,https://cpt.tcgcsv.com/mh57,2025-05-30T04:10:27.47,1,"This listing is <strong>not</strong> a physical item. Please keep in mind that this <strong>Code Card</strong> listing represents a digital copy of the stated item for the Pokémon TCG Online <strong>and/or</strong> the Pokémon TCG Live games. You may receive the physical <strong>Code Card</strong>. Upon purchase, please work with your specific Seller by sending them a message using the <strong>Contact Seller</strong> button on the order details in your <a href=https://store.tcgplayer.com/myaccount/orderhistory>Order History</a> to opt in to having your <strong>Code Card</strong> code delivered digitally due to the nature of the product.",0.25,1.1,2.99,1.0,,Normal,,,Code Card,,,,,,,,
633169,Code Card - Destined Rivals Booster Pack,Code Card Destined Rivals Booster Pack,https://tcgplayer-cdn.tcgplayer.com/product/633169_200w.jpg,3,24269,https://cpt.tcgcsv.com/ph57,2025-05-30T04:10:27.47,1,"This listing is <strong>not</strong> a physical item. Please keep in mind that this <strong>Code Card</strong> listing represents a digital copy of the stated item for the Pokémon TCG Online <strong>and/or</strong> the Pokémon TCG Live games. You may receive the physical <strong>Code Card</strong>. Upon purchase, please work with your specific Seller by sending them a message using the <strong>Contact Seller</strong> button on the order details in your <a href=https://store.tcgplayer.com/myaccount/orderhistory>Order History</a> to opt in to having your <strong>Code Card</strong> code delivered digitally due to the nature of the product.",0.01,0.05,1.32,0.03,,Normal,,,Code Card,,,,,,,,
634383,Destined Rivals Build & Battle Box Display,Destined Rivals Build and Battle Box Display,https://tcgplayer-cdn.tcgplayer.com/product/634383_200w.jpg,3,24269,https://cpt.tcgcsv.com/HM57,2025-06-13T04:12:26.303,1,"Whose Side Are You On?<br>
Pokémon Trainers, be on high alert! The nefarious Team Rocket is setting its latest plan into motion, and heroic Trainers are racing to stop it. Join forces with the likes of Cynthia and Garchomp ex, Ethan and Ho-Oh ex, or Arven and Mabosstiff ex… Or reconsider your loyalties and fight alongside Team Rocket’s Pokémon like Mewtwo ex—under the command of Giovanni! Choose a side, assemble your allies, and battle boldly in the Pokémon TCG: Scarlet & Violet—Destined Rivals expansion!<br><br>

<strong>Display contains 10 Destined Rivals Build & Battle Boxes.</strong>

<br><br>Each box contains:<br>
• A 40-card ready-to-play deck, including 1 of 4 unique foil promo cards<br>
• 4 Pokémon TCG: Scarlet & Violet—Destined Rivals booster packs<br>
• A code card for Pokémon TCG Live",399.99,464.99,524.83,385.88,,Normal,,,,,,,,,,,
635053,Destined Rivals Sleeved Booster Pack Art Bundle [Set of 4],Destined Rivals Sleeved Booster Pack Art Bundle Set of 4,https://tcgplayer-cdn.tcgplayer.com/product/635053_200w.jpg,3,24269,https://cpt.tcgcsv.com/5267,2025-05-30T17:39:31.487,1,"Collect each of the 4 unique art packs for Destined Rivals.
<br>Each Destined Rivals Sleeved Booster Pack contains 10 random cards.",29.0,34.99,70.0,33.44,,Normal,0820650853258,,,,,,,,,,
635328,Destined Rivals 3 Pack Blister [Set of 2],Destined Rivals 3 Pack Blister Set of 2,https://tcgplayer-cdn.tcgplayer.com/product/635328_200w.jpg,3,24269,https://cpt.tcgcsv.com/B867,2025-05-30T19:08:29.4,0,"Collect each of the Destined Rivals 3 Pack Blisters.
<br><br>Each 3 Pack blister comes with 3 Destined Rivals booster packs, 1 coin, and a promotional card.",65.99,67.99,74.99,51.22,,Normal,,,,,,,,,,,
636299,Code Card - Destined Rivals 3 Pack Blister [Zebstrika],Code Card Destined Rivals 3 Pack Blister Zebstrika,https://tcgplayer-cdn.tcgplayer.com/product/636299_200w.jpg,3,24269,https://cpt.tcgcsv.com/_w67,2025-06-13T16:13:30.933,1,"This listing is <strong>not</strong> a physical item. Please keep in mind that this <strong>Code Card</strong> listing represents a digital copy of the stated item for the Pokémon TCG Online <strong>and/or</strong> the Pokémon TCG Live games. You may receive the physical <strong>Code Card</strong>. Upon purchase, please work with your specific Seller by sending them a message using the <strong>Contact Seller</strong> button on the order details in your <a href=https://store.tcgplayer.com/myaccount/orderhistory>Order History</a> to opt in to having your <strong>Code Card</strong> code delivered digitally due to the nature of the product.",0.03,0.14,0.49,0.12,,Normal,,,Code Card,,,,,,,,
636300,Code Card - Destined Rivals 3 Pack Blister [Kangaskhan],Code Card Destined Rivals 3 Pack Blister Kangaskhan,https://tcgplayer-cdn.tcgplayer.com/product/636300_200w.jpg,3,24269,https://cpt.tcgcsv.com/0x67,2025-06-13T16:13:42.133,1,"This listing is <strong>not</strong> a physical item. Please keep in mind that this <strong>Code Card</strong> listing represents a digital copy of the stated item for the Pokémon TCG Online <strong>and/or</strong> the Pokémon TCG Live games. You may receive the physical <strong>Code Card</strong>. Upon purchase, please work with your specific Seller by sending them a message using the <strong>Contact Seller</strong> button on the order details in your <a href=https://store.tcgplayer.com/myaccount/orderhistory>Order History</a> to opt in to having your <strong>Code Card</strong> code delivered digitally due to the nature of the product.",0.01,0.14,0.29,0.11,,Normal,,,Code Card,,,,,,,,
636301,Code Card - Destined Rivals 1 Pack Blister [Zarude],Code Card Destined Rivals 1 Pack Blister Zarude,https://tcgplayer-cdn.tcgplayer.com/product/636301_200w.jpg,3,24269,https://cpt.tcgcsv.com/2x67,2025-06-13T16:13:52.623,1,"This listing is <strong>not</strong> a physical item. Please keep in mind that this <strong>Code Card</strong> listing represents a digital copy of the stated item for the Pokémon TCG Online <strong>and/or</strong> the Pokémon TCG Live games. You may receive the physical <strong>Code Card</strong>. Upon purchase, please work with your specific Seller by sending them a message using the <strong>Contact Seller</strong> button on the order details in your <a href=https://store.tcgplayer.com/myaccount/orderhistory>Order History</a> to opt in to having your <strong>Code Card</strong> code delivered digitally due to the nature of the product.",0.04,0.2,0.25,0.18,,Normal,,,Code Card,,,,,,,,
636302,Code Card - Destined Rivals 1 Pack Blister [Gastrodon],Code Card Destined Rivals 1 Pack Blister Gastrodon,https://tcgplayer-cdn.tcgplayer.com/product/636302_200w.jpg,3,24269,https://cpt.tcgcsv.com/3x67,2025-06-13T16:14:03.047,1,"This listing is <strong>not</strong> a physical item. Please keep in mind that this <strong>Code Card</strong> listing represents a digital copy of the stated item for the Pokémon TCG Online <strong>and/or</strong> the Pokémon TCG Live games. You may receive the physical <strong>Code Card</strong>. Upon purchase, please work with your specific Seller by sending them a message using the <strong>Contact Seller</strong> button on the order details in your <a href=https://store.tcgplayer.com/myaccount/orderhistory>Order History</a> to opt in to having your <strong>Code Card</strong> code delivered digitally due to the nature of the product.",0.15,0.2,0.25,0.17,,Normal,,,Code Card,,,,,,,,
636303,Code Card - Destined Rivals 1 Pack Blister [Eevee],Code Card Destined Rivals 1 Pack Blister Eevee,https://tcgplayer-cdn.tcgplayer.com/product/636303_200w.jpg,3,24269,https://cpt.tcgcsv.com/5x67,2025-06-13T16:14:12.69,1,"This listing is <strong>not</strong> a physical item. Please keep in mind that this <strong>Code Card</strong> listing represents a digital copy of the stated item for the Pokémon TCG Online <strong>and/or</strong> the Pokémon TCG Live games. You may receive the physical <strong>Code Card</strong>. Upon purchase, please work with your specific Seller by sending them a message using the <strong>Contact Seller</strong> button on the order details in your <a href=https://store.tcgplayer.com/myaccount/orderhistory>Order History</a> to opt in to having your <strong>Code Card</strong> code delivered digitally due to the nature of the product.",0.02,0.22,0.25,0.2,,Normal,,,Code Card,,,,,,,,
636304,Code Card - Destined Rivals 1 Pack Blister [Rabsca],Code Card Destined Rivals 1 Pack Blister Rabsca,https://tcgplayer-cdn.tcgplayer.com/product/636304_200w.jpg,3,24269,https://cpt.tcgcsv.com/6x67,2025-06-13T16:14:28.097,1,"This listing is <strong>not</strong> a physical item. Please keep in mind that this <strong>Code Card</strong> listing represents a digital copy of the stated item for the Pokémon TCG Online <strong>and/or</strong> the Pokémon TCG Live games. You may receive the physical <strong>Code Card</strong>. Upon purchase, please work with your specific Seller by sending them a message using the <strong>Contact Seller</strong> button on the order details in your <a href=https://store.tcgplayer.com/myaccount/orderhistory>Order History</a> to opt in to having your <strong>Code Card</strong> code delivered digitally due to the nature of the product.",0.15,0.17,0.2,0.17,,Normal,,,Code Card,,,,,,,,
637654,Code Card - Destined Rivals Premium Checklane Blister [Skeledirge],Code Card Destined Rivals Premium Checklane Blister Skeledirge,https://tcgplayer-cdn.tcgplayer.com/product/637654_200w.jpg,3,24269,https://cpt.tcgcsv.com/6577,2025-06-13T15:38:43.803,1,"This listing is <strong>not</strong> a physical item. Please keep in mind that this <strong>Code Card</strong> listing represents a digital copy of the stated item for the Pokémon TCG Online <strong>and/or</strong> the Pokémon TCG Live games. You may receive the physical <strong>Code Card</strong>. Upon purchase, please work with your specific Seller by sending them a message using the <strong>Contact Seller</strong> button on the order details in your <a href=https://store.tcgplayer.com/myaccount/orderhistory>Order History</a> to opt in to having your <strong>Code Card</strong> code delivered digitally due to the nature of the product.",,,,,,,,,Code Card,,,,,,,,
637655,Code Card - Destined Rivals Premium Checklane Blister [Togekiss],Code Card Destined Rivals Premium Checklane Blister Togekiss,https://tcgplayer-cdn.tcgplayer.com/product/637655_200w.jpg,3,24269,https://cpt.tcgcsv.com/7577,2025-06-13T15:39:04.097,1,"This listing is <strong>not</strong> a physical item. Please keep in mind that this <strong>Code Card</strong> listing represents a digital copy of the stated item for the Pokémon TCG Online <strong>and/or</strong> the Pokémon TCG Live games. You may receive the physical <strong>Code Card</strong>. Upon purchase, please work with your specific Seller by sending them a message using the <strong>Contact Seller</strong> button on the order details in your <a href=https://store.tcgplayer.com/myaccount/orderhistory>Order History</a> to opt in to having your <strong>Code Card</strong> code delivered digitally due to the nature of the product.",0.4,0.4,0.4,0.42,,Normal,,,Code Card,,,,,,,,
649711,Destined Rivals Booster Pack Art Bundle [Set of 4],Destined Rivals Booster Pack Art Bundle Set of 4,https://tcgplayer-cdn.tcgplayer.com/product/649711_200w.jpg,3,24269,https://cpt.tcgcsv.com/fVc7,2025-08-18T13:40:20.523,1,"Collect each of the 4 unique art packs for Destined Rivals.
<br>Each Destined Rivals booster pack contains 10 random cards.",31.0,34.69,90.0,33.38,,Normal,,,,,,,,,,,
650765,Destined Rivals Fun Pack,Destined Rivals Fun Pack,https://tcgplayer-cdn.tcgplayer.com/product/650765_200w.jpg,3,24269,https://cpt.tcgcsv.com/kkd7,2025-08-25T15:34:30.917,1,Each Destined Rivals Fun Pack contains 3 random cards.,0.5,3.17,4.99,2.52,,Normal,,,,,,,,,,,
