productId,name,cleanName,imageUrl,categoryId,groupId,url,modifiedOn,imageCount,extCardText,lowPrice,midPrice,highPrice,marketPrice,directLowPrice,subTypeName,extUPC,extNumber,extRarity,extCardType,extHP,extStage,extAttack1,extWeakness,extResistance,extRetreatCost,extAttack2
528038,Paldean Fates Booster Pack,Paldean Fates Booster Pack,https://tcgplayer-cdn.tcgplayer.com/product/528038_200w.jpg,3,23353,https://cpt.tcgcsv.com/Ndf6,2024-01-26T05:03:19.627,1,"The spotlight glistens on Shiny Pokémon making their fated return to the Pokémon TCG! Shiny Pikachu blazes the path forward as Tinkaton, Ceruledge, Dondozo, and more than 100 other Shiny Pokémon follow. Meanwhile, Great Tusk and Iron Treads appear as Ancient and Future Pokémon ex, and Charizard, Forretress, and Espathra show off their own unique skills as Shiny Tera Pokémon ex. Shed some light and discover sparkling wonders in the Scarlet & Violet—Paldean Fates expansion!",11.0,14.43,25.0,13.13,,Normal,,,,,,,,,,,
528039,Paldean Fates Pokemon Center Elite Trainer Box (Exclusive),Paldean Fates Pokemon Center Elite Trainer Box Exclusive,https://tcgplayer-cdn.tcgplayer.com/product/528039_200w.jpg,3,23353,https://cpt.tcgcsv.com/Pdf6,2024-01-26T05:03:19.627,1,"The Pokémon TCG: Scarlet & Violet—Paldean Fates Pokémon Center Elite Trainer Box includes:
<br>• 11 Pokémon TCG: Scarlet & Violet—Paldean Fates booster packs
Each booster pack contains 10 cards and 1 Basic Energy. Cards vary by pack.
<br>• 1 full-art foil promo card featuring Shiny Mimikyu with a Pokémon Center logo
<br>• 1 full-art foil promo card featuring Shiny Mimikyu
<br>• 65 card sleeves featuring Shiny Mimikyu
<br>• 45 Pokémon TCG Energy cards
<br>• A player’s guide to the Scarlet & Violet—Paldean Fates expansion
<br>• 6 damage-counter dice
<br>• 1 competition-legal coin-flip die
<br>• 2 plastic condition markers
<br>• A box to hold everything, with 4 dividers to keep it organized
<br>• A code card for Pokémon Trading Card Game Live",381.4,495.49,14998.0,381.62,,Normal,,,,,,,,,,,
528040,Paldean Fates Elite Trainer Box,Paldean Fates Elite Trainer Box,https://tcgplayer-cdn.tcgplayer.com/product/528040_200w.jpg,3,23353,https://cpt.tcgcsv.com/Qdf6,2024-01-30T14:17:10.53,1,"The Pokémon TCG: Scarlet & Violet—Paldean Fates Elite Trainer Box includes:
<br>• 9 Pokémon TCG: Scarlet & Violet—Paldean Fates booster packs
Each booster pack contains 10 cards and 1 Basic Energy. Cards vary by pack.
<br>• 1 full-art foil promo card featuring Shiny Mimikyu
<br>• 65 card sleeves featuring Shiny Mimikyu
<br>• 45 Pokémon TCG Energy cards
<br>• A player’s guide to the Scarlet & Violet—Paldean Fates expansion
<br>• 6 damage-counter dice
<br>• 1 competition-legal coin-flip die
<br>• 2 plastic condition markers
<br>• A box to hold everything, with 4 dividers to keep it organized
<br>• A code card for Pokémon Trading Card Game Live",285.0,324.97,775.0,282.35,,Normal,,,,,,,,,,,
528043,Paldean Fates Tech Sticker Collection [Fidough],Paldean Fates Tech Sticker Collection Fidough,https://tcgplayer-cdn.tcgplayer.com/product/528043_200w.jpg,3,23353,https://cpt.tcgcsv.com/Tdf6,2024-01-26T05:03:19.627,1,"Spruce up your tablet, laptop, or other tech device with a loyal and friendly Shiny Pokémon pal from the Paldea region! Inside this box, you'll find a cool tech sticker and promo card featuring one of three Shiny Pokémon, plus booster packs from the special Scarlet & Violet-Paldean Fates expansion.
The Pokémon TCG: Scarlet & Violet-Paldean Fates Tech Sticker Collection includes:
<br>• 1 foil promo card featuring Shiny Fidough
<br>• 1 tech sticker featuring Shiny Fidough
<br>• 3 Pokémon TCG: Scarlet & Violet-Paldean Fates booster packs
<br>• A code card for Pokémon TCG Live",35.0,48.99,100.0,37.36,,Normal,,,,,,,,,,,
528044,Paldean Fates Tech Sticker Collection [Maschiff],Paldean Fates Tech Sticker Collection Maschiff,https://tcgplayer-cdn.tcgplayer.com/product/528044_200w.jpg,3,23353,https://cpt.tcgcsv.com/Vdf6,2024-01-26T05:03:19.627,1,"Spruce up your tablet, laptop, or other tech device with a loyal and friendly Shiny Pokémon pal from the Paldea region! Inside this box, you'll find a cool tech sticker and promo card featuring one of three Shiny Pokémon, plus booster packs from the special Scarlet & Violet-Paldean Fates expansion.
The Pokémon TCG: Scarlet & Violet-Paldean Fates Tech Sticker Collection includes:
<br>• 1 foil promo card featuring Shiny Maschiff
<br>• 1 tech sticker featuring Shiny Maschiff
<br>• 3 Pokémon TCG: Scarlet & Violet-Paldean Fates booster packs
<br>• A code card for Pokémon TCG Live",33.19,44.99,99.99,37.59,,Normal,,,,,,,,,,,
528045,Paldean Fates Tech Sticker Collection [Greavard],Paldean Fates Tech Sticker Collection Greavard,https://tcgplayer-cdn.tcgplayer.com/product/528045_200w.jpg,3,23353,https://cpt.tcgcsv.com/Wdf6,2024-01-26T05:03:19.627,1,"Spruce up your tablet, laptop, or other tech device with a loyal and friendly Shiny Pokémon pal from the Paldea region! Inside this box, you'll find a cool tech sticker and promo card featuring one of three Shiny Pokémon, plus booster packs from the special Scarlet & Violet-Paldean Fates expansion.
The Pokémon TCG: Scarlet & Violet-Paldean Fates Tech Sticker Collection includes:
<br>• 1 foil promo card featuring Shiny Greavard
<br>• 1 tech sticker featuring Shiny Greavard
<br>• 3 Pokémon TCG: Scarlet & Violet-Paldean Fates booster packs
<br>• A code card for Pokémon TCG Live",32.45,47.99,99.99,38.22,,Normal,,,,,,,,,,,
528047,Paldean Fates Mini Tin Display,Paldean Fates Mini Tin Display,https://tcgplayer-cdn.tcgplayer.com/product/528047_200w.jpg,3,23353,https://cpt.tcgcsv.com/Zdf6,2025-01-22T13:00:44.01,1,"This product contains 2 of each Paldean Fates Mini Tin design (for a total of 10). Each mini tin contains 2 booster packs, 1 sticker sheet and 1 Pokémon art card.",390.0,433.5,187783.13,329.95,,Normal,0820650866289,,,,,,,,,,
528049,Paldean Fates Mini Tin [Smoliv],Paldean Fates Mini Tin Smoliv,https://tcgplayer-cdn.tcgplayer.com/product/528049_200w.jpg,3,23353,https://cpt.tcgcsv.com/_df6,2024-02-09T05:03:15.08,1,"In this Pokémon TCG: Scarlet & Violet-Paldean Fates Mini Tin, you'll find:
<br>• 2 Pokémon TCG: Scarlet & Violet-Paldean Fates booster packs
<br>• 1 sticker sheet
<br>• A Pokémon art card showing the art from this Mini Tin-you can collect and combine all 5!",29.0,34.89,45.0,31.5,,Normal,,,,,,,,,,,
528050,Paldean Fates Mini Tin [Flamigo],Paldean Fates Mini Tin Flamigo,https://tcgplayer-cdn.tcgplayer.com/product/528050_200w.jpg,3,23353,https://cpt.tcgcsv.com/0ff6,2024-02-09T05:03:15.08,1,"In this Pokémon TCG: Scarlet & Violet-Paldean Fates Mini Tin, you'll find:
<br>• 2 Pokémon TCG: Scarlet & Violet-Paldean Fates booster packs
<br>• 1 sticker sheet
<br>• A Pokémon art card showing the art from this Mini Tin-you can collect and combine all 5!",25.45,32.96,40.0,30.05,,Normal,,,,,,,,,,,
528051,Paldean Fates Mini Tin [Maushold],Paldean Fates Mini Tin Maushold,https://tcgplayer-cdn.tcgplayer.com/product/528051_200w.jpg,3,23353,https://cpt.tcgcsv.com/2ff6,2024-02-09T05:03:15.08,1,"In this Pokémon TCG: Scarlet & Violet-Paldean Fates Mini Tin, you'll find:
<br>• 2 Pokémon TCG: Scarlet & Violet-Paldean Fates booster packs
<br>• 1 sticker sheet
<br>• A Pokémon art card showing the art from this Mini Tin-you can collect and combine all 5!",38.96,45.0,52.9,44.04,,Normal,,,,,,,,,,,
528052,Paldean Fates Mini Tin [Tinkatink],Paldean Fates Mini Tin Tinkatink,https://tcgplayer-cdn.tcgplayer.com/product/528052_200w.jpg,3,23353,https://cpt.tcgcsv.com/3ff6,2024-02-09T05:03:15.08,1,"In this Pokémon TCG: Scarlet & Violet-Paldean Fates Mini Tin, you'll find:
<br>• 2 Pokémon TCG: Scarlet & Violet-Paldean Fates booster packs
<br>• 1 sticker sheet
<br>• A Pokémon art card showing the art from this Mini Tin-you can collect and combine all 5!",30.0,40.0,57.99,34.43,,Normal,,,,,,,,,,,
528055,Paldean Fates Mini Tin [Finizen],Paldean Fates Mini Tin Finizen,https://tcgplayer-cdn.tcgplayer.com/product/528055_200w.jpg,3,23353,https://cpt.tcgcsv.com/7ff6,2024-02-09T05:03:15.08,1,"In this Pokémon TCG: Scarlet & Violet-Paldean Fates Mini Tin, you'll find:
<br>• 2 Pokémon TCG: Scarlet & Violet-Paldean Fates booster packs
<br>• 1 sticker sheet
<br>• A Pokémon art card showing the art from this Mini Tin-you can collect and combine all 5!",34.0,37.69,44.9,31.52,,Normal,,,,,,,,,,,
528056,Paldean Fates Tin [Charizard ex],Paldean Fates Tin Charizard ex,https://tcgplayer-cdn.tcgplayer.com/product/528056_200w.jpg,3,23353,https://cpt.tcgcsv.com/8ff6,2024-02-09T05:03:15.08,1,"Shiny Pokémon ex in the Spotlight!

Behold the breathtaking power of Shiny Pokémon ex who transcend the boundaries of time and type! With this tin, choose the quaking force of Great Tusk ex as an Ancient Pokémon, the iron-clad determination of Iron Treads ex as a Future Pokémon, or the burning spirit of Charizard ex as a Darkness-type Tera Pokémon. Then, discover even more awesome cards in Scarlet & Violet-Paldean Fates booster packs!
<br>The Pokémon TCG: Scarlet & Violet-Paldean Fates Tin includes:
<br>• 1 foil promo card featuring Shiny Great Tusk ex, Shiny Iron Treads ex, or Shiny Charizard ex
<br>• 5 Pokémon TCG: Scarlet & Violet-Paldean Fates booster packs
<br>• A code card for Pokémon TCG Live",124.2,149.99,350.0,121.57,,Normal,,,,,,,,,,,
528057,Paldean Fates Tin [Great Tusk ex],Paldean Fates Tin Great Tusk ex,https://tcgplayer-cdn.tcgplayer.com/product/528057_200w.jpg,3,23353,https://cpt.tcgcsv.com/9ff6,2024-02-09T05:03:15.08,1,"Shiny Pokémon ex in the Spotlight!

Behold the breathtaking power of Shiny Pokémon ex who transcend the boundaries of time and type! With this tin, choose the quaking force of Great Tusk ex as an Ancient Pokémon, the iron-clad determination of Iron Treads ex as a Future Pokémon, or the burning spirit of Charizard ex as a Darkness-type Tera Pokémon. Then, discover even more awesome cards in Scarlet & Violet-Paldean Fates booster packs!
<br>The Pokémon TCG: Scarlet & Violet-Paldean Fates Tin includes:
<br>• 1 foil promo card featuring Shiny Great Tusk ex, Shiny Iron Treads ex, or Shiny Charizard ex
<br>• 5 Pokémon TCG: Scarlet & Violet-Paldean Fates booster packs
<br>• A code card for Pokémon TCG Live",79.69,95.0,139.99,68.09,,Normal,,,,,,,,,,,
528058,Paldean Fates Tin [Iron Treads ex],Paldean Fates Tin Iron Treads ex,https://tcgplayer-cdn.tcgplayer.com/product/528058_200w.jpg,3,23353,https://cpt.tcgcsv.com/bff6,2024-02-09T05:03:15.08,1,"Shiny Pokémon ex in the Spotlight!

Behold the breathtaking power of Shiny Pokémon ex who transcend the boundaries of time and type! With this tin, choose the quaking force of Great Tusk ex as an Ancient Pokémon, the iron-clad determination of Iron Treads ex as a Future Pokémon, or the burning spirit of Charizard ex as a Darkness-type Tera Pokémon. Then, discover even more awesome cards in Scarlet & Violet-Paldean Fates booster packs!
<br>The Pokémon TCG: Scarlet & Violet-Paldean Fates Tin includes:
<br>• 1 foil promo card featuring Shiny Great Tusk ex, Shiny Iron Treads ex, or Shiny Charizard ex
<br>• 5 Pokémon TCG: Scarlet & Violet-Paldean Fates booster packs
<br>• A code card for Pokémon TCG Live",59.99,100.0,145.0,64.53,,Normal,,,,,,,,,,,
528059,Paldean Fates International Tin [Iron Treads ex],Paldean Fates International Tin Iron Treads ex,https://tcgplayer-cdn.tcgplayer.com/product/528059_200w.jpg,3,23353,https://cpt.tcgcsv.com/cff6,2024-02-09T05:03:15.08,1,"Shiny Pokémon ex in the Spotlight!

Behold the breathtaking power of Shiny Pokémon ex who transcend the boundaries of time and type! With this tin, choose the quaking force of Great Tusk ex as an Ancient Pokémon, the iron-clad determination of Iron Treads ex as a Future Pokémon, or the burning spirit of Charizard ex as a Darkness-type Tera Pokémon. Then, discover even more awesome cards in Scarlet & Violet-Paldean Fates booster packs!
<br>The Pokémon TCG: Scarlet & Violet-Paldean Fates Tin includes:
<br>• 1 foil promo card featuring Shiny Great Tusk ex, Shiny Iron Treads ex, or Shiny Charizard ex
<br>• 4 Pokémon TCG: Scarlet & Violet-Paldean Fates booster packs
<br>• A code card for Pokémon TCG Live",59.99,63.99,75.0,55.59,,Normal,,,,,,,,,,,
528060,Paldean Fates International Tin [Great Tusk ex],Paldean Fates International Tin Great Tusk ex,https://tcgplayer-cdn.tcgplayer.com/product/528060_200w.jpg,3,23353,https://cpt.tcgcsv.com/dff6,2024-02-09T05:03:15.08,1,"Shiny Pokémon ex in the Spotlight!

Behold the breathtaking power of Shiny Pokémon ex who transcend the boundaries of time and type! With this tin, choose the quaking force of Great Tusk ex as an Ancient Pokémon, the iron-clad determination of Iron Treads ex as a Future Pokémon, or the burning spirit of Charizard ex as a Darkness-type Tera Pokémon. Then, discover even more awesome cards in Scarlet & Violet-Paldean Fates booster packs!
<br>The Pokémon TCG: Scarlet & Violet-Paldean Fates Tin includes:
<br>• 1 foil promo card featuring Shiny Great Tusk ex, Shiny Iron Treads ex, or Shiny Charizard ex
<br>• 4 Pokémon TCG: Scarlet & Violet-Paldean Fates booster packs
<br>• A code card for Pokémon TCG Live",59.0,65.95,75.0,59.61,,Normal,,,,,,,,,,,
528063,Paldean Fates International Tin [Charizard ex],Paldean Fates International Tin Charizard ex,https://tcgplayer-cdn.tcgplayer.com/product/528063_200w.jpg,3,23353,https://cpt.tcgcsv.com/hff6,2024-02-09T05:03:15.08,1,"Shiny Pokémon ex in the Spotlight!

Behold the breathtaking power of Shiny Pokémon ex who transcend the boundaries of time and type! With this tin, choose the quaking force of Great Tusk ex as an Ancient Pokémon, the iron-clad determination of Iron Treads ex as a Future Pokémon, or the burning spirit of Charizard ex as a Darkness-type Tera Pokémon. Then, discover even more awesome cards in Scarlet & Violet-Paldean Fates booster packs!
<br>The Pokémon TCG: Scarlet & Violet-Paldean Fates Tin includes:
<br>• 1 foil promo card featuring Shiny Great Tusk ex, Shiny Iron Treads ex, or Shiny Charizard ex
<br>• 4 Pokémon TCG: Scarlet & Violet-Paldean Fates booster packs
<br>• A code card for Pokémon TCG Live",99.99,108.99,149.99,92.12,,Normal,,,,,,,,,,,
528079,Paldean Fates Premium Collection [Meowscarada ex],Paldean Fates Premium Collection Meowscarada ex,https://tcgplayer-cdn.tcgplayer.com/product/528079_200w.jpg,3,23353,https://cpt.tcgcsv.com/Cff6,2024-02-09T05:03:15.403,1,"Capturing a Shiny Pokémon has always been a rare feat, but you can add three of these Pokémon with special coloring to your arsenal in each of these collections! The final Evolution appears as a Shiny Pokémon ex, while the Basic and Stage 1 Pokémon join in as playable promo cards, and you can show off the full Evolution chain in a magnetic 3-card protector. You'll also find an oversize card featuring the star Pokémon ex, plus a stack of booster packs from the Scarlet & Violet-Paldean Fates expansion to further grow your collection!
<br>Each Pokémon TCG: Scarlet & Violet-Paldean Fates Pokémon ex Premium Collection includes:
<br>• 1 etched foil promo card featuring Shiny Meowscarada ex, Shiny Skeledirge ex, or Shiny Quaquaval ex
<br>• 1 etched foil promo card featuring Shiny Floragato, Shiny Crocalor, or Shiny Quaxwell
<br>• 1 etched foil promo card featuring Shiny Sprigatito, Shiny Fuecoco, or Shiny Quaxly
<br>• 1 oversize foil card featuring Shiny Meowscarada ex, Shiny Skeledirge ex, or Shiny Quaquaval ex
<br>• 8 Pokémon TCG: Scarlet & Violet-Paldean Fates booster packs
<br>• 1 magnetic 3-card protector with base
<br>• A code card for Pokémon TCG Live",198.98,200.0,200.0,163.98,,Normal,,,,,,,,,,,
528080,Paldean Fates Premium Collection [Skeledirge ex],Paldean Fates Premium Collection Skeledirge ex,https://tcgplayer-cdn.tcgplayer.com/product/528080_200w.jpg,3,23353,https://cpt.tcgcsv.com/Dff6,2024-02-09T05:03:15.403,1,"Capturing a Shiny Pokémon has always been a rare feat, but you can add three of these Pokémon with special coloring to your arsenal in each of these collections! The final Evolution appears as a Shiny Pokémon ex, while the Basic and Stage 1 Pokémon join in as playable promo cards, and you can show off the full Evolution chain in a magnetic 3-card protector. You'll also find an oversize card featuring the star Pokémon ex, plus a stack of booster packs from the Scarlet & Violet-Paldean Fates expansion to further grow your collection!
<br>Each Pokémon TCG: Scarlet & Violet-Paldean Fates Pokémon ex Premium Collection includes:
<br>• 1 etched foil promo card featuring Shiny Meowscarada ex, Shiny Skeledirge ex, or Shiny Quaquaval ex
<br>• 1 etched foil promo card featuring Shiny Floragato, Shiny Crocalor, or Shiny Quaxwell
<br>• 1 etched foil promo card featuring Shiny Sprigatito, Shiny Fuecoco, or Shiny Quaxly
<br>• 1 oversize foil card featuring Shiny Meowscarada ex, Shiny Skeledirge ex, or Shiny Quaquaval ex
<br>• 8 Pokémon TCG: Scarlet & Violet-Paldean Fates booster packs
<br>• 1 magnetic 3-card protector with base
<br>• A code card for Pokémon TCG Live",146.01,187.01,250.0,153.54,,Normal,,,,,,,,,,,
528082,Paldean Fates Premium Collection [Quaquaval ex],Paldean Fates Premium Collection Quaquaval ex,https://tcgplayer-cdn.tcgplayer.com/product/528082_200w.jpg,3,23353,https://cpt.tcgcsv.com/Gff6,2024-02-09T05:03:15.403,1,"Capturing a Shiny Pokémon has always been a rare feat, but you can add three of these Pokémon with special coloring to your arsenal in each of these collections! The final Evolution appears as a Shiny Pokémon ex, while the Basic and Stage 1 Pokémon join in as playable promo cards, and you can show off the full Evolution chain in a magnetic 3-card protector. You'll also find an oversize card featuring the star Pokémon ex, plus a stack of booster packs from the Scarlet & Violet-Paldean Fates expansion to further grow your collection!
<br>Each Pokémon TCG: Scarlet & Violet-Paldean Fates Pokémon ex Premium Collection includes:
<br>• 1 etched foil promo card featuring Shiny Meowscarada ex, Shiny Skeledirge ex, or Shiny Quaquaval ex
<br>• 1 etched foil promo card featuring Shiny Floragato, Shiny Crocalor, or Shiny Quaxwell
<br>• 1 etched foil promo card featuring Shiny Sprigatito, Shiny Fuecoco, or Shiny Quaxly
<br>• 1 oversize foil card featuring Shiny Meowscarada ex, Shiny Skeledirge ex, or Shiny Quaquaval ex
<br>• 8 Pokémon TCG: Scarlet & Violet-Paldean Fates booster packs
<br>• 1 magnetic 3-card protector with base
<br>• A code card for Pokémon TCG Live",155.01,174.98,275.0,157.03,,Normal,,,,,,,,,,,
528227,Paldean Fates International Tins [Set of 3],Paldean Fates International Tins Set of 3,https://tcgplayer-cdn.tcgplayer.com/product/528227_200w.jpg,3,23353,https://cpt.tcgcsv.com/zjf6,2024-02-09T05:03:15.08,1,"Shiny Pokémon ex in the Spotlight!
<br>
Behold the breathtaking power of Shiny Pokémon ex who transcend the boundaries of time and type! With this tin, choose the quaking force of Great Tusk ex as an Ancient Pokémon, the iron-clad determination of Iron Treads ex as a Future Pokémon, or the burning spirit of Charizard ex as a Darkness-type Tera Pokémon. Then, discover even more awesome cards in Scarlet & Violet-Paldean Fates booster packs!
<br>The Pokémon TCG: Scarlet & Violet-Paldean Fates Tin includes:
<br>• 1 foil promo card featuring Shiny Great Tusk ex, Shiny Iron Treads ex, or Shiny Charizard ex
<br>• 4 Pokémon TCG: Scarlet & Violet-Paldean Fates booster packs
<br>• A code card for Pokémon TCG Live",279.99,317.5,350.0,178.99,,Normal,,,,,,,,,,,
528228,Paldean Fates Tins [Set of 3],Paldean Fates Tins Set of 3,https://tcgplayer-cdn.tcgplayer.com/product/528228_200w.jpg,3,23353,https://cpt.tcgcsv.com/Bjf6,2024-02-09T05:03:15.08,1,"Shiny Pokémon ex in the Spotlight!
<br>
Behold the breathtaking power of Shiny Pokémon ex who transcend the boundaries of time and type! With this tin, choose the quaking force of Great Tusk ex as an Ancient Pokémon, the iron-clad determination of Iron Treads ex as a Future Pokémon, or the burning spirit of Charizard ex as a Darkness-type Tera Pokémon. Then, discover even more awesome cards in Scarlet & Violet-Paldean Fates booster packs!
<br>The Pokémon TCG: Scarlet & Violet-Paldean Fates Tin includes:
<br>• 1 foil promo card featuring Shiny Great Tusk ex, Shiny Iron Treads ex, or Shiny Charizard ex
<br>• 5 Pokémon TCG: Scarlet & Violet-Paldean Fates booster packs
<br>• A code card for Pokémon TCG Live",325.95,362.97,399.98,265.97,,Normal,,,,,,,,,,,
528229,Paldean Fates Tech Sticker Collections [Set of 3],Paldean Fates Tech Sticker Collections Set of 3,https://tcgplayer-cdn.tcgplayer.com/product/528229_200w.jpg,3,23353,https://cpt.tcgcsv.com/Cjf6,2024-01-26T05:03:19.627,1,"Spruce up your tablet, laptop, or other tech device with a loyal and friendly Shiny Pokémon pal from the Paldea region! Inside this box, you'll find a cool tech sticker and promo card featuring one of three Shiny Pokémon, plus booster packs from the special Scarlet & Violet-Paldean Fates expansion.
The Pokémon TCG: Scarlet & Violet-Paldean Fates Tech Sticker Collection includes:
<br>• 1 foil promo card featuring Shiny Greavard
<br>• 1 tech sticker featuring Shiny Greavard
<br>• 3 Pokémon TCG: Scarlet & Violet-Paldean Fates booster packs
<br>• A code card for Pokémon TCG Live",108.0,135.0,200.0,115.37,,Normal,,,,,,,,,,,
528324,Paldean Fates Premium Collection [Set of 3],Paldean Fates Premium Collection Set of 3,https://tcgplayer-cdn.tcgplayer.com/product/528324_200w.jpg,3,23353,https://cpt.tcgcsv.com/vlf6,2024-02-09T05:03:15.403,1,"Capturing a Shiny Pokémon has always been a rare feat, but you can add three of these Pokémon with special coloring to your arsenal in each of these collections! The final Evolution appears as a Shiny Pokémon ex, while the Basic and Stage 1 Pokémon join in as playable promo cards, and you can show off the full Evolution chain in a magnetic 3-card protector. You'll also find an oversize card featuring the star Pokémon ex, plus a stack of booster packs from the Scarlet & Violet-Paldean Fates expansion to further grow your collection!
<br>Each Pokémon TCG: Scarlet & Violet-Paldean Fates Pokémon ex Premium Collection includes:
<br>• 1 etched foil promo card featuring Shiny Meowscarada ex, Shiny Skeledirge ex, or Shiny Quaquaval ex
<br>• 1 etched foil promo card featuring Shiny Floragato, Shiny Crocalor, or Shiny Quaxwell
<br>• 1 etched foil promo card featuring Shiny Sprigatito, Shiny Fuecoco, or Shiny Quaxly
<br>• 1 oversize foil card featuring Shiny Meowscarada ex, Shiny Skeledirge ex, or Shiny Quaquaval ex
<br>• 8 Pokémon TCG: Scarlet & Violet-Paldean Fates booster packs
<br>• 1 magnetic 3-card protector with base
<br>• A code card for Pokémon TCG Live",560.0,583.84,900.0,416.1,,Normal,,,,,,,,,,,
528771,Paldean Fates Booster Bundle,Paldean Fates Booster Bundle,https://tcgplayer-cdn.tcgplayer.com/product/528771_200w.jpg,3,23353,https://cpt.tcgcsv.com/rwf6,2025-10-09T14:36:57.787,1,"The spotlight glistens on Shiny Pokémon making their fated return to the Pokémon TCG! Shiny Pikachu blazes the path forward as Tinkaton, Ceruledge, Dondozo, and more than 100 other Shiny Pokémon follow. Meanwhile, Great Tusk and Iron Treads appear as Ancient and Future Pokémon ex, and Charizard, Forretress, and Espathra show off their own unique skills as Shiny Tera Pokémon ex. Shed some light and discover sparkling wonders in the Scarlet & Violet—Paldean Fates expansion!
<br>Expand your collection with this Booster Bundle containing six booster packs from Pokémon TCG: Scarlet & Violet—Paldean Fates!",95.0,110.56,220.0,97.2,,Normal,0820650856174,,,,,,,,,,
529039,Paldean Fates Mini Tin [Set of 5],Paldean Fates Mini Tin Set of 5,https://tcgplayer-cdn.tcgplayer.com/product/529039_200w.jpg,3,23353,https://cpt.tcgcsv.com/PDf6,2024-02-09T05:03:15.08,1,"This product contains 5 Mini Tins designs.
<br>In each Pokémon TCG: Scarlet & Violet-Paldean Fates Mini Tin, you’ll find:
<br>• 2 Pokémon TCG: Scarlet & Violet-Paldean Fates booster packs
<br>• 1 sticker sheet
<br>• A Pokémon art card showing the art from this Mini Tin-you can collect and combine all 5!",159.0,177.49,207489.77,152.22,,Normal,,,,,,,,,,,
530700,Paldean Fates Elite Trainer Box Case,Paldean Fates Elite Trainer Box Case,https://tcgplayer-cdn.tcgplayer.com/product/530700_200w.jpg,3,23353,https://cpt.tcgcsv.com/0jg6,2025-04-03T15:33:52.387,1,"Each Paldean Fates Elite Trainer Box Case contains 10 Elite Trainer Boxes.
<br>
The Pokémon TCG: Scarlet & Violet—Paldean Fates Elite Trainer Box includes:
<br>• 9 Pokémon TCG: Scarlet & Violet—Paldean Fates booster packs
Each booster pack contains 10 cards and 1 Basic Energy. Cards vary by pack.
<br>• 1 full-art foil promo card featuring Shiny Mimikyu
<br>• 65 card sleeves featuring Shiny Mimikyu
<br>• 45 Pokémon TCG Energy cards
<br>• A player’s guide to the Scarlet & Violet—Paldean Fates expansion
<br>• 6 damage-counter dice
<br>• 1 competition-legal coin-flip die
<br>• 2 plastic condition markers
<br>• A box to hold everything, with 4 dividers to keep it organized
<br>• A code card for Pokémon Trading Card Game Live",3199.99,3999.99,4000.0,2552.31,,Normal,,,,,,,,,,,
530704,Paldean Fates Booster Bundle Display,Paldean Fates Booster Bundle Display,https://tcgplayer-cdn.tcgplayer.com/product/530704_200w.jpg,3,23353,https://cpt.tcgcsv.com/6jg6,2025-10-07T18:18:47.74,1,"Contains 10 Booster Bundles. Each Booster Bundle contains six booster packs from Paldean Fates.
<br>
The spotlight glistens on Shiny Pokémon making their fated return to the Pokémon TCG! Shiny Pikachu blazes the path forward as Tinkaton, Ceruledge, Dondozo, and more than 100 other Shiny Pokémon follow. Meanwhile, Great Tusk and Iron Treads appear as Ancient and Future Pokémon ex, and Charizard, Forretress, and Espathra show off their own unique skills as Shiny Tera Pokémon ex. Shed some light and discover sparkling wonders in the Scarlet & Violet—Paldean Fates expansion!
Expand your collection with this Booster Bundle containing six booster packs from Pokémon TCG: Scarlet & Violet—Paldean Fates!",1194.99,1500.0,4399.0,1023.51,,Normal,,,,,,,,,,,
534132,Pineco - 001/091,Pineco 001 091,https://tcgplayer-cdn.tcgplayer.com/product/534132_200w.jpg,3,23353,https://cpt.tcgcsv.com/GGh6,2025-12-11T05:01:27.453,1,,0.01,0.15,40.0,0.08,,Reverse Holofoil,,001/091,Common,Grass,70,Basic,[GG] Rollout (30),Fx2,None,2,
534132,Pineco - 001/091,Pineco 001 091,https://tcgplayer-cdn.tcgplayer.com/product/534132_200w.jpg,3,23353,https://cpt.tcgcsv.com/GGh6,2025-12-11T05:01:27.453,1,,0.01,0.1,20.0,0.04,,Normal,,001/091,Common,Grass,70,Basic,[GG] Rollout (30),Fx2,None,2,
534133,Forretress ex - 002/091,Forretress ex 002 091,https://tcgplayer-cdn.tcgplayer.com/product/534133_200w.jpg,3,23353,https://cpt.tcgcsv.com/HGh6,2025-10-31T18:01:44.38,1,"<strong>Ability — Explosive Energy</strong>
<br>Once during your turn, you may search your deck for up to 5 Basic [G] Energy cards and attach them to your Pokemon in any way you like. Then, shuffle your deck. If you searched your deck in this way, this Pokemon is Knocked Out.",0.25,0.99,40.0,0.54,0.4,Holofoil,,002/091,Double Rare,Grass,270,Stage 1,"[GG] Guard Press (120)
<br>During your opponent’s next turn, this Pokemon takes 30 less damage from attacks (after applying Weakness and Resistance).",Fx2,None,3,
534136,Maractus,Maractus,https://tcgplayer-cdn.tcgplayer.com/product/534136_200w.jpg,3,23353,https://cpt.tcgcsv.com/LGh6,2025-12-11T05:28:21.18,1,,0.03,0.15,40.0,0.14,,Reverse Holofoil,,003/091,Common,Grass,110,Basic,,Fx2,None,2,
534136,Maractus,Maractus,https://tcgplayer-cdn.tcgplayer.com/product/534136_200w.jpg,3,23353,https://cpt.tcgcsv.com/LGh6,2025-12-11T05:28:21.18,1,,0.01,0.1,20.0,0.06,,Normal,,003/091,Common,Grass,110,Basic,,Fx2,None,2,
534137,Toedscool - 004/091,Toedscool 004 091,https://tcgplayer-cdn.tcgplayer.com/product/534137_200w.jpg,3,23353,https://cpt.tcgcsv.com/MGh6,2026-01-13T16:24:42.023,1,,0.01,0.1,9.99,0.04,,Normal,,004/091,Common,Grass,60,Basic,"[G] Spore
<br>Your opponent’s Active Pokemon is now Asleep.",Rx2,None,2,[2] Ram (10)
534137,Toedscool - 004/091,Toedscool 004 091,https://tcgplayer-cdn.tcgplayer.com/product/534137_200w.jpg,3,23353,https://cpt.tcgcsv.com/MGh6,2026-01-13T16:24:42.023,1,,0.01,0.15,1.49,0.08,,Reverse Holofoil,,004/091,Common,Grass,60,Basic,"[G] Spore
<br>Your opponent’s Active Pokemon is now Asleep.",Rx2,None,2,[2] Ram (10)
534139,Toedscruel ex - 005/091,Toedscruel ex 005 091,https://tcgplayer-cdn.tcgplayer.com/product/534139_200w.jpg,3,23353,https://cpt.tcgcsv.com/PGh6,2025-10-31T18:01:44.013,1,"<strong>Ability — Protective Mycelium</strong>
<br>Prevent all effects of attacks from your opponent’s Pokemon done to all of your Pokemon that have Energy attached. (Existing effects are not removed. Damage is not an effect.)",0.25,0.99,30.0,0.6,0.5,Holofoil,,005/091,Double Rare,Grass,,Stage 1,"[G][G] Colony Rush (80+)
<br>This attack does 40 more damage for each of your Benched Pokemon with [G] Energy attached.",Rx2,,2,
534140,Espathra ex - 006/091,Espathra ex 006 091,https://tcgplayer-cdn.tcgplayer.com/product/534140_200w.jpg,3,23353,https://cpt.tcgcsv.com/QGh6,2025-12-09T05:36:34.617,1,,0.1,0.94,5.14,0.47,0.39,Holofoil,,006/091,Double Rare,Grass,260,Stage 1,,Rx2,,1,
534142,Charmander - 007/091,Charmander 007 091,https://tcgplayer-cdn.tcgplayer.com/product/534142_200w.jpg,3,23353,https://cpt.tcgcsv.com/SGh6,2025-10-31T18:01:43.04,1,,0.04,0.23,19.98,0.18,0.14,Reverse Holofoil,,007/091,Common,Fire,70,Basic,[R] Blazing Destruction<br>Discard a Stadium in play.,Wx2,None,1,[RR] Steady Firebreathing (30)
534142,Charmander - 007/091,Charmander 007 091,https://tcgplayer-cdn.tcgplayer.com/product/534142_200w.jpg,3,23353,https://cpt.tcgcsv.com/SGh6,2025-10-31T18:01:43.04,1,,0.02,0.15,20.0,0.12,0.07,Normal,,007/091,Common,Fire,70,Basic,[R] Blazing Destruction<br>Discard a Stadium in play.,Wx2,None,1,[RR] Steady Firebreathing (30)
534143,Charmeleon - 008/091,Charmeleon 008 091,https://tcgplayer-cdn.tcgplayer.com/product/534143_200w.jpg,3,23353,https://cpt.tcgcsv.com/TGh6,2025-12-09T05:25:28.983,1,,0.05,0.25,45.0,0.24,0.15,Reverse Holofoil,,008/091,Uncommon,Fire,90,Stage 1,,Wx2,None,2,
534143,Charmeleon - 008/091,Charmeleon 008 091,https://tcgplayer-cdn.tcgplayer.com/product/534143_200w.jpg,3,23353,https://cpt.tcgcsv.com/TGh6,2025-12-09T05:25:28.983,1,,0.01,0.15,25.0,0.11,0.05,Normal,,008/091,Uncommon,Fire,90,Stage 1,,Wx2,None,2,
534149,Magmar,Magmar,https://tcgplayer-cdn.tcgplayer.com/product/534149_200w.jpg,3,23353,https://cpt.tcgcsv.com/_Gh6,2025-02-07T20:24:06.587,1,,0.01,0.1,20.0,0.06,,Normal,,009/091,Common,Fire,80,Basic,,Wx2,None,2,
534149,Magmar,Magmar,https://tcgplayer-cdn.tcgplayer.com/product/534149_200w.jpg,3,23353,https://cpt.tcgcsv.com/_Gh6,2025-02-07T20:24:06.587,1,,0.02,0.15,40.0,0.12,,Reverse Holofoil,,009/091,Common,Fire,80,Basic,,Wx2,None,2,
534150,Magmortar,Magmortar,https://tcgplayer-cdn.tcgplayer.com/product/534150_200w.jpg,3,23353,https://cpt.tcgcsv.com/0Hh6,2025-02-07T20:24:06.633,1,,0.01,0.15,40.0,0.12,,Holofoil,,010/091,Rare,Fire,140,Stage 1,,Wx2,None,3,
534150,Magmortar,Magmortar,https://tcgplayer-cdn.tcgplayer.com/product/534150_200w.jpg,3,23353,https://cpt.tcgcsv.com/0Hh6,2025-02-07T20:24:06.633,1,,0.04,0.2,2.0,0.15,,Reverse Holofoil,,010/091,Rare,Fire,140,Stage 1,,Wx2,None,3,
534152,Numel,Numel,https://tcgplayer-cdn.tcgplayer.com/product/534152_200w.jpg,3,23353,https://cpt.tcgcsv.com/3Hh6,2025-12-11T05:32:42.913,1,,0.01,0.15,20.0,0.18,0.02,Normal,,011/091,Common,Fire,80,Basic,,Wx2,None,3,
534152,Numel,Numel,https://tcgplayer-cdn.tcgplayer.com/product/534152_200w.jpg,3,23353,https://cpt.tcgcsv.com/3Hh6,2025-12-11T05:32:42.913,1,,0.01,0.2,40.0,0.31,,Reverse Holofoil,,011/091,Common,Fire,80,Basic,,Wx2,None,3,
534153,Camerupt,Camerupt,https://tcgplayer-cdn.tcgplayer.com/product/534153_200w.jpg,3,23353,https://cpt.tcgcsv.com/5Hh6,2025-12-11T05:43:23.133,1,,0.05,0.19,40.0,0.14,0.14,Reverse Holofoil,,012/091,Uncommon,Fire,130,Stage 1,,Wx2,None,3,
534153,Camerupt,Camerupt,https://tcgplayer-cdn.tcgplayer.com/product/534153_200w.jpg,3,23353,https://cpt.tcgcsv.com/5Hh6,2025-12-11T05:43:23.133,1,,0.01,0.1,20.0,0.03,0.02,Normal,,012/091,Uncommon,Fire,130,Stage 1,,Wx2,None,3,
534154,Heat Rotom,Heat Rotom,https://tcgplayer-cdn.tcgplayer.com/product/534154_200w.jpg,3,23353,https://cpt.tcgcsv.com/6Hh6,2025-02-07T20:24:06.747,1,,0.02,0.2,40.0,0.16,,Reverse Holofoil,,013/091,Rare,Fire,90,Basic,,Wx2,None,1,
534154,Heat Rotom,Heat Rotom,https://tcgplayer-cdn.tcgplayer.com/product/534154_200w.jpg,3,23353,https://cpt.tcgcsv.com/6Hh6,2025-02-07T20:24:06.747,1,,0.01,0.15,20.0,0.11,,Holofoil,,013/091,Rare,Fire,90,Basic,,Wx2,None,1,
534155,Charcadet - 014/091,Charcadet 014 091,https://tcgplayer-cdn.tcgplayer.com/product/534155_200w.jpg,3,23353,https://cpt.tcgcsv.com/7Hh6,2025-12-11T05:42:38.983,1,,0.01,0.1,1.51,0.04,0.02,Normal,,014/091,Common,Fire,70,Basic,[1RR] Heat Blast (60),Wx2,None,1,
534155,Charcadet - 014/091,Charcadet 014 091,https://tcgplayer-cdn.tcgplayer.com/product/534155_200w.jpg,3,23353,https://cpt.tcgcsv.com/7Hh6,2025-12-11T05:42:38.983,1,,0.01,0.15,50.0,0.11,,Reverse Holofoil,,014/091,Common,Fire,70,Basic,[1RR] Heat Blast (60),Wx2,None,1,
534156,Armarouge - 015/091,Armarouge 015 091,https://tcgplayer-cdn.tcgplayer.com/product/534156_200w.jpg,3,23353,https://cpt.tcgcsv.com/8Hh6,2025-11-11T00:39:24.863,1,"<strong>Ability — Fire Off</strong>
<br>As often as you like during your turn, you may move a Fire Energy from 1 of your Benched Pokémon to your Active Pokémon.",0.04,0.2,5.95,0.17,0.15,Reverse Holofoil,,015/091,Rare,Fire,130,Stage 1,"[1RR] Falme Cannon (90)
<br>Your opponent's Active Pokemon is now Burned.",Wx2,None,2,
534156,Armarouge - 015/091,Armarouge 015 091,https://tcgplayer-cdn.tcgplayer.com/product/534156_200w.jpg,3,23353,https://cpt.tcgcsv.com/8Hh6,2025-11-11T00:39:24.863,1,"<strong>Ability — Fire Off</strong>
<br>As often as you like during your turn, you may move a Fire Energy from 1 of your Benched Pokémon to your Active Pokémon.",0.01,0.15,20.0,0.09,0.04,Holofoil,,015/091,Rare,Fire,130,Stage 1,"[1RR] Falme Cannon (90)
<br>Your opponent's Active Pokemon is now Burned.",Wx2,None,2,
534158,Lapras,Lapras,https://tcgplayer-cdn.tcgplayer.com/product/534158_200w.jpg,3,23353,https://cpt.tcgcsv.com/bHh6,2026-01-13T15:58:49.81,1,,0.03,0.18,19.98,0.16,0.05,Reverse Holofoil,,016/091,Common,Water,110,Basic,,Mx2,None,1,
534158,Lapras,Lapras,https://tcgplayer-cdn.tcgplayer.com/product/534158_200w.jpg,3,23353,https://cpt.tcgcsv.com/bHh6,2026-01-13T15:58:49.81,1,,0.01,0.1,20.0,0.05,0.02,Normal,,016/091,Common,Water,110,Basic,,Mx2,None,1,
534161,Frigibax - 017/091,Frigibax 017 091,https://tcgplayer-cdn.tcgplayer.com/product/534161_200w.jpg,3,23353,https://cpt.tcgcsv.com/fHh6,2025-12-11T05:10:14.093,1,,0.01,0.1,10.06,0.06,,Normal,,017/091,Common,Water,70,Basic,,Mx2,None,2,
534161,Frigibax - 017/091,Frigibax 017 091,https://tcgplayer-cdn.tcgplayer.com/product/534161_200w.jpg,3,23353,https://cpt.tcgcsv.com/fHh6,2025-12-11T05:10:14.093,1,,0.02,0.16,1.49,0.12,,Reverse Holofoil,,017/091,Common,Water,70,Basic,,Mx2,None,2,
534163,Pikachu - 018/091,Pikachu 018 091,https://tcgplayer-cdn.tcgplayer.com/product/534163_200w.jpg,3,23353,https://cpt.tcgcsv.com/hHh6,2025-12-11T05:02:00.957,1,,0.01,0.23,10.0,0.2,0.12,Reverse Holofoil,,018/091,Common,Lightning,70,Basic,"[1] Growl
<br>During your opponent’s next turn, the Defending Pokemon’s attacks do 20 less damage (before applying Weakness and Resistance).",Fx2,None,1,[1L] Pika Bolt (30)
534163,Pikachu - 018/091,Pikachu 018 091,https://tcgplayer-cdn.tcgplayer.com/product/534163_200w.jpg,3,23353,https://cpt.tcgcsv.com/hHh6,2025-12-11T05:02:00.957,1,,0.01,0.15,20.0,0.12,0.03,Normal,,018/091,Common,Lightning,70,Basic,"[1] Growl
<br>During your opponent’s next turn, the Defending Pokemon’s attacks do 20 less damage (before applying Weakness and Resistance).",Fx2,None,1,[1L] Pika Bolt (30)
534165,Raichu - 019/091,Raichu 019 091,https://tcgplayer-cdn.tcgplayer.com/product/534165_200w.jpg,3,23353,https://cpt.tcgcsv.com/kHh6,2025-10-31T18:01:43.17,1,"<strong>Ability — Electrical Grounding</strong>
<br>When 1 of your Pokemon is Knocked Out by damage from an attack from your opponent's Pokemon, you may move a L Energy from that Pokemon to this Pokemon.",0.01,0.17,2.35,0.14,0.09,Holofoil,,019/091,Rare,Lightning,120,Stage 1,"[1LL] Thunder (180)
<br>This Pokemon also does 50 damage to itself",Fx2,None,1,
534165,Raichu - 019/091,Raichu 019 091,https://tcgplayer-cdn.tcgplayer.com/product/534165_200w.jpg,3,23353,https://cpt.tcgcsv.com/kHh6,2025-10-31T18:01:43.17,1,"<strong>Ability — Electrical Grounding</strong>
<br>When 1 of your Pokemon is Knocked Out by damage from an attack from your opponent's Pokemon, you may move a L Energy from that Pokemon to this Pokemon.",0.05,0.22,8.29,0.21,,Reverse Holofoil,,019/091,Rare,Lightning,120,Stage 1,"[1LL] Thunder (180)
<br>This Pokemon also does 50 damage to itself",Fx2,None,1,
534166,Chinchou,Chinchou,https://tcgplayer-cdn.tcgplayer.com/product/534166_200w.jpg,3,23353,https://cpt.tcgcsv.com/lHh6,2025-12-11T05:42:09.817,1,,0.01,0.1,20.0,0.04,0.02,Normal,,020/091,Common,Lightning,60,Basic,,Fx2,None,1,
534166,Chinchou,Chinchou,https://tcgplayer-cdn.tcgplayer.com/product/534166_200w.jpg,3,23353,https://cpt.tcgcsv.com/lHh6,2025-12-11T05:42:09.817,1,,0.01,0.15,40.0,0.09,,Reverse Holofoil,,020/091,Common,Lightning,60,Basic,,Fx2,None,1,
534167,Lanturn,Lanturn,https://tcgplayer-cdn.tcgplayer.com/product/534167_200w.jpg,3,23353,https://cpt.tcgcsv.com/mHh6,2025-12-11T05:26:13.877,1,,0.01,0.1,20.0,0.03,,Normal,,021/091,Uncommon,Lightning,120,Stage 1,,Fx2,None,2,
534167,Lanturn,Lanturn,https://tcgplayer-cdn.tcgplayer.com/product/534167_200w.jpg,3,23353,https://cpt.tcgcsv.com/mHh6,2025-12-11T05:26:13.877,1,,0.01,0.17,1.38,0.12,,Reverse Holofoil,,021/091,Uncommon,Lightning,120,Stage 1,,Fx2,None,2,
534168,Kilowattrel - 022/091,Kilowattrel 022 091,https://tcgplayer-cdn.tcgplayer.com/product/534168_200w.jpg,3,23353,https://cpt.tcgcsv.com/nHh6,2026-01-13T15:55:44.26,1,,0.01,0.1,20.0,0.05,0.02,Normal,,022/091,Uncommon,Lightning,120,Stage 1,,Lx2,F-30,0,
534168,Kilowattrel - 022/091,Kilowattrel 022 091,https://tcgplayer-cdn.tcgplayer.com/product/534168_200w.jpg,3,23353,https://cpt.tcgcsv.com/nHh6,2026-01-13T15:55:44.26,1,,0.01,0.19,1.49,0.15,0.07,Reverse Holofoil,,022/091,Uncommon,Lightning,120,Stage 1,,Lx2,F-30,0,
534169,Exeggcute,Exeggcute,https://tcgplayer-cdn.tcgplayer.com/product/534169_200w.jpg,3,23353,https://cpt.tcgcsv.com/pHh6,2025-12-11T05:08:53.6,1,,0.01,0.1,20.0,0.06,,Normal,,023/091,Common,Psychic,60,Basic,,Dx2,F-30,2,
534169,Exeggcute,Exeggcute,https://tcgplayer-cdn.tcgplayer.com/product/534169_200w.jpg,3,23353,https://cpt.tcgcsv.com/pHh6,2025-12-11T05:08:53.6,1,,0.03,0.15,1.51,0.11,,Reverse Holofoil,,023/091,Common,Psychic,60,Basic,,Dx2,F-30,2,
534170,Exeggutor,Exeggutor,https://tcgplayer-cdn.tcgplayer.com/product/534170_200w.jpg,3,23353,https://cpt.tcgcsv.com/qHh6,2025-12-09T05:38:11.457,1,,0.02,0.19,2.47,0.16,,Reverse Holofoil,,024/091,Rare,Psychic,130,Stage 1,,Dx2,F-30,2,
534170,Exeggutor,Exeggutor,https://tcgplayer-cdn.tcgplayer.com/product/534170_200w.jpg,3,23353,https://cpt.tcgcsv.com/qHh6,2025-12-09T05:38:11.457,1,,0.01,0.15,20.0,0.1,0.05,Holofoil,,024/091,Rare,Psychic,130,Stage 1,,Dx2,F-30,2,
534171,Xatu - 026/091,Xatu 026 091,https://tcgplayer-cdn.tcgplayer.com/product/534171_200w.jpg,3,23353,https://cpt.tcgcsv.com/rHh6,2025-12-10T23:08:46.783,1,,0.08,0.21,50.0,0.15,,Reverse Holofoil,,026/091,Rare,Psychic,100,Stage 1,,Dx2,F-30,1,
534171,Xatu - 026/091,Xatu 026 091,https://tcgplayer-cdn.tcgplayer.com/product/534171_200w.jpg,3,23353,https://cpt.tcgcsv.com/rHh6,2025-12-10T23:08:46.783,1,,0.01,0.15,19.98,0.1,0.05,Holofoil,,026/091,Rare,Psychic,100,Stage 1,,Dx2,F-30,1,
534173,Ralts - 027/091,Ralts 027 091,https://tcgplayer-cdn.tcgplayer.com/product/534173_200w.jpg,3,23353,https://cpt.tcgcsv.com/tHh6,2025-12-11T05:34:38.897,1,,0.01,0.14,20.0,0.09,0.03,Normal,,027/091,Common,Psychic,70,Basic,[1P] Psyshot (30),Dx2,F-30,1,
534173,Ralts - 027/091,Ralts 027 091,https://tcgplayer-cdn.tcgplayer.com/product/534173_200w.jpg,3,23353,https://cpt.tcgcsv.com/tHh6,2025-12-11T05:34:38.897,1,,0.05,0.2,5.14,0.18,,Reverse Holofoil,,027/091,Common,Psychic,70,Basic,[1P] Psyshot (30),Dx2,F-30,1,
534174,Kirlia - 028/091,Kirlia 028 091,https://tcgplayer-cdn.tcgplayer.com/product/534174_200w.jpg,3,23353,https://cpt.tcgcsv.com/vHh6,2025-12-11T05:21:08.637,1,,0.05,0.24,19.98,0.22,0.2,Reverse Holofoil,,028/091,Uncommon,Psychic,90,Stage 1,[1P] Magical Shot (30),Dx2,F-30,1,"[1PP] Psychic (60+)
<br>This attack does 20 more damage for each Energy attached to your opponent's Active Pokémon."
534174,Kirlia - 028/091,Kirlia 028 091,https://tcgplayer-cdn.tcgplayer.com/product/534174_200w.jpg,3,23353,https://cpt.tcgcsv.com/vHh6,2025-12-11T05:21:08.637,1,,0.01,0.14,20.0,0.1,0.03,Normal,,028/091,Uncommon,Psychic,90,Stage 1,[1P] Magical Shot (30),Dx2,F-30,1,"[1PP] Psychic (60+)
<br>This attack does 20 more damage for each Energy attached to your opponent's Active Pokémon."
534175,Gardevoir ex - 029/091,Gardevoir ex 029 091,https://tcgplayer-cdn.tcgplayer.com/product/534175_200w.jpg,3,23353,https://cpt.tcgcsv.com/wHh6,2025-10-23T12:44:58.013,1,"<strong>Ability — Psychic Embrace</strong>
<br>As often as you like during your turn, you may attach a Basic [P] Energy from your discard pile to 1 of your [P] Pokemon. If you do, put 2 damage counters on that Pokemon. (You can’t use this Ability on a Pokemon that would be Knocked Out by the 2 damage counters.)",0.29,0.96,9.95,0.58,,Holofoil,,029/091,Double Rare,Psychic,310,Stage 2,"[1PP] Miracle Force (190)
<br>Heal any Special Conditions on this Pokemon.",Dx2,F-30,2,
534176,Chimecho,Chimecho,https://tcgplayer-cdn.tcgplayer.com/product/534176_200w.jpg,3,23353,https://cpt.tcgcsv.com/xHh6,2025-11-29T02:58:08.557,1,,0.01,0.1,20.0,0.08,0.02,Normal,,030/091,Common,Psychic,70,Basic,,Dx2,F-30,1,
534176,Chimecho,Chimecho,https://tcgplayer-cdn.tcgplayer.com/product/534176_200w.jpg,3,23353,https://cpt.tcgcsv.com/xHh6,2025-11-29T02:58:08.557,1,,0.01,0.15,20.0,0.12,0.05,Reverse Holofoil,,030/091,Common,Psychic,70,Basic,,Dx2,F-30,1,
534177,Mime Jr. - 031/091,Mime Jr 031 091,https://tcgplayer-cdn.tcgplayer.com/product/534177_200w.jpg,3,23353,https://cpt.tcgcsv.com/zHh6,2025-12-11T05:29:44.943,1,,0.05,0.19,1.38,0.15,,Reverse Holofoil,,031/091,Common,Psychic,30,Basic,,Dx2,F-30,0,
534177,Mime Jr. - 031/091,Mime Jr 031 091,https://tcgplayer-cdn.tcgplayer.com/product/534177_200w.jpg,3,23353,https://cpt.tcgcsv.com/zHh6,2025-12-11T05:29:44.943,1,,0.01,0.1,20.0,0.08,0.02,Normal,,031/091,Common,Psychic,30,Basic,,Dx2,F-30,0,
534178,Woobat,Woobat,https://tcgplayer-cdn.tcgplayer.com/product/534178_200w.jpg,3,23353,https://cpt.tcgcsv.com/BHh6,2026-01-13T16:11:10.7,1,,0.01,0.1,20.0,0.05,,Normal,,032/091,Common,Psychic,60,Basic,,Lx2,F-30,1,
534178,Woobat,Woobat,https://tcgplayer-cdn.tcgplayer.com/product/534178_200w.jpg,3,23353,https://cpt.tcgcsv.com/BHh6,2026-01-13T16:11:10.7,1,,0.01,0.15,40.0,0.09,,Reverse Holofoil,,032/091,Common,Psychic,60,Basic,,Lx2,F-30,1,
534179,Swoobat,Swoobat,https://tcgplayer-cdn.tcgplayer.com/product/534179_200w.jpg,3,23353,https://cpt.tcgcsv.com/CHh6,2025-12-11T05:40:22.55,1,,0.04,0.18,1.5,0.14,,Reverse Holofoil,,033/091,Uncommon,Psychic,90,Stage 1,,Lx2,F-30,1,
534179,Swoobat,Swoobat,https://tcgplayer-cdn.tcgplayer.com/product/534179_200w.jpg,3,23353,https://cpt.tcgcsv.com/CHh6,2025-12-11T05:40:22.55,1,,0.01,0.1,20.0,0.05,,Normal,,033/091,Uncommon,Psychic,90,Stage 1,,Lx2,F-30,1,
534180,Cottonee,Cottonee,https://tcgplayer-cdn.tcgplayer.com/product/534180_200w.jpg,3,23353,https://cpt.tcgcsv.com/DHh6,2025-02-07T20:24:07.5,1,,0.01,0.1,20.0,0.04,,Normal,,034/091,Common,Psychic,60,Basic,,Mx2,None,1,
534180,Cottonee,Cottonee,https://tcgplayer-cdn.tcgplayer.com/product/534180_200w.jpg,3,23353,https://cpt.tcgcsv.com/DHh6,2025-02-07T20:24:07.5,1,,0.01,0.15,40.0,0.11,,Reverse Holofoil,,034/091,Common,Psychic,60,Basic,,Mx2,None,1,
534181,Whimsicott,Whimsicott,https://tcgplayer-cdn.tcgplayer.com/product/534181_200w.jpg,3,23353,https://cpt.tcgcsv.com/FHh6,2025-02-07T20:24:07.547,1,,0.05,0.2,1.39,0.17,,Reverse Holofoil,,035/091,Uncommon,Psychic,90,Stage 1,,Mx2,None,0,
534181,Whimsicott,Whimsicott,https://tcgplayer-cdn.tcgplayer.com/product/534181_200w.jpg,3,23353,https://cpt.tcgcsv.com/FHh6,2025-02-07T20:24:07.547,1,,0.01,0.1,20.0,0.06,,Normal,,035/091,Uncommon,Psychic,90,Stage 1,,Mx2,None,0,
534182,Dedenne,Dedenne,https://tcgplayer-cdn.tcgplayer.com/product/534182_200w.jpg,3,23353,https://cpt.tcgcsv.com/GHh6,2025-10-31T18:01:45.75,1,,0.01,0.1,20.0,0.09,,Normal,,036/091,Common,Psychic,70,Basic,,Mx2,None,1,
534182,Dedenne,Dedenne,https://tcgplayer-cdn.tcgplayer.com/product/534182_200w.jpg,3,23353,https://cpt.tcgcsv.com/GHh6,2025-10-31T18:01:45.75,1,,0.02,0.15,1.53,0.13,,Reverse Holofoil,,036/091,Common,Psychic,70,Basic,,Mx2,None,1,
534183,Mimikyu - 037/091,Mimikyu 037 091,https://tcgplayer-cdn.tcgplayer.com/product/534183_200w.jpg,3,23353,https://cpt.tcgcsv.com/HHh6,2025-10-31T18:01:43.103,1,,0.01,0.2,2.95,0.2,0.12,Holofoil,,037/091,Rare,Psychic,70,Basic,,Mx2,None,1,
534183,Mimikyu - 037/091,Mimikyu 037 091,https://tcgplayer-cdn.tcgplayer.com/product/534183_200w.jpg,3,23353,https://cpt.tcgcsv.com/HHh6,2025-10-31T18:01:43.103,1,,0.02,0.23,24.99,0.2,0.19,Reverse Holofoil,,037/091,Rare,Psychic,70,Basic,,Mx2,None,1,
534184,Fidough,Fidough,https://tcgplayer-cdn.tcgplayer.com/product/534184_200w.jpg,3,23353,https://cpt.tcgcsv.com/JHh6,2025-02-07T20:24:07.64,1,,0.01,0.1,20.0,0.06,,Normal,,038/091,Common,Psychic,50,Basic,[2] Rear Kick (20),Mx2,None,1,
534184,Fidough,Fidough,https://tcgplayer-cdn.tcgplayer.com/product/534184_200w.jpg,3,23353,https://cpt.tcgcsv.com/JHh6,2025-02-07T20:24:07.64,1,,0.01,0.15,40.0,0.13,,Reverse Holofoil,,038/091,Common,Psychic,50,Basic,[2] Rear Kick (20),Mx2,None,1,
534185,Dachsbun - 039/091,Dachsbun 039 091,https://tcgplayer-cdn.tcgplayer.com/product/534185_200w.jpg,3,23353,https://cpt.tcgcsv.com/KHh6,2025-12-11T05:06:07.58,1,"<strong>Ability — Well-Baked Body</strong>
<br>Prevent all damage done to this Pokémon by attacks from your opponent’s [R] Pokémon. This Pokémon cannot be Burned.",0.01,0.1,20.0,0.09,0.03,Normal,,039/091,Uncommon,Psychic,90,Stage 1,[2P] Headbutt Bounce (100),Mx2,None,1,
534185,Dachsbun - 039/091,Dachsbun 039 091,https://tcgplayer-cdn.tcgplayer.com/product/534185_200w.jpg,3,23353,https://cpt.tcgcsv.com/KHh6,2025-12-11T05:06:07.58,1,"<strong>Ability — Well-Baked Body</strong>
<br>Prevent all damage done to this Pokémon by attacks from your opponent’s [R] Pokémon. This Pokémon cannot be Burned.",0.05,0.2,3.0,0.17,,Reverse Holofoil,,039/091,Uncommon,Psychic,90,Stage 1,[2P] Headbutt Bounce (100),Mx2,None,1,
534186,Ceruledge - 040/091,Ceruledge 040 091,https://tcgplayer-cdn.tcgplayer.com/product/534186_200w.jpg,3,23353,https://cpt.tcgcsv.com/LHh6,2025-11-11T00:41:46.757,1,,0.06,0.2,17.0,0.14,,Reverse Holofoil,,040/091,Rare,Psychic,140,Stage 1,,Dx2,None,2,
534186,Ceruledge - 040/091,Ceruledge 040 091,https://tcgplayer-cdn.tcgplayer.com/product/534186_200w.jpg,3,23353,https://cpt.tcgcsv.com/LHh6,2025-11-11T00:41:46.757,1,,0.02,0.17,999.0,0.11,0.04,Holofoil,,040/091,Rare,Psychic,140,Stage 1,,Dx2,None,2,
534187,Flittle - 041/091,Flittle 041 091,https://tcgplayer-cdn.tcgplayer.com/product/534187_200w.jpg,3,23353,https://cpt.tcgcsv.com/MHh6,2025-02-07T20:24:07.783,1,,0.01,0.1,1.34,0.03,,Normal,,041/091,Common,Psychic,30,Basic,,Dx2,F-30,1,
534187,Flittle - 041/091,Flittle 041 091,https://tcgplayer-cdn.tcgplayer.com/product/534187_200w.jpg,3,23353,https://cpt.tcgcsv.com/MHh6,2025-02-07T20:24:07.783,1,,0.02,0.15,1.41,0.09,,Reverse Holofoil,,041/091,Common,Psychic,30,Basic,,Dx2,F-30,1,
534188,Greavard,Greavard,https://tcgplayer-cdn.tcgplayer.com/product/534188_200w.jpg,3,23353,https://cpt.tcgcsv.com/NHh6,2026-01-13T15:54:53.693,1,,0.01,0.15,20.0,0.07,,Reverse Holofoil,,042/091,Common,Psychic,70,Basic,"[P] Graveyard Frolic: (10x)
<br>This attack does 10 damage for each [P] Pokemon in your discard pile.",Dx2,F-30,2,
534188,Greavard,Greavard,https://tcgplayer-cdn.tcgplayer.com/product/534188_200w.jpg,3,23353,https://cpt.tcgcsv.com/NHh6,2026-01-13T15:54:53.693,1,,0.01,0.1,20.0,0.03,,Normal,,042/091,Common,Psychic,70,Basic,"[P] Graveyard Frolic: (10x)
<br>This attack does 10 damage for each [P] Pokemon in your discard pile.",Dx2,F-30,2,
534190,Houndstone - 043/091,Houndstone 043 091,https://tcgplayer-cdn.tcgplayer.com/product/534190_200w.jpg,3,23353,https://cpt.tcgcsv.com/QHh6,2025-12-10T22:05:18.72,1,,0.01,0.12,50.0,0.05,0.03,Holofoil,,043/091,Rare,Psychic,140,Stage 1,"[PP] Grave Visit (80)
<br>This attack does 10 damage for each [P] Pokemon in your discard pile.",Dx2,F-30,3,
534190,Houndstone - 043/091,Houndstone 043 091,https://tcgplayer-cdn.tcgplayer.com/product/534190_200w.jpg,3,23353,https://cpt.tcgcsv.com/QHh6,2025-12-10T22:05:18.72,1,,0.03,0.19,2.0,0.11,,Reverse Holofoil,,043/091,Rare,Psychic,140,Stage 1,"[PP] Grave Visit (80)
<br>This attack does 10 damage for each [P] Pokemon in your discard pile.",Dx2,F-30,3,
534191,Gimmighoul,Gimmighoul,https://tcgplayer-cdn.tcgplayer.com/product/534191_200w.jpg,3,23353,https://cpt.tcgcsv.com/RHh6,2026-01-13T15:47:28.783,1,,0.01,0.15,2.35,0.09,,Reverse Holofoil,,044/091,Common,Psychic,50,Basic,,Dx2,F-30,1,
534191,Gimmighoul,Gimmighoul,https://tcgplayer-cdn.tcgplayer.com/product/534191_200w.jpg,3,23353,https://cpt.tcgcsv.com/RHh6,2026-01-13T15:47:28.783,1,,0.01,0.1,20.0,0.04,0.04,Normal,,044/091,Common,Psychic,50,Basic,,Dx2,F-30,1,
534192,Mankey - 045/091,Mankey 045 091,https://tcgplayer-cdn.tcgplayer.com/product/534192_200w.jpg,3,23353,https://cpt.tcgcsv.com/SHh6,2025-12-09T02:43:26.597,1,,0.01,0.1,20.0,0.05,,Normal,,045/091,Common,Fighting,60,Basic,"[F] Monkey Strike (30)
<br>This Pokemon does 10 damage to itself.",Px2,None,1,
534192,Mankey - 045/091,Mankey 045 091,https://tcgplayer-cdn.tcgplayer.com/product/534192_200w.jpg,3,23353,https://cpt.tcgcsv.com/SHh6,2025-12-09T02:43:26.597,1,,0.01,0.15,40.0,0.12,,Reverse Holofoil,,045/091,Common,Fighting,60,Basic,"[F] Monkey Strike (30)
<br>This Pokemon does 10 damage to itself.",Px2,None,1,
534194,Primeape - 046/091,Primeape 046 091,https://tcgplayer-cdn.tcgplayer.com/product/534194_200w.jpg,3,23353,https://cpt.tcgcsv.com/VHh6,2025-02-07T20:24:08.04,1,,0.01,0.1,20.0,0.04,,Normal,,046/091,Uncommon,Fighting,90,Stage 1,"[F] Thrashing Punch (70)
<br>This Pokemon does 20 damage to itself.",Px2,None,1,
534194,Primeape - 046/091,Primeape 046 091,https://tcgplayer-cdn.tcgplayer.com/product/534194_200w.jpg,3,23353,https://cpt.tcgcsv.com/VHh6,2025-02-07T20:24:08.04,1,,0.04,0.2,2.37,0.18,,Reverse Holofoil,,046/091,Uncommon,Fighting,90,Stage 1,"[F] Thrashing Punch (70)
<br>This Pokemon does 20 damage to itself.",Px2,None,1,
534197,Annihilape - 047/091,Annihilape 047 091,https://tcgplayer-cdn.tcgplayer.com/product/534197_200w.jpg,3,23353,https://cpt.tcgcsv.com/ZHh6,2026-01-15T01:20:09.033,1,,0.01,0.15,50.0,0.1,,Holofoil,,047/091,Rare,Fighting,140,Stage 2,"[F] Rage Fist (70x)
<br>
This attack does 70 damage for each Prize card your opponent has taken.",Px2,,2,"[FF] Dynamite Punch (170)
<br>
This Pokémon also does 50 damage to itself."
534197,Annihilape - 047/091,Annihilape 047 091,https://tcgplayer-cdn.tcgplayer.com/product/534197_200w.jpg,3,23353,https://cpt.tcgcsv.com/ZHh6,2026-01-15T01:20:09.033,1,,0.02,0.2,50.0,0.17,,Reverse Holofoil,,047/091,Rare,Fighting,140,Stage 2,"[F] Rage Fist (70x)
<br>
This attack does 70 damage for each Prize card your opponent has taken.",Px2,,2,"[FF] Dynamite Punch (170)
<br>
This Pokémon also does 50 damage to itself."
534198,Phanpy,Phanpy,https://tcgplayer-cdn.tcgplayer.com/product/534198_200w.jpg,3,23353,https://cpt.tcgcsv.com/-Hh6,2026-01-13T16:07:52.86,1,,0.02,0.15,1.52,0.12,,Reverse Holofoil,,048/091,Common,Fighting,80,Basic,,Gx2,None,2,
534198,Phanpy,Phanpy,https://tcgplayer-cdn.tcgplayer.com/product/534198_200w.jpg,3,23353,https://cpt.tcgcsv.com/-Hh6,2026-01-13T16:07:52.86,1,,0.01,0.1,20.0,0.07,,Normal,,048/091,Common,Fighting,80,Basic,,Gx2,None,2,
534210,Donphan,Donphan,https://tcgplayer-cdn.tcgplayer.com/product/534210_200w.jpg,3,23353,https://cpt.tcgcsv.com/dJh6,2025-02-07T20:24:08.183,1,,0.01,0.1,20.0,0.05,,Normal,,049/091,Uncommon,Fighting,150,Stage 1,,Gx2,None,3,
534210,Donphan,Donphan,https://tcgplayer-cdn.tcgplayer.com/product/534210_200w.jpg,3,23353,https://cpt.tcgcsv.com/dJh6,2025-02-07T20:24:08.183,1,,0.01,0.17,25.0,0.14,,Reverse Holofoil,,049/091,Uncommon,Fighting,150,Stage 1,,Gx2,None,3,
534211,Barboach,Barboach,https://tcgplayer-cdn.tcgplayer.com/product/534211_200w.jpg,3,23353,https://cpt.tcgcsv.com/fJh6,2025-12-11T05:44:14.393,1,,0.01,0.15,100.0,0.06,0.02,Normal,,050/091,Common,Fighting,70,Basic,,Gx2,None,2,
534211,Barboach,Barboach,https://tcgplayer-cdn.tcgplayer.com/product/534211_200w.jpg,3,23353,https://cpt.tcgcsv.com/fJh6,2025-12-11T05:44:14.393,1,,0.02,0.2,40.0,0.17,,Reverse Holofoil,,050/091,Common,Fighting,70,Basic,,Gx2,None,2,
534387,Clobbopus,Clobbopus,https://tcgplayer-cdn.tcgplayer.com/product/534387_200w.jpg,3,23353,https://cpt.tcgcsv.com/MMh6,2025-12-11T05:04:37.59,1,,0.01,0.1,1.51,0.08,,Normal,,051/091,Common,Fighting,70,Basic,,Px2,None,2,
534387,Clobbopus,Clobbopus,https://tcgplayer-cdn.tcgplayer.com/product/534387_200w.jpg,3,23353,https://cpt.tcgcsv.com/MMh6,2025-12-11T05:04:37.59,1,,0.01,0.15,40.0,0.1,,Reverse Holofoil,,051/091,Common,Fighting,70,Basic,,Px2,None,2,
534414,Grapploct,Grapploct,https://tcgplayer-cdn.tcgplayer.com/product/534414_200w.jpg,3,23353,https://cpt.tcgcsv.com/jNh6,2025-02-07T20:24:08.36,1,,0.01,0.1,20.0,0.04,,Normal,,052/091,Uncommon,Fighting,120,Stage 1,,Px2,None,2,
534414,Grapploct,Grapploct,https://tcgplayer-cdn.tcgplayer.com/product/534414_200w.jpg,3,23353,https://cpt.tcgcsv.com/jNh6,2025-02-07T20:24:08.36,1,,0.01,0.18,1.36,0.12,,Reverse Holofoil,,052/091,Uncommon,Fighting,120,Stage 1,,Px2,None,2,
534415,Great Tusk ex,Great Tusk ex,https://tcgplayer-cdn.tcgplayer.com/product/534415_200w.jpg,3,23353,https://cpt.tcgcsv.com/kNh6,2025-11-29T06:46:33.927,1,,0.23,0.99,50.0,0.5,0.45,Holofoil,,053/091,Double Rare,Fighting,250,Basic,,Px2,None,4,
534416,Charizard ex - 054/091,Charizard ex 054 091,https://tcgplayer-cdn.tcgplayer.com/product/534416_200w.jpg,3,23353,https://cpt.tcgcsv.com/lNh6,2026-01-13T15:42:04.35,1,"Tera: As long as this Pokemon is on your Bench, prevent all damage done to this Pokemon by attacks (both yours and your opponent’s).
<br><br>
<strong>Ability — Infernal Reign</strong>
<br>When you play this card from your hand to evolve a Pokemon during your turn, you may search your deck for up to 3 Basic [R] Energy cards and attach them to your Pokemon in any way you like. Then, shuffle your deck.",2.25,3.86,60.0,3.81,4.29,Holofoil,,054/091,Double Rare,Darkness,330,Stage 2,"[RR] Burning Darkness (180+)
<br>This attack does 30 more damage for each Prize card your opponent has taken.",Gx2,None,2,
534417,Gastly,Gastly,https://tcgplayer-cdn.tcgplayer.com/product/534417_200w.jpg,3,23353,https://cpt.tcgcsv.com/mNh6,2025-10-31T18:01:44.613,1,,0.01,0.1,20.0,0.06,,Normal,,055/091,Common,Darkness,50,Basic,,Fx2,None,1,
534417,Gastly,Gastly,https://tcgplayer-cdn.tcgplayer.com/product/534417_200w.jpg,3,23353,https://cpt.tcgcsv.com/mNh6,2025-10-31T18:01:44.613,1,,0.03,0.17,45.0,0.15,,Reverse Holofoil,,055/091,Common,Darkness,50,Basic,,Fx2,None,1,
534418,Haunter,Haunter,https://tcgplayer-cdn.tcgplayer.com/product/534418_200w.jpg,3,23353,https://cpt.tcgcsv.com/nNh6,2025-10-31T18:01:44.92,1,,0.01,0.13,20.0,0.12,,Normal,,056/091,Common,Darkness,80,Stage 1,,Fx2,None,1,
534418,Haunter,Haunter,https://tcgplayer-cdn.tcgplayer.com/product/534418_200w.jpg,3,23353,https://cpt.tcgcsv.com/nNh6,2025-10-31T18:01:44.92,1,,0.05,0.22,2.0,0.22,,Reverse Holofoil,,056/091,Common,Darkness,80,Stage 1,,Fx2,None,1,
534419,Gengar,Gengar,https://tcgplayer-cdn.tcgplayer.com/product/534419_200w.jpg,3,23353,https://cpt.tcgcsv.com/pNh6,2025-12-11T05:10:38.377,1,,0.01,0.25,20.0,0.25,0.13,Normal,,057/091,Uncommon,Darkness,130,Stage 2,,Fx2,None,1,
534419,Gengar,Gengar,https://tcgplayer-cdn.tcgplayer.com/product/534419_200w.jpg,3,23353,https://cpt.tcgcsv.com/pNh6,2025-12-11T05:10:38.377,1,,0.01,0.56,3.99,0.53,0.49,Reverse Holofoil,,057/091,Uncommon,Darkness,130,Stage 2,,Fx2,None,1,
534420,Paldean Wooper - 058/091,Paldean Wooper 058 091,https://tcgplayer-cdn.tcgplayer.com/product/534420_200w.jpg,3,23353,https://cpt.tcgcsv.com/qNh6,2025-12-10T22:38:02.763,1,,0.01,0.1,20.0,0.06,,Normal,,058/091,Common,Dark,60,Basic,"[1] Find a Home
<br>Search your deck for a Stadium card, reveal it, and put it into your hand. Then, shuffle your deck.",Fx2,None,2,[D] Ram (10)
534420,Paldean Wooper - 058/091,Paldean Wooper 058 091,https://tcgplayer-cdn.tcgplayer.com/product/534420_200w.jpg,3,23353,https://cpt.tcgcsv.com/qNh6,2025-12-10T22:38:02.763,1,,0.03,0.17,40.0,0.14,,Reverse Holofoil,,058/091,Common,Dark,60,Basic,"[1] Find a Home
<br>Search your deck for a Stadium card, reveal it, and put it into your hand. Then, shuffle your deck.",Fx2,None,2,[D] Ram (10)
534421,Paldean Clodsire ex - 059/091,Paldean Clodsire ex 059 091,https://tcgplayer-cdn.tcgplayer.com/product/534421_200w.jpg,3,23353,https://cpt.tcgcsv.com/rNh6,2025-10-31T18:01:43.677,1,"<strong>Ability — Toxic Wetland</strong>
<br>Once during your turn, if a Stadium is in play, you may make your opponent's Active Pokémon Poisoned.",0.35,0.97,4.99,0.57,0.43,Holofoil,,059/091,Double Rare,Dark,280,Stage 1,"[2D] Needle Bone (200)
<br>Flip a coin. If tails, during your next turn, this Pokémon can't attack.",Fx2,None,3,
534422,Scraggy,Scraggy,https://tcgplayer-cdn.tcgplayer.com/product/534422_200w.jpg,3,23353,https://cpt.tcgcsv.com/sNh6,2025-12-11T05:39:54.92,1,,0.02,0.15,40.0,0.11,,Reverse Holofoil,,060/091,Common,Dark,70,Basic,,Gx2,None,1,
534422,Scraggy,Scraggy,https://tcgplayer-cdn.tcgplayer.com/product/534422_200w.jpg,3,23353,https://cpt.tcgcsv.com/sNh6,2025-12-11T05:39:54.92,1,,0.01,0.1,3.3,0.05,0.02,Normal,,060/091,Common,Dark,70,Basic,,Gx2,None,1,
534423,Scrafty,Scrafty,https://tcgplayer-cdn.tcgplayer.com/product/534423_200w.jpg,3,23353,https://cpt.tcgcsv.com/tNh6,2025-12-11T05:39:29.737,1,,0.05,0.16,1.35,0.12,,Reverse Holofoil,,061/091,Uncommon,Dark,120,Stage 1,,Gx2,None,2,
534423,Scrafty,Scrafty,https://tcgplayer-cdn.tcgplayer.com/product/534423_200w.jpg,3,23353,https://cpt.tcgcsv.com/tNh6,2025-12-11T05:39:29.737,1,,0.01,0.1,20.0,0.05,,Normal,,061/091,Uncommon,Dark,120,Stage 1,,Gx2,None,2,
534424,Maschiff,Maschiff,https://tcgplayer-cdn.tcgplayer.com/product/534424_200w.jpg,3,23353,https://cpt.tcgcsv.com/vNh6,2026-01-05T20:25:10.917,1,,0.01,0.15,2.37,0.1,,Reverse Holofoil,,062/091,Common,Dark,60,Basic,,Gx2,None,1,
534424,Maschiff,Maschiff,https://tcgplayer-cdn.tcgplayer.com/product/534424_200w.jpg,3,23353,https://cpt.tcgcsv.com/vNh6,2026-01-05T20:25:10.917,1,,0.01,0.1,20.0,0.04,,Normal,,062/091,Common,Dark,60,Basic,,Gx2,None,1,
534425,Mabosstiff - 063/091,Mabosstiff 063 091,https://tcgplayer-cdn.tcgplayer.com/product/534425_200w.jpg,3,23353,https://cpt.tcgcsv.com/wNh6,2025-02-07T20:24:08.753,1,,0.04,0.2,2.37,0.18,,Reverse Holofoil,,063/091,Rare,Dark,130,Stage 1,,Gx2,None,3,
534425,Mabosstiff - 063/091,Mabosstiff 063 091,https://tcgplayer-cdn.tcgplayer.com/product/534425_200w.jpg,3,23353,https://cpt.tcgcsv.com/wNh6,2025-02-07T20:24:08.753,1,,0.01,0.15,2.28,0.11,,Holofoil,,063/091,Rare,Dark,130,Stage 1,,Gx2,None,3,
534426,Varoom - 064/091,Varoom 064 091,https://tcgplayer-cdn.tcgplayer.com/product/534426_200w.jpg,3,23353,https://cpt.tcgcsv.com/xNh6,2025-12-11T05:41:43.607,1,,0.01,0.1,20.0,0.03,,Normal,,064/091,Common,Metal,60,Basic,,Rx2,G-30,1,
534426,Varoom - 064/091,Varoom 064 091,https://tcgplayer-cdn.tcgplayer.com/product/534426_200w.jpg,3,23353,https://cpt.tcgcsv.com/xNh6,2025-12-11T05:41:43.607,1,,0.01,0.15,9.99,0.09,,Reverse Holofoil,,064/091,Common,Metal,60,Basic,,Rx2,G-30,1,
534427,Revavroom - 065/091,Revavroom 065 091,https://tcgplayer-cdn.tcgplayer.com/product/534427_200w.jpg,3,23353,https://cpt.tcgcsv.com/zNh6,2025-12-10T22:45:48.587,1,"<strong>Ability — Rumbling Engine</strong>
<br>You must discard an Energy from your hand in order to use this Ability. Once during your turn, you may draw until you have 6 cards in your hand.",0.02,0.2,40.0,0.14,,Reverse Holofoil,,065/091,Rare,Metal,140,Stage 1,"[3M] Knock Away (90+)
<br>Flip a coin. If heads, this attack does 90 more damage.",Fx2,G-30,2,
534427,Revavroom - 065/091,Revavroom 065 091,https://tcgplayer-cdn.tcgplayer.com/product/534427_200w.jpg,3,23353,https://cpt.tcgcsv.com/zNh6,2025-12-10T22:45:48.587,1,"<strong>Ability — Rumbling Engine</strong>
<br>You must discard an Energy from your hand in order to use this Ability. Once during your turn, you may draw until you have 6 cards in your hand.",0.01,0.15,20.0,0.12,0.1,Holofoil,,065/091,Rare,Metal,140,Stage 1,"[3M] Knock Away (90+)
<br>Flip a coin. If heads, this attack does 90 more damage.",Fx2,G-30,2,
534428,Iron Treads ex,Iron Treads ex,https://tcgplayer-cdn.tcgplayer.com/product/534428_200w.jpg,3,23353,https://cpt.tcgcsv.com/BNh6,2025-12-10T22:07:30.277,1,,0.31,0.99,4.99,0.5,0.4,Holofoil,,066/091,Double Rare,Metal,220,Basic,,Rx2,G-30,3,
534429,Gholdengo,Gholdengo,https://tcgplayer-cdn.tcgplayer.com/product/534429_200w.jpg,3,23353,https://cpt.tcgcsv.com/CNh6,2025-10-31T18:01:44.987,1,,0.01,0.15,50.0,0.09,0.05,Holofoil,,067/091,Rare,Metal,130,Stage 1,,Rx2,G-30,2,
534429,Gholdengo,Gholdengo,https://tcgplayer-cdn.tcgplayer.com/product/534429_200w.jpg,3,23353,https://cpt.tcgcsv.com/CNh6,2025-10-31T18:01:44.987,1,,0.04,0.2,50.0,0.15,,Reverse Holofoil,,067/091,Rare,Metal,130,Stage 1,,Rx2,G-30,2,
534430,Noibat - 068/091,Noibat 068 091,https://tcgplayer-cdn.tcgplayer.com/product/534430_200w.jpg,3,23353,https://cpt.tcgcsv.com/DNh6,2025-02-07T20:24:09.05,1,,0.01,0.1,1.51,0.06,,Normal,,068/091,Common,Dragon,70,Basic,[PD] Gust (40),None,None,1,
534430,Noibat - 068/091,Noibat 068 091,https://tcgplayer-cdn.tcgplayer.com/product/534430_200w.jpg,3,23353,https://cpt.tcgcsv.com/DNh6,2025-02-07T20:24:09.05,1,,0.01,0.15,2.35,0.09,,Reverse Holofoil,,068/091,Common,Dragon,70,Basic,[PD] Gust (40),None,None,1,
534431,Noivern ex - 069/091,Noivern ex 069 091,https://tcgplayer-cdn.tcgplayer.com/product/534431_200w.jpg,3,23353,https://cpt.tcgcsv.com/FNh6,2025-11-29T06:36:49.153,1,,0.25,0.99,42.0,0.42,0.5,Holofoil,,069/091,Double Rare,Dragon,260,Stage 1,"[2] Covert Flight (70)
<br>During your opponent's next turn, prevent all damage done to this Pokémon by attacks from Basic Pokémon.",None,None,0,"[PD] Dominating Echo (140)
<br>During your opponent's next turn, they can't play any Special Energy or Stadium cards from their hand."
534432,Cyclizar - 070/091,Cyclizar 070 091,https://tcgplayer-cdn.tcgplayer.com/product/534432_200w.jpg,3,23353,https://cpt.tcgcsv.com/GNh6,2026-01-13T15:37:30.737,1,,0.01,0.15,2.28,0.06,0.05,Holofoil,,070/091,Rare,Dragon,120,Basic,,None,None,1,
534432,Cyclizar - 070/091,Cyclizar 070 091,https://tcgplayer-cdn.tcgplayer.com/product/534432_200w.jpg,3,23353,https://cpt.tcgcsv.com/GNh6,2026-01-13T15:37:30.737,1,,0.04,0.2,2.35,0.15,0.1,Reverse Holofoil,,070/091,Rare,Dragon,120,Basic,,None,None,1,
534433,Lechonk - 071/091,Lechonk 071 091,https://tcgplayer-cdn.tcgplayer.com/product/534433_200w.jpg,3,23353,https://cpt.tcgcsv.com/HNh6,2025-12-11T05:27:48.903,1,,0.01,0.15,1.39,0.13,,Reverse Holofoil,,071/091,Common,Colorless,70,Basic,"[3] Whimsy Tackle (70)
<br>Flip a coin. If tails, this attack does nothing.",Fx2,None,1,
534433,Lechonk - 071/091,Lechonk 071 091,https://tcgplayer-cdn.tcgplayer.com/product/534433_200w.jpg,3,23353,https://cpt.tcgcsv.com/HNh6,2025-12-11T05:27:48.903,1,,0.01,0.1,20.0,0.07,0.02,Normal,,071/091,Common,Colorless,70,Basic,"[3] Whimsy Tackle (70)
<br>Flip a coin. If tails, this attack does nothing.",Fx2,None,1,
534434,Oinkologne,Oinkologne,https://tcgplayer-cdn.tcgplayer.com/product/534434_200w.jpg,3,23353,https://cpt.tcgcsv.com/JNh6,2025-12-11T05:03:14.213,1,,0.01,0.1,20.0,0.05,,Normal,,072/091,Uncommon,Colorless,130,Stage 1,,Fx2,None,2,
534434,Oinkologne,Oinkologne,https://tcgplayer-cdn.tcgplayer.com/product/534434_200w.jpg,3,23353,https://cpt.tcgcsv.com/JNh6,2025-12-11T05:03:14.213,1,,0.02,0.18,1.36,0.11,,Reverse Holofoil,,072/091,Uncommon,Colorless,130,Stage 1,,Fx2,None,2,
534435,Tandemaus - 073/091,Tandemaus 073 091,https://tcgplayer-cdn.tcgplayer.com/product/534435_200w.jpg,3,23353,https://cpt.tcgcsv.com/KNh6,2025-10-31T18:01:43.233,1,,0.01,0.1,15.0,0.09,0.02,Normal,,073/091,Common,Colorless,30,Basic,"[1] Collect
<br>Draw 2 cards.",Fx2,None,1,[3] Gentle Slap (30)
534435,Tandemaus - 073/091,Tandemaus 073 091,https://tcgplayer-cdn.tcgplayer.com/product/534435_200w.jpg,3,23353,https://cpt.tcgcsv.com/KNh6,2025-10-31T18:01:43.233,1,,0.04,0.17,19.98,0.15,0.05,Reverse Holofoil,,073/091,Common,Colorless,30,Basic,"[1] Collect
<br>Draw 2 cards.",Fx2,None,1,[3] Gentle Slap (30)
534436,Maushold - 074/091,Maushold 074 091,https://tcgplayer-cdn.tcgplayer.com/product/534436_200w.jpg,3,23353,https://cpt.tcgcsv.com/LNh6,2025-10-31T18:01:43.787,1,,0.01,0.1,9.99,0.07,0.02,Normal,,074/091,Uncommon,Colorless,60,Stage 1,[2] Gentle Slap (50),Fx2,None,1,"[3] Gnaw Relentlessly
<br>Put 1 damage counter on each of your opponent's Pokémon for each of your Maushold in play."
534436,Maushold - 074/091,Maushold 074 091,https://tcgplayer-cdn.tcgplayer.com/product/534436_200w.jpg,3,23353,https://cpt.tcgcsv.com/LNh6,2025-10-31T18:01:43.787,1,,0.02,0.24,1.43,0.24,,Reverse Holofoil,,074/091,Uncommon,Colorless,60,Stage 1,[2] Gentle Slap (50),Fx2,None,1,"[3] Gnaw Relentlessly
<br>Put 1 damage counter on each of your opponent's Pokémon for each of your Maushold in play."
534437,Squawkabilly ex - 075/091,Squawkabilly ex 075 091,https://tcgplayer-cdn.tcgplayer.com/product/534437_200w.jpg,3,23353,https://cpt.tcgcsv.com/MNh6,2025-10-10T04:03:59.18,1,"Ability — Squawk and Seize
<br>Once during your first turn, you may discard your hand and draw 6 cards. You can't use more than 1 Squawk and Seize Ability during your turn.",0.25,0.8,10.0,0.56,0.58,Holofoil,,075/091,Double Rare,Colorless,160,Basic,"[1] Motivate (20)
<br>Attach up to 2 Basic Energy cards from your discard pile to 1 of your Benched Pokemon.",Lx2,F-30,1,
534438,Artazon,Artazon,https://tcgplayer-cdn.tcgplayer.com/product/534438_200w.jpg,3,23353,https://cpt.tcgcsv.com/NNh6,2025-12-11T05:02:33.323,1,"Once during each player's turn, that player may search their deck for a Basic Pokémon that doesn’t have a Rule Box and put it onto their Bench. Then, that player shuffles their deck. (Pokémon ex, Pokémon V, etc. have Rule Boxes.)",0.04,0.2,2.37,0.13,0.08,Normal,,076/091,Uncommon,Stadium,,,,,,,
534438,Artazon,Artazon,https://tcgplayer-cdn.tcgplayer.com/product/534438_200w.jpg,3,23353,https://cpt.tcgcsv.com/NNh6,2025-12-11T05:02:33.323,1,"Once during each player's turn, that player may search their deck for a Basic Pokémon that doesn’t have a Rule Box and put it onto their Bench. Then, that player shuffles their deck. (Pokémon ex, Pokémon V, etc. have Rule Boxes.)",0.08,0.3,2.66,0.3,0.23,Reverse Holofoil,,076/091,Uncommon,Stadium,,,,,,,
534439,Atticus,Atticus,https://tcgplayer-cdn.tcgplayer.com/product/534439_200w.jpg,3,23353,https://cpt.tcgcsv.com/PNh6,2026-01-02T15:31:34.363,1,"You can use this card only if your opponent’s Active Pokémon is Poisoned.

<br>Shuffle your hand into your deck, then draw 7 cards.",0.03,0.2,3.0,0.15,0.14,Reverse Holofoil,,077/091,Uncommon,Supporter,,,,,,,
534439,Atticus,Atticus,https://tcgplayer-cdn.tcgplayer.com/product/534439_200w.jpg,3,23353,https://cpt.tcgcsv.com/PNh6,2026-01-02T15:31:34.363,1,"You can use this card only if your opponent’s Active Pokémon is Poisoned.

<br>Shuffle your hand into your deck, then draw 7 cards.",0.01,0.1,1.51,0.07,0.02,Normal,,077/091,Uncommon,Supporter,,,,,,,
534440,Clive - 078/091,Clive 078 091,https://tcgplayer-cdn.tcgplayer.com/product/534440_200w.jpg,3,23353,https://cpt.tcgcsv.com/QNh6,2025-12-11T05:03:57.443,1,Your opponent reveals their hand. Draw 2 cards for each Supporter card you find there.,0.01,0.1,1.51,0.03,0.02,Normal,,078/091,Uncommon,Supporter,,,,,,,
534440,Clive - 078/091,Clive 078 091,https://tcgplayer-cdn.tcgplayer.com/product/534440_200w.jpg,3,23353,https://cpt.tcgcsv.com/QNh6,2025-12-11T05:03:57.443,1,Your opponent reveals their hand. Draw 2 cards for each Supporter card you find there.,0.01,0.15,1.33,0.11,0.1,Reverse Holofoil,,078/091,Uncommon,Supporter,,,,,,,
534441,Electric Generator,Electric Generator,https://tcgplayer-cdn.tcgplayer.com/product/534441_200w.jpg,3,23353,https://cpt.tcgcsv.com/RNh6,2025-10-31T18:01:43.503,1,"Look at the top 5 cards of your deck. Choose up to 2 basic [L] Energy cards and attach them to your Benched [L] Pokemon in any way you like. Then, shuffle the remaining cards into your deck.
<br>
You may play as many Item cards as you like during your turn.",0.01,0.11,1.99,0.08,0.02,Normal,,079/091,Uncommon,Item,,,,,,,
534441,Electric Generator,Electric Generator,https://tcgplayer-cdn.tcgplayer.com/product/534441_200w.jpg,3,23353,https://cpt.tcgcsv.com/RNh6,2025-10-31T18:01:43.503,1,"Look at the top 5 cards of your deck. Choose up to 2 basic [L] Energy cards and attach them to your Benched [L] Pokemon in any way you like. Then, shuffle the remaining cards into your deck.
<br>
You may play as many Item cards as you like during your turn.",0.02,0.22,3.99,0.19,0.1,Reverse Holofoil,,079/091,Uncommon,Item,,,,,,,
534442,Iono - 080/091,Iono 080 091,https://tcgplayer-cdn.tcgplayer.com/product/534442_200w.jpg,3,23353,https://cpt.tcgcsv.com/SNh6,2026-01-13T20:34:33.8,1,"Each player shuffles their hand and puts it on the bottom of their deck. Then, each player draws a card for each of their remaining Prize cards.
<br><br>
You may play only 1 Supporter card during your turn.",0.25,1.05,4.99,1.5,0.9,Reverse Holofoil,,080/091,Uncommon,Supporter,,,,,,,
534442,Iono - 080/091,Iono 080 091,https://tcgplayer-cdn.tcgplayer.com/product/534442_200w.jpg,3,23353,https://cpt.tcgcsv.com/SNh6,2026-01-13T20:34:33.8,1,"Each player shuffles their hand and puts it on the bottom of their deck. Then, each player draws a card for each of their remaining Prize cards.
<br><br>
You may play only 1 Supporter card during your turn.",0.02,0.3,20.0,0.31,0.26,Normal,,080/091,Uncommon,Supporter,,,,,,,
534443,Moonlit Hill,Moonlit Hill,https://tcgplayer-cdn.tcgplayer.com/product/534443_200w.jpg,3,23353,https://cpt.tcgcsv.com/TNh6,2026-01-13T16:00:04.97,1,"Once during each player’s turn, that play may discard a Basic P Energy from their hand in order to heal 30 damage from each of their Pokémon.",0.04,0.2,2.99,0.19,0.1,Reverse Holofoil,,081/091,Uncommon,Stadium,,,,,,,
534443,Moonlit Hill,Moonlit Hill,https://tcgplayer-cdn.tcgplayer.com/product/534443_200w.jpg,3,23353,https://cpt.tcgcsv.com/TNh6,2026-01-13T16:00:04.97,1,"Once during each player’s turn, that play may discard a Basic P Energy from their hand in order to heal 30 damage from each of their Pokémon.",0.01,0.1,2.23,0.09,0.03,Normal,,081/091,Uncommon,Stadium,,,,,,,
534444,Nemona - 082/091,Nemona 082 091,https://tcgplayer-cdn.tcgplayer.com/product/534444_200w.jpg,3,23353,https://cpt.tcgcsv.com/VNh6,2025-10-31T18:01:44.723,1,Draw 3 cards.,0.01,0.15,1.35,0.14,,Reverse Holofoil,,082/091,Common,Supporter,,,,,,,
534444,Nemona - 082/091,Nemona 082 091,https://tcgplayer-cdn.tcgplayer.com/product/534444_200w.jpg,3,23353,https://cpt.tcgcsv.com/VNh6,2025-10-31T18:01:44.723,1,Draw 3 cards.,0.01,0.1,1.49,0.03,0.02,Normal,,082/091,Common,Supporter,,,,,,,
534445,Nemona's Backpack,Nemonas Backpack,https://tcgplayer-cdn.tcgplayer.com/product/534445_200w.jpg,3,23353,https://cpt.tcgcsv.com/WNh6,2025-12-11T05:31:51.7,1,Put up to 2 Nemona from your discard pile into your hand.,0.02,0.16,1.5,0.14,0.1,Reverse Holofoil,,083/091,Uncommon,Item,,,,,,,
534445,Nemona's Backpack,Nemonas Backpack,https://tcgplayer-cdn.tcgplayer.com/product/534445_200w.jpg,3,23353,https://cpt.tcgcsv.com/WNh6,2025-12-11T05:31:51.7,1,Put up to 2 Nemona from your discard pile into your hand.,0.01,0.1,1.51,0.04,0.02,Normal,,083/091,Uncommon,Item,,,,,,,
534446,Nest Ball,Nest Ball,https://tcgplayer-cdn.tcgplayer.com/product/534446_200w.jpg,3,23353,https://cpt.tcgcsv.com/XNh6,2026-01-15T06:11:21.313,0,"Search your deck for a Basic Pokémon and put it onto your Bench. Then, shuffle your deck.
<br>
You may play any number of Item cards during your turn.",0.02,0.25,25.0,0.2,0.18,Normal,,084/091,Uncommon,Item,,,,,,,
534446,Nest Ball,Nest Ball,https://tcgplayer-cdn.tcgplayer.com/product/534446_200w.jpg,3,23353,https://cpt.tcgcsv.com/XNh6,2026-01-15T06:11:21.313,0,"Search your deck for a Basic Pokémon and put it onto your Bench. Then, shuffle your deck.
<br>
You may play any number of Item cards during your turn.",0.2,0.83,75.0,0.79,,Reverse Holofoil,,084/091,Uncommon,Item,,,,,,,
534447,Paldean Student - 085/091,Paldean Student 085 091,https://tcgplayer-cdn.tcgplayer.com/product/534447_200w.jpg,3,23353,https://cpt.tcgcsv.com/ZNh6,2025-02-07T20:24:09.477,1,"Search your deck for a Pokémon that doesn’t have a Rule Box, reveal it, and put it into your hand. For each other Paldean Student in your discard pile, you may search your deck for another Pokémon that doesn’t have a Rule Box. Then, shuffle your deck. (Pokémon ex, Pokémon V, etc. have Rule Boxes.)",0.01,0.1,20.09,0.04,0.02,Normal,,085/091,Common,Supporter,,,,,,,
534447,Paldean Student - 085/091,Paldean Student 085 091,https://tcgplayer-cdn.tcgplayer.com/product/534447_200w.jpg,3,23353,https://cpt.tcgcsv.com/ZNh6,2025-02-07T20:24:09.477,1,"Search your deck for a Pokémon that doesn’t have a Rule Box, reveal it, and put it into your hand. For each other Paldean Student in your discard pile, you may search your deck for another Pokémon that doesn’t have a Rule Box. Then, shuffle your deck. (Pokémon ex, Pokémon V, etc. have Rule Boxes.)",0.01,0.15,2.95,0.08,,Reverse Holofoil,,085/091,Common,Supporter,,,,,,,
534448,Paldean Student - 086/091,Paldean Student 086 091,https://tcgplayer-cdn.tcgplayer.com/product/534448_200w.jpg,3,23353,https://cpt.tcgcsv.com/-Nh6,2025-12-11T05:33:19.427,1,"Search your deck for a Pokémon that doesn’t have a Rule Box, reveal it, and put it into your hand. For each other Paldean Student in your discard pile, you may search your deck for another Pokémon that doesn’t have a Rule Box. Then, shuffle your deck. (Pokémon ex, Pokémon V, etc. have Rule Boxes.)",0.01,0.1,9.99,0.04,0.02,Normal,,086/091,Common,Supporter,,,,,,,
534448,Paldean Student - 086/091,Paldean Student 086 091,https://tcgplayer-cdn.tcgplayer.com/product/534448_200w.jpg,3,23353,https://cpt.tcgcsv.com/-Nh6,2025-12-11T05:33:19.427,1,"Search your deck for a Pokémon that doesn’t have a Rule Box, reveal it, and put it into your hand. For each other Paldean Student in your discard pile, you may search your deck for another Pokémon that doesn’t have a Rule Box. Then, shuffle your deck. (Pokémon ex, Pokémon V, etc. have Rule Boxes.)",0.01,0.15,2.95,0.11,,Reverse Holofoil,,086/091,Common,Supporter,,,,,,,
534449,Professor's Research - 087/091,Professors Research 087 091,https://tcgplayer-cdn.tcgplayer.com/product/534449_200w.jpg,3,23353,https://cpt.tcgcsv.com/_Nh6,2025-12-10T22:44:38.75,1,Discard your hand and draw 7 cards.,0.03,0.2,1.49,0.16,0.1,Reverse Holofoil,,087/091,Rare,Supporter,,,,,,,
534449,Professor's Research - 087/091,Professors Research 087 091,https://tcgplayer-cdn.tcgplayer.com/product/534449_200w.jpg,3,23353,https://cpt.tcgcsv.com/_Nh6,2025-12-10T22:44:38.75,1,Discard your hand and draw 7 cards.,0.01,0.15,19.98,0.1,0.08,Holofoil,,087/091,Rare,Supporter,,,,,,,
534450,Professor's Research - 088/091,Professors Research 088 091,https://tcgplayer-cdn.tcgplayer.com/product/534450_200w.jpg,3,23353,https://cpt.tcgcsv.com/0Ph6,2025-10-23T12:49:50.84,1,Discard your hand and draw 7 cards.,0.01,0.15,24.99,0.08,0.06,Holofoil,,088/091,Rare,Supporter,,,,,,,
534450,Professor's Research - 088/091,Professors Research 088 091,https://tcgplayer-cdn.tcgplayer.com/product/534450_200w.jpg,3,23353,https://cpt.tcgcsv.com/0Ph6,2025-10-23T12:49:50.84,1,Discard your hand and draw 7 cards.,0.02,0.18,2.0,0.15,0.12,Reverse Holofoil,,088/091,Rare,Supporter,,,,,,,
534451,Rare Candy,Rare Candy,https://tcgplayer-cdn.tcgplayer.com/product/534451_200w.jpg,3,23353,https://cpt.tcgcsv.com/2Ph6,2026-01-13T16:25:43.917,1,"Choose 1 of your Basic Pokemon in play. If you have a Stage 2 card in your hand that evolves from that Pokemon, put that card onto the Basic Pokemon to evolve it, skipping the Stage 1. You can't use this card during your first turn or on a Basic Pokemon that was put into play this turn.",0.01,0.25,2.99,0.19,0.18,Reverse Holofoil,,089/091,Common,Item,,,,,,,
534451,Rare Candy,Rare Candy,https://tcgplayer-cdn.tcgplayer.com/product/534451_200w.jpg,3,23353,https://cpt.tcgcsv.com/2Ph6,2026-01-13T16:25:43.917,1,"Choose 1 of your Basic Pokemon in play. If you have a Stage 2 card in your hand that evolves from that Pokemon, put that card onto the Basic Pokemon to evolve it, skipping the Stage 1. You can't use this card during your first turn or on a Basic Pokemon that was put into play this turn.",0.01,0.18,20.0,0.12,0.05,Normal,,089/091,Common,Item,,,,,,,
534452,Technical Machine: Crisis Punch,Technical Machine Crisis Punch,https://tcgplayer-cdn.tcgplayer.com/product/534452_200w.jpg,3,23353,https://cpt.tcgcsv.com/3Ph6,2025-12-11T05:40:50.54,1,"The Pokémon this card is attached to can use the attack on this card. (You still need the necessary Energy to use this attack.) If this card is attached to 1 of your Pokémon, discard it at the end of your turn.
<br>
[3] Crisis Punch (280)
<br>You can use this attack only when your opponent has exactly 1 Prize card remaining.",0.01,0.1,5.95,0.06,0.02,Normal,,090/091,Uncommon,Trainer - Pokémon Tool,,,,,,,
534452,Technical Machine: Crisis Punch,Technical Machine Crisis Punch,https://tcgplayer-cdn.tcgplayer.com/product/534452_200w.jpg,3,23353,https://cpt.tcgcsv.com/3Ph6,2025-12-11T05:40:50.54,1,"The Pokémon this card is attached to can use the attack on this card. (You still need the necessary Energy to use this attack.) If this card is attached to 1 of your Pokémon, discard it at the end of your turn.
<br>
[3] Crisis Punch (280)
<br>You can use this attack only when your opponent has exactly 1 Prize card remaining.",0.02,0.19,1.5,0.17,0.1,Reverse Holofoil,,090/091,Uncommon,Trainer - Pokémon Tool,,,,,,,
534453,Ultra Ball,Ultra Ball,https://tcgplayer-cdn.tcgplayer.com/product/534453_200w.jpg,3,23353,https://cpt.tcgcsv.com/5Ph6,2026-01-13T16:21:23.263,1,"You can use this card only if you discard 2 other cards from your hand.
<br>
Search your deck for a Pokémon, reveal it, and put it into your hand. Then, shuffle your deck.",0.01,0.19,14.0,0.12,0.05,Normal,,091/091,Uncommon,Item,,,,,,,
534453,Ultra Ball,Ultra Ball,https://tcgplayer-cdn.tcgplayer.com/product/534453_200w.jpg,3,23353,https://cpt.tcgcsv.com/5Ph6,2026-01-13T16:21:23.263,1,"You can use this card only if you discard 2 other cards from your hand.
<br>
Search your deck for a Pokémon, reveal it, and put it into your hand. Then, shuffle your deck.",0.1,0.4,3.49,0.38,0.25,Reverse Holofoil,,091/091,Uncommon,Item,,,,,,,
534459,Oddish,Oddish,https://tcgplayer-cdn.tcgplayer.com/product/534459_200w.jpg,3,23353,https://cpt.tcgcsv.com/cPh6,2025-12-10T22:28:20.84,1,,4.7,6.15,19.99,5.92,9.97,Holofoil,,092/091,Shiny Rare,Grass,60,Basic,[2] Razor Leaf (20),Rx2,None,1,
534460,Gloom,Gloom,https://tcgplayer-cdn.tcgplayer.com/product/534460_200w.jpg,3,23353,https://cpt.tcgcsv.com/dPh6,2025-12-12T12:59:08.96,1,"<strong>Ability — Semi-Blooming Energy</strong>
<br>When you play this Pokemon from your hand to evolve 1 of your Pokemon during your turn, you may look at the top 3 cards of your deck and attach any number of Basic Energy cards you find there to your Pokemon in any way you like. Shuffle the other cards back into your deck.",2.75,3.5,10.4,3.37,,Holofoil,,093/091,Shiny Rare,Grass,70,Stage 1,[2] Drool (30),Rx2,None,1,
534462,Vileplume,Vileplume,https://tcgplayer-cdn.tcgplayer.com/product/534462_200w.jpg,3,23353,https://cpt.tcgcsv.com/gPh6,2025-12-12T12:20:00.897,1,"<strong>Ability — Fully Blooming Energy</strong>
<br>When you play this Pokemon from your hand to evolve 1 of your Pokemon during your turn, you may look at the top 8 cards of your deck and attach any number of Basic Energy cards you find there to your Pokemon in any way you like. Shuffle the other cards back into your deck.",4.0,5.04,19.95,5.0,5.0,Holofoil,,094/091,Shiny Rare,Grass,140,Stage 2,[2G] Solar Beam (90),Rx2,None,2,
534463,Scyther,Scyther,https://tcgplayer-cdn.tcgplayer.com/product/534463_200w.jpg,3,23353,https://cpt.tcgcsv.com/hPh6,2024-01-26T05:03:19.627,1,,4.8,6.01,20.0,5.79,8.79,Holofoil,,095/091,Shiny Rare,Grass,80,Basic,"[1] Agility (10)
<br> Flip a coin, if heads prevent all effects of attacks, including damage, done to this Pokemon during your opponent’s next turn.",Rx2,,1,[2] Cut (20)
534465,Hoppip,Hoppip,https://tcgplayer-cdn.tcgplayer.com/product/534465_200w.jpg,3,23353,https://cpt.tcgcsv.com/kPh6,2024-01-26T05:03:19.627,1,,1.43,2.5,6.14,2.34,2.95,Holofoil,,096/091,Shiny Rare,Grass,50,Basic,"[G] Splashing Dodge (10)
<br>Flip a coin. If heads, during your opponent’s next turn, prevent all damage from and effects of attacks done to this Pokemon.",Fx2,None,1,
534466,Skiploom,Skiploom,https://tcgplayer-cdn.tcgplayer.com/product/534466_200w.jpg,3,23353,https://cpt.tcgcsv.com/lPh6,2025-12-10T22:48:44.687,1,"<strong>Ability — Drifting Dodge</strong>
<br>If any damage is done to this Pokemon by attacks, flip a coin. If heads, prevent that damage.",1.94,2.5,12.0,2.46,2.83,Holofoil,,097/091,Shiny Rare,Grass,70,Stage 1,"[G] Flowery Zephyr (30)
<br>This attack also does 30 damage to 1 of your opponent’s Benched Pokemon. (Don’t apply Weakness and Resistance for Benched Pokemon.)",Fx2,None,1,
534469,Jumpluff,Jumpluff,https://tcgplayer-cdn.tcgplayer.com/product/534469_200w.jpg,3,23353,https://cpt.tcgcsv.com/pPh6,2025-12-11T01:26:45.36,1,"<strong>Ability — Drifting Dodge</strong>
<br>If any damage is done to this Pokemon by attacks, flip a coin. If heads, prevent that damage.",1.74,2.6,7.62,2.44,,Holofoil,,098/091,Shiny Rare,Grass,90,Stage 2,"[G] Fluffy Breeze (60)
<br>This attack also does 30 damage to 1 of your opponent’s Benched Pokemon. (Don’t apply Weakness and Resistance for Benched Pokemon.)",Fx2,None,1,
534470,Pineco - 099/091,Pineco 099 091,https://tcgplayer-cdn.tcgplayer.com/product/534470_200w.jpg,3,23353,https://cpt.tcgcsv.com/qPh6,2025-12-10T22:43:06.887,1,,1.37,2.12,6.69,1.91,1.84,Holofoil,,099/091,Shiny Rare,Grass,70,Basic,[GG] Rollout (30),Fx2,None,2,
534471,Snover,Snover,https://tcgplayer-cdn.tcgplayer.com/product/534471_200w.jpg,3,23353,https://cpt.tcgcsv.com/rPh6,2024-01-26T05:03:19.627,1,,1.25,2.0,8.0,1.86,3.16,Holofoil,,100/091,Shiny Rare,Grass,90,Basic,[1G] Corkscrew Punch (30),Fx2,None,3,
534472,Abomasnow,Abomasnow,https://tcgplayer-cdn.tcgplayer.com/product/534472_200w.jpg,3,23353,https://cpt.tcgcsv.com/sPh6,2024-01-26T05:03:19.627,1,"<strong>Ability — Catastrophic Freeze</strong>
<br>Damage can’t be healed from any Pokemon (both yours and your opponent’s).",1.16,1.89,130.0,1.73,2.17,Holofoil,,101/091,Shiny Rare,Grass,150,Stage 1,[1GG] Magnum Punch (110),Fx2,None,3,
534473,Smoliv,Smoliv,https://tcgplayer-cdn.tcgplayer.com/product/534473_200w.jpg,3,23353,https://cpt.tcgcsv.com/tPh6,2025-12-10T22:51:58.977,1,,2.0,3.0,15.0,2.59,,Holofoil,,102/091,Shiny Rare,Grass,50,Basic,[2] Tackle (30),Rx2,None,1,
534475,Dolliv,Dolliv,https://tcgplayer-cdn.tcgplayer.com/product/534475_200w.jpg,3,23353,https://cpt.tcgcsv.com/wPh6,2025-12-09T05:34:09.433,1,,1.69,2.28,7.65,2.07,,Holofoil,,103/091,Shiny Rare,Grass,80,Stage 1,"[G] Sunny Wind (30)
<br>Heal 30 damage from this Pokémon.",Rx2,,1,
534476,Arboliva,Arboliva,https://tcgplayer-cdn.tcgplayer.com/product/534476_200w.jpg,3,23353,https://cpt.tcgcsv.com/xPh6,2024-04-02T20:45:51.68,1,"<strong>Ability — Enriching Oil</strong>
<br>When you play this Pokémon from your hand to evolve one of your Pokémon during your turn, you may heal all damage from 1 of your Pokémon.",1.25,2.14,5.99,2.13,2.45,Holofoil,,104/091,Shiny Rare,Grass,150,Stage 2,[1GG] Solar Beam (150),Rx2,None,2,
534478,Toedscool - 105/091,Toedscool 105 091,https://tcgplayer-cdn.tcgplayer.com/product/534478_200w.jpg,3,23353,https://cpt.tcgcsv.com/BPh6,2025-10-23T13:00:37.087,1,,1.61,2.54,9.95,2.47,3.42,Holofoil,,105/091,Shiny Rare,Grass,50,Basic,"[G] Fury Attack
<br>Flip 3 coins. This attack does 10 damage times the number of heads.",Rx2,None,1,
534479,Capsakid,Capsakid,https://tcgplayer-cdn.tcgplayer.com/product/534479_200w.jpg,3,23353,https://cpt.tcgcsv.com/CPh6,2025-12-09T05:18:54.403,1,,1.45,2.2,9.95,2.09,2.03,Holofoil,,106/091,Shiny Rare,Grass,60,Basic,"[1] Picante (10)
<br>Flip a coin. If heads, your opponent’s Active Pokemon is now Burned.",Rx2,None,1,
534481,Scovillain,Scovillain,https://tcgplayer-cdn.tcgplayer.com/product/534481_200w.jpg,3,23353,https://cpt.tcgcsv.com/FPh6,2025-12-10T22:47:05.937,1,"<strong>Ability — Double Type</strong>
<br>This Pokémon is both [G] and [R].",0.75,1.83,11.0,1.41,1.74,Holofoil,,107/091,Shiny Rare,Grass,110,Stage 1,"[G][2] Spicy Headbutt (110)
<br>This attack’s damage isn’t affected by Resistance.",Rx2,,2,
534482,Rellor,Rellor,https://tcgplayer-cdn.tcgplayer.com/product/534482_200w.jpg,3,23353,https://cpt.tcgcsv.com/GPh6,2025-02-09T05:49:55.11,1,,0.99,1.71,5.2,1.46,,Holofoil,,108/091,Shiny Rare,Grass,50,Basic,"[2] Ball Roll (30x)
<br>Flip a coin until you get tails. This attack does 30 damage times the number of heads.",Fx2,None,1,
534483,Charmander - 109/091,Charmander 109 091,https://tcgplayer-cdn.tcgplayer.com/product/534483_200w.jpg,3,23353,https://cpt.tcgcsv.com/HPh6,2024-01-30T16:49:16.96,1,,19.99,22.69,49.69,21.63,24.86,Holofoil,,109/091,Shiny Rare,Fire,70,Basic,[R] Blazing Destruction<br>Discard a Stadium in play.,Wx2,None,1,[RR] Steady Firebreathing (30)
534484,Charmeleon - 110/091,Charmeleon 110 091,https://tcgplayer-cdn.tcgplayer.com/product/534484_200w.jpg,3,23353,https://cpt.tcgcsv.com/JPh6,2024-01-26T05:03:19.627,1,,10.99,14.97,29.99,12.3,14.56,Holofoil,,110/091,Shiny Rare,Fire,90,Stage 1,,Wx2,None,2,
534485,Paldean Tauros - 111/091,Paldean Tauros 111 091,https://tcgplayer-cdn.tcgplayer.com/product/534485_200w.jpg,3,23353,https://cpt.tcgcsv.com/KPh6,2025-12-10T22:36:32.033,1,,1.53,2.45,50.0,2.26,,Holofoil,,111/091,Shiny Rare,Fire,130,Basic,"[2] Raging Horns (20+)
<br>This attack does 10 more damage for each damage counter on this Pokemon.",Wx2,None,2,"[1RR] Blaze Dash (120)
<br>Discard 1 Energy from this Pokemon."
534493,Entei,Entei,https://tcgplayer-cdn.tcgplayer.com/product/534493_200w.jpg,3,23353,https://cpt.tcgcsv.com/TPh6,2025-12-09T05:35:58.953,1,"<strong>Ability — Pressure</strong>
<br>As long as this Pokémon is in the Active Spot, your opponent’s Active Pokémon’s attacks do 20 less damage (before applying Weakness and Resistance)",5.75,8.85,19.97,7.78,11.99,Holofoil,,112/091,Shiny Rare,Fire,130,Basic,"[3] Blaze Ball (60+)
<br>This attack does 20 more damage for each [R] Energy attached to this Pokémon.",Wx2,None,1,
534494,Oricorio,Oricorio,https://tcgplayer-cdn.tcgplayer.com/product/534494_200w.jpg,3,23353,https://cpt.tcgcsv.com/VPh6,2025-12-10T22:30:00.277,1,"<strong>Ability — Ardent Dancing</strong>
<br>Once during your turn, you may heal 20 damage from your Active Evolution Pokemon.",1.25,2.02,10.0,1.89,,Holofoil,,113/091,Shiny Rare,Fire,90,Basic,[1R] Flap (30),Wx2,None,1,
534496,Charcadet - 114/091,Charcadet 114 091,https://tcgplayer-cdn.tcgplayer.com/product/534496_200w.jpg,3,23353,https://cpt.tcgcsv.com/XPh6,2025-12-09T05:22:24.173,1,,3.84,5.34,9.76,5.1,,Holofoil,,114/091,Shiny Rare,Fire,70,Basic,[1RR] Heat Blast (60),Wx2,None,1,
534497,Armarouge - 115/091,Armarouge 115 091,https://tcgplayer-cdn.tcgplayer.com/product/534497_200w.jpg,3,23353,https://cpt.tcgcsv.com/ZPh6,2024-01-26T05:03:19.627,1,"<strong>Ability — Fire Off</strong>
<br>As often as you like during your turn, you may move a Fire Energy from 1 of your Benched Pokémon to your Active Pokémon.",2.2,4.0,19.99,3.34,5.75,Holofoil,,115/091,Shiny Rare,Fire,130,Stage 1,"[1RR] Falme Cannon (90)
<br>Your opponent's Active Pokemon is now Burned.",Wx2,None,2,
534504,Slowpoke,Slowpoke,https://tcgplayer-cdn.tcgplayer.com/product/534504_200w.jpg,3,23353,https://cpt.tcgcsv.com/6Qh6,2025-12-10T22:51:15.627,1,,5.5,8.04,18.99,7.71,8.89,Holofoil,,116/091,Shiny Rare,Water,70,Basic,"[1] Rest
<br>This Pokemon is now Asleep. Heal 30 damage from it.",Lx2,None,2,[1W] Headbutt (20)
534507,Slowbro,Slowbro,https://tcgplayer-cdn.tcgplayer.com/product/534507_200w.jpg,3,23353,https://cpt.tcgcsv.com/9Qh6,2025-12-10T22:50:23.84,1,"<strong>Ability — Strange Behavior</strong>
As often as you like during your turn, you may move a damage counter from 1 of your Pokemon to this Pokemon.",3.67,5.75,22.48,5.04,5.68,Holofoil,,117/091,Shiny Rare,Water,100,Stage 1,"[1W] Bubble Drain (60)
<br>Heal 30 damage from this Pokemon.",Lx2,None,3,
534508,Staryu,Staryu,https://tcgplayer-cdn.tcgplayer.com/product/534508_200w.jpg,3,23353,https://cpt.tcgcsv.com/bQh6,2024-01-26T05:03:19.627,1,,2.0,3.82,10.37,3.38,3.88,Holofoil,,118/091,Shiny Rare,Water,60,Basic,"[1W] Swift (30)
<br>This attack's damage isn't affected by Weakness or Resistance, or by any effects on your opponent's Active Pokemon.",Lx2,None,1,
534510,Starmie,Starmie,https://tcgplayer-cdn.tcgplayer.com/product/534510_200w.jpg,3,23353,https://cpt.tcgcsv.com/dQh6,2025-12-10T22:54:26.907,1,"<strong>Ability — Mysterious Comet</strong>
<br>Once during your turn, you may put 2 damage counters on 1 of your opponent's Pokemon. If you placed any damage counters in this way, discard this Pokemon and all attached cards.",3.5,5.39,19.99,4.95,5.68,Holofoil,,119/091,Shiny Rare,Water,90,Stage 1,[1W] Speed Attack (50),Lx2,None,1,
534511,Paldean Tauros - 120/091,Paldean Tauros 120 091,https://tcgplayer-cdn.tcgplayer.com/product/534511_200w.jpg,3,23353,https://cpt.tcgcsv.com/fQh6,2025-12-10T22:36:52.77,1,,1.25,2.44,14.99,1.97,2.69,Holofoil,,120/091,Shiny Rare,Water,130,Basic,"[2] Ragin Horns (20+)
<br>This attack does 10 more damage for each damage counter on this Pokemon.",Lx2,None,2,"[2W] Aqua Dive
<br>This attack does 60 damage to 1 of your opponent's Pokemon. <em>(Don't apply Weakness and Resistance for Benched Pokemon.)</em>"
534512,Wiglett - 121/091,Wiglett 121 091,https://tcgplayer-cdn.tcgplayer.com/product/534512_200w.jpg,3,23353,https://cpt.tcgcsv.com/gQh6,2024-01-26T05:03:19.627,1,,1.9,2.61,8.25,2.4,3.54,Holofoil,,121/091,Shiny Rare,Water,60,Basic,"[1] Dib a Bit
<br>Flip a coin. If heads, discard the top card of your opponent’s deck.",Lx2,None,1,[2] Ram (20)
534513,Wugtrio - 122/091,Wugtrio 122 091,https://tcgplayer-cdn.tcgplayer.com/product/534513_200w.jpg,3,23353,https://cpt.tcgcsv.com/hQh6,2025-12-10T23:07:51.4,1,,1.33,2.18,9.0,2.03,2.31,Holofoil,,122/091,Shiny Rare,Water,90,Stage 1,[W] Headbutt (30),Lx2,None,2,"[3] Sea Tunneling
<br>Flip 3 coins. For each heads, discard the top 3 cards of your opponent’s deck."
534514,Finizen,Finizen,https://tcgplayer-cdn.tcgplayer.com/product/534514_200w.jpg,3,23353,https://cpt.tcgcsv.com/jQh6,2025-10-21T18:22:05.823,1,,2.5,4.1,18.0,4.12,4.82,Holofoil,,123/091,Shiny Rare,Water,50,Basic,"[W] Valiant Evolution <br>
Switch this Pokemon with 1 of your Benched Pokemon. Then, search your deck for a card that evolves from this Pokemon and play it on this Pokemon to evolve it. Then, shuffle your deck.",Lx2,None,2,[W] Razor Fin (10)
534515,Palafin - 124/091,Palafin 124 091,https://tcgplayer-cdn.tcgplayer.com/product/534515_200w.jpg,3,23353,https://cpt.tcgcsv.com/kQh6,2024-01-26T05:03:19.627,1,,1.0,2.38,8.0,2.4,2.99,Holofoil,,124/091,Shiny Rare,Water,150,Stage 1,"[W] Jet Punch (30)
<br>This attack also does 30 damage to 1 of your opponent's Benched Pokémon. (Don't apply Weakness and Resistance for Benched Pokémon.)",Lx2,None,2,"[WW] Justice Kick (210)
<br>If this Pokémon didn't move from the Bench to the Active Spot this turn, this attack does nothing."
534516,Veluza - 125/091,Veluza 125 091,https://tcgplayer-cdn.tcgplayer.com/product/534516_200w.jpg,3,23353,https://cpt.tcgcsv.com/lQh6,2024-01-26T05:03:19.627,1,,1.17,1.9,15.0,1.62,,Holofoil,,125/091,Shiny Rare,Water,130,Basic,[W] Ram (20),Lx2,None,2,"[3W] Slim Screw (120)
<br>If you don’t have any cards in your hand, this attack can be used for 1 W Energy."
534517,Dondozo,Dondozo,https://tcgplayer-cdn.tcgplayer.com/product/534517_200w.jpg,3,23353,https://cpt.tcgcsv.com/mQh6,2024-01-26T05:03:19.627,1,,1.5,2.52,60.0,2.55,2.4,Holofoil,,126/091,Shiny Rare,Water,160,Basic,"[2] Vent Wrath (50x)
<br>This attack does 50 damage for each Tatsugiri in your discard pile.",Lx2,None,4,[2WW] Heavy Splash (120)
534518,Tatsugiri,Tatsugiri,https://tcgplayer-cdn.tcgplayer.com/product/534518_200w.jpg,3,23353,https://cpt.tcgcsv.com/nQh6,2024-01-26T05:03:19.627,1,,3.0,4.71,16.0,4.3,5.06,Holofoil,,127/091,Shiny Rare,Water,70,Basic,"[W] Preparations
<br>Search your deck for up to 2 Basic [W] Energy and attach them to 1 of your Basic Pokémon. Then, shuffle your deck.",Lx2,None,1,"[W] Flip Back (30)
<br>Put this Pokémon and all attached cards into your hand."
534519,Frigibax - 128/091,Frigibax 128 091,https://tcgplayer-cdn.tcgplayer.com/product/534519_200w.jpg,3,23353,https://cpt.tcgcsv.com/pQh6,2025-12-10T22:02:27.323,1,,2.0,3.61,19.99,2.98,4.24,Holofoil,,128/091,Shiny Rare,Water,70,Basic,,Mx2,None,2,
534520,Arctibax,Arctibax,https://tcgplayer-cdn.tcgplayer.com/product/534520_200w.jpg,3,23353,https://cpt.tcgcsv.com/qQh6,2024-01-26T05:03:19.627,1,,2.19,3.02,9.99,2.53,2.9,Holofoil,,129/091,Shiny Rare,Water,90,Stage 1,[1W] Sharp Fin (40),Mx2,None,2,[1WW] Frost Smash (80)
534521,Baxcalibur,Baxcalibur,https://tcgplayer-cdn.tcgplayer.com/product/534521_200w.jpg,3,23353,https://cpt.tcgcsv.com/rQh6,2024-01-26T05:03:19.627,1,"<strong>Ability — Super Cold</strong>
<br>As often as you like during your turn, you may attach a Basic W Energy card from your hand to 1 of your Pokemon.",2.5,3.81,11.97,3.56,4.72,Holofoil,,130/091,Shiny Rare,Water,160,Stage 2,[1WW] Buster Tail (130),Mx2,None,2,
534522,Pikachu - 131/091,Pikachu 131 091,https://tcgplayer-cdn.tcgplayer.com/product/534522_200w.jpg,3,23353,https://cpt.tcgcsv.com/sQh6,2025-10-23T01:52:02.43,1,,29.97,35.23,77.99,32.58,37.47,Holofoil,,131/091,Shiny Rare,Lightning,70,Basic,"[1] Growl
<br>During your opponent’s next turn, the Defending Pokemon’s attacks do 20 less damage (before applying Weakness and Resistance).",Fx2,None,1,[1L] Pika Bolt (30)
534523,Raichu - 132/091,Raichu 132 091,https://tcgplayer-cdn.tcgplayer.com/product/534523_200w.jpg,3,23353,https://cpt.tcgcsv.com/tQh6,2024-01-26T05:03:19.627,1,"<strong>Ability — Electrical Grounding</strong>
<br>When 1 of your Pokemon is Knocked Out by damage from an attack from your opponent's Pokemon, you may move a L Energy from that Pokemon to this Pokemon.",9.26,11.0,25.0,10.41,12.07,Holofoil,,132/091,Shiny Rare,Lightning,120,Stage 1,"[1LL] Thunder (180)
<br>This Pokemon also does 50 damage to itself",Fx2,None,1,
534525,Voltorb,Voltorb,https://tcgplayer-cdn.tcgplayer.com/product/534525_200w.jpg,3,23353,https://cpt.tcgcsv.com/wQh6,2025-12-10T23:04:54.767,1,,1.75,2.6,9.0,2.41,2.82,Holofoil,,133/091,Shiny Rare,Lightning,60,Basic,"[L] Tumbling Attack (10+)
<br>Flip a coin. If heads, this attack does 20 more damage.",Fx2,,1,
534527,Electrode,Electrode,https://tcgplayer-cdn.tcgplayer.com/product/534527_200w.jpg,3,23353,https://cpt.tcgcsv.com/zQh6,2025-11-28T22:45:58.483,1,,2.0,3.23,9.77,3.23,3.14,Holofoil,,134/091,Shiny Rare,Lightning,90,Stage 1,"[L] Bang Boom Chain (20+)
Before doing damage, you may discard any number of Pokémon Tools from your Pokémon. This attack does 40 more damage for each card you discarded in this way.",Fx2,,1,[1L] Electro Ball (70)
534528,Shinx,Shinx,https://tcgplayer-cdn.tcgplayer.com/product/534528_200w.jpg,3,23353,https://cpt.tcgcsv.com/BQh6,2025-12-10T22:48:09.26,1,,5.99,7.63,59.99,6.46,7.43,Holofoil,,135/091,Shiny Rare,Lightning,70,Basic,"[L] Wilk Kick (30)
<br>Flip a coin. If tails, this attack does nothing.",Fx2,None,1,
534529,Luxio,Luxio,https://tcgplayer-cdn.tcgplayer.com/product/534529_200w.jpg,3,23353,https://cpt.tcgcsv.com/CQh6,2025-12-10T22:15:27.49,1,,3.4,4.37,13.0,4.32,4.74,Holofoil,,136/091,Shiny Rare,Lightning,90,Stage 1,[L] Zap Kick (30),Fx2,None,1,[2L] Head Bolt (60)
534533,Luxray,Luxray,https://tcgplayer-cdn.tcgplayer.com/product/534533_200w.jpg,3,23353,https://cpt.tcgcsv.com/HQh6,2025-12-10T22:16:00.987,1,"<strong>Ability — Swelling Flash</strong>
<br>Once during your turn, if this card is in your hand and you have more Prize cards remaining than your opponent, you may play this card onto your Bench.",6.36,8.06,17.0,7.56,8.5,Holofoil,,137/091,Shiny Rare,Lightning,150,Stage 2,"[2L] Wild Charge (180)
<br>This Pokemon also does 20 damage to itself.",Fx2,None,1,
534538,Pachirisu,Pachirisu,https://tcgplayer-cdn.tcgplayer.com/product/534538_200w.jpg,3,23353,https://cpt.tcgcsv.com/NQh6,2025-12-10T22:31:05.7,1,"<strong>Ability — Electric Pouches</strong>
This Pokemon can’t be Paralyzed.",3.75,5.01,10.06,5.09,6.49,Holofoil,,138/091,Shiny Rare,Lightning,70,Basic,"[1L] Group Zap (10+)
<br>This attack does 20 more damage for each of your Benched [L] Pokemon. This attack’s damage isn’t affected by Weakness.",Fx2,None,1,
534540,Thundurus,Thundurus,https://tcgplayer-cdn.tcgplayer.com/product/534540_200w.jpg,3,23353,https://cpt.tcgcsv.com/QQh6,2025-12-10T22:57:32.563,1,"<strong>Ability — Adverse Weather </strong>
As long as this Pokémon is in the Active Spot, prevent all damage done to your Benched Pokémon by your opponent’s attacks.",1.5,2.33,12.99,1.91,2.14,Holofoil,,139/091,Shiny Rare,Lightning,110,Basic,"[L][L] Gigantic Bolt (140) <br>
 This Pokémon also does 90 damage to itself.",Fx2,None,2,
534574,Toxel,Toxel,https://tcgplayer-cdn.tcgplayer.com/product/534574_200w.jpg,3,23353,https://cpt.tcgcsv.com/vRh6,2024-01-26T05:03:19.627,1,,1.0,2.7,24.99,2.51,3.06,Holofoil,,140/091,Shiny Rare,Lightning,70,Basic,"[L] Slight Intrusion: (30) <br>
 This Pokémon does 10 damage to itself.",Fx2,None,1,
534576,Toxtricity,Toxtricity,https://tcgplayer-cdn.tcgplayer.com/product/534576_200w.jpg,3,23353,https://cpt.tcgcsv.com/xRh6,2024-08-09T19:26:06.717,1,,1.0,2.0,12.95,1.86,,Holofoil,,141/091,Shiny Rare,Lightning,140,Stage 1,"[L] Leer <br>
Flip a coin, if heads your opponent’s Active Pokémon is now Paralyzed.",Fx2,None,2,"[L1] Loud Mix (50+) <br>
 This attack does 30 more damage for each different type of Pokémon on your Bench."
534577,Pawmi - 142/091,Pawmi 142 091,https://tcgplayer-cdn.tcgplayer.com/product/534577_200w.jpg,3,23353,https://cpt.tcgcsv.com/zRh6,2024-01-26T05:03:19.627,1,,2.0,3.0,7.0,3.04,3.5,Holofoil,,142/091,Shiny Rare,Lightning,60,Basic,[L] Toss (10),Fx2,None,1,[1L] Elekick (20)
534579,Pawmo,Pawmo,https://tcgplayer-cdn.tcgplayer.com/product/534579_200w.jpg,3,23353,https://cpt.tcgcsv.com/CRh6,2024-01-26T05:03:19.627,1,,1.99,2.91,8.99,2.74,3.14,Holofoil,,143/091,Shiny Rare,Lightning,90,Stage 1,"[L] Thundershock (30)
<br>Flip a coin. If heads, your opponent’s Active Pokemon is now Paralyzed.",Fx2,None,1,[1LL] Head Volt (70)
534581,Pawmot,Pawmot,https://tcgplayer-cdn.tcgplayer.com/product/534581_200w.jpg,3,23353,https://cpt.tcgcsv.com/FRh6,2025-12-10T22:39:25,1,"<strong>Ability — Charge Up</strong>
<br>Once during your turn, you may search your deck for a basic [L] Energy and attach it to this Pokemon. Then, shuffle your deck.",1.81,2.54,8.27,2.29,2.5,Holofoil,,144/091,Shiny Rare,Lightning,130,Stage 2,"[1LL] Electro Paw (230)
<br>Discard all Energy from this Pokemon.",Fx2,None,0,
534582,Wattrel,Wattrel,https://tcgplayer-cdn.tcgplayer.com/product/534582_200w.jpg,3,23353,https://cpt.tcgcsv.com/GRh6,2025-12-10T23:05:33.297,1,,1.5,2.61,11.99,2.17,2.64,Holofoil,,145/091,Shiny Rare,Lightning,60,Basic,[1] Peck (10),Lx2,F-30,1,"[2] United Wings (20x)
<br>This attack does 20 damage for each Pokémon in your discard pile that has the United Wings attack."
534584,Kilowattrel - 146/091,Kilowattrel 146 091,https://tcgplayer-cdn.tcgplayer.com/product/534584_200w.jpg,3,23353,https://cpt.tcgcsv.com/JRh6,2025-12-10T22:11:31.26,1,,0.9,1.79,10.0,1.61,,Holofoil,,146/091,Shiny Rare,Lightning,120,Stage 1,,Lx2,F-30,0,
534616,Wigglytuff,Wigglytuff,https://tcgplayer-cdn.tcgplayer.com/product/534616_200w.jpg,3,23353,https://cpt.tcgcsv.com/lSh6,2025-12-10T23:06:42.977,1,"<strong>Ability — Balloon Therapy</strong>
<br>Once during your turn, you may attach a Therapeutic Energy card from your hand to 1 of your Pokémon.",2.0,2.64,9.99,2.57,2.94,Holofoil,,147/091,Shiny Rare,Psychic,110,Stage 1,[2P] Magical Shot (100),Mx2,None,2,
534631,Abra,Abra,https://tcgplayer-cdn.tcgplayer.com/product/534631_200w.jpg,3,23353,https://cpt.tcgcsv.com/FSh6,2025-11-28T22:43:59.857,1,,4.41,6.0,29.97,6.01,8.38,Holofoil,,148/091,Shiny Rare,Psychic,50,Basic,[P] Psyshot (20),Dx2,F-30,1,
534634,Kadabra,Kadabra,https://tcgplayer-cdn.tcgplayer.com/product/534634_200w.jpg,3,23353,https://cpt.tcgcsv.com/JSh6,2025-12-10T22:10:14.353,1,,3.0,4.62,20.0,3.91,4.51,Holofoil,,149/091,Shiny Rare,Psychic,80,Stage 1,"[P] Teleportation Attack (30)
<br>Switch this Pokemon with 1 of your Benched Pokemon",Dx2,F-30,1,
534636,Cleffa,Cleffa,https://tcgplayer-cdn.tcgplayer.com/product/534636_200w.jpg,3,23353,https://cpt.tcgcsv.com/LSh6,2025-12-11T01:27:20.94,1,,1.8,3.19,9.99,2.73,3.79,Holofoil,,150/091,Shiny Rare,Psychic,60,Basic,"[0] Grasping Draw
<br>Draw cards until you have 7 cards in your hand.",Mx2,,1,
534642,Natu - 151/091,Natu 151 091,https://tcgplayer-cdn.tcgplayer.com/product/534642_200w.jpg,3,23353,https://cpt.tcgcsv.com/SSh6,2025-10-23T12:56:44.66,1,,1.0,2.55,24.99,2.27,2.71,Holofoil,,151/091,Shiny Rare,Psychic,50,Basic,"[P] Triple Strike (10x)
<br>Flip 3 coins. This attack does 10 damage for each heads.",Dx2,F-30,1,
534646,Xatu - 152/091,Xatu 152 091,https://tcgplayer-cdn.tcgplayer.com/product/534646_200w.jpg,3,23353,https://cpt.tcgcsv.com/XSh6,2025-12-10T23:09:11.857,1,,0.81,2.64,14.0,1.8,2.07,Holofoil,,152/091,Shiny Rare,Psychic,100,Stage 1,,Dx2,F-30,1,
534650,Ralts - 153/091,Ralts 153 091,https://tcgplayer-cdn.tcgplayer.com/product/534650_200w.jpg,3,23353,https://cpt.tcgcsv.com/0Th6,2024-01-26T05:03:19.627,1,,5.96,8.61,54.99,7.05,8.02,Holofoil,,153/091,Shiny Rare,Psychic,70,Basic,[1P] Psyshot (30),Dx2,F-30,1,
534659,Kirlia - 154/091,Kirlia 154 091,https://tcgplayer-cdn.tcgplayer.com/product/534659_200w.jpg,3,23353,https://cpt.tcgcsv.com/cTh6,2025-12-10T22:12:48.36,1,,4.68,7.01,21.95,5.74,6.55,Holofoil,,154/091,Shiny Rare,Psychic,90,Stage 1,[1P] Magical Shot (30),Dx2,F-30,1,"[1PP] Psychic (60+)
<br>This attack does 20 more damage for each Energy attached to your opponent’s Active Pokemon."
534662,Drifloon,Drifloon,https://tcgplayer-cdn.tcgplayer.com/product/534662_200w.jpg,3,23353,https://cpt.tcgcsv.com/gTh6,2024-07-13T18:27:06.6,1,,3.21,5.26,12.02,4.31,4.93,Holofoil,,155/091,Shiny Rare,Psychic,70,Basic,[2] Gust (10),Dx2,F-30,1,"[PP] Balloon Blast (30x)
<br>This attack does 30 damage for each damage counter on this Pokemon."
534670,Drifblim,Drifblim,https://tcgplayer-cdn.tcgplayer.com/product/534670_200w.jpg,3,23353,https://cpt.tcgcsv.com/qTh6,2025-12-09T05:34:51.277,1,,1.4,2.05,6.92,1.91,2.14,Holofoil,,156/091,Shiny Rare,Psychic,110,Stage 1,[2] Gust (30),Dx2,F-30,1,"[PPP] Spread Curses
<br>Put 8 damage counters on your opponent’s Pokemon in any way you like."
534671,Mime Jr. - 157/091,Mime Jr 157 091,https://tcgplayer-cdn.tcgplayer.com/product/534671_200w.jpg,3,23353,https://cpt.tcgcsv.com/rTh6,2024-01-26T05:03:19.627,1,,2.0,2.77,20.95,2.75,5.24,Holofoil,,157/091,Shiny Rare,Psychic,30,Basic,,Dx2,F-30,0,
534680,Spiritomb,Spiritomb,https://tcgplayer-cdn.tcgplayer.com/product/534680_200w.jpg,3,23353,https://cpt.tcgcsv.com/DTh6,2025-12-03T18:37:12.6,1,"<strong>Ability — Fettered in Misfortune
<br>Basic Pokémon V in play (both yours and your opponent's) have no Abilities.",2.65,4.0,10.49,3.59,4.12,Holofoil,,158/091,Shiny Rare,Psychic,60,Basic,"[1] Fade Out (10)
<br>Put this Pokémon and all attached cards into your hand.",Dx2,F-30,1,
534681,Klefki,Klefki,https://tcgplayer-cdn.tcgplayer.com/product/534681_200w.jpg,3,23353,https://cpt.tcgcsv.com/FTh6,2025-12-11T01:25:04.45,1,"<strong>Ability — Mischievous Lock</strong>
<br>
As long as this Pokémon is in the Active Spot, Basic Pokémon in play <em>(both yours and your opponent's)</em> have no Abilities, except for Mischievous Lock.",3.5,4.76,15.0,4.74,5.22,Holofoil,,159/091,Shiny Rare,Psychic,70,Basic,"[1] Joust (10)
<br>
Before doing damage, discard all Pokémon Tools from your opponent's Active Pokémon.",Mx2,,1,
534683,Mimikyu -160/091,Mimikyu 160 091,https://tcgplayer-cdn.tcgplayer.com/product/534683_200w.jpg,3,23353,https://cpt.tcgcsv.com/HTh6,2025-12-10T22:24:24.053,1,"<strong>Ability — Safeguard</strong>
<br>Prevent all damage done to this Pokémon by attacks from your opponent's Pokémon ex and Pokémon V.",15.25,19.19,37.94,19.46,,Holofoil,,160/091,Shiny Rare,Psychic,70,Basic,"[1P] Ghost Eye
<br>Put 7 damage counters on your opponent's Active Pokémon.",Mx2,None,1,
534685,Dachsbun - 161/091,Dachsbun 161 091,https://tcgplayer-cdn.tcgplayer.com/product/534685_200w.jpg,3,23353,https://cpt.tcgcsv.com/KTh6,2025-12-09T05:31:36.927,1,"<strong>Ability — Well-Baked Body</strong>
<br>Prevent all damage done to this Pokémon by attacks from your opponent’s [R] Pokémon. This Pokémon cannot be Burned.",4.0,4.98,12.95,4.47,5.14,Holofoil,,161/091,Shiny Rare,Psychic,90,Stage 1,[2P] Headbutt Bounce (100),Mx2,None,1,
534687,Ceruledge - 162/091,Ceruledge 162 091,https://tcgplayer-cdn.tcgplayer.com/product/534687_200w.jpg,3,23353,https://cpt.tcgcsv.com/MTh6,2024-01-26T05:03:19.627,1,,4.69,6.48,23.0,5.8,6.66,Holofoil,,162/091,Shiny Rare,Psychic,140,Stage 1,"[2] Life Sucker (50)
<br> Heal 30 damage from this Pokémon. (50)",Dx2,F-30,2,"[2P] Fighting Sword (100+)
If your Opponent's Active Pokémon is a Pokémon ex or Pokémon V, this attack does 100 more damage."
534693,Rabsca,Rabsca,https://tcgplayer-cdn.tcgplayer.com/product/534693_200w.jpg,3,23353,https://cpt.tcgcsv.com/TTh6,2025-02-20T02:59:44.49,1,,0.8,1.75,10.77,1.48,,Holofoil,,163/091,Shiny Rare,Psychic,70,Stage 1,"[1] Revival Blessing
<br>Put a Pokémon from your discard pile onto your Bench.",Dx2,F-30,1,"[PP] Psybeam (50)
<br>Your opponent's Active Pokémon is now Confused."
534694,Flittle - 164/091,Flittle 164 091,https://tcgplayer-cdn.tcgplayer.com/product/534694_200w.jpg,3,23353,https://cpt.tcgcsv.com/VTh6,2025-12-10T22:01:28.803,1,,0.95,1.93,7.0,1.83,1.87,Holofoil,,164/091,Shiny Rare,Psychic,30,Basic,,Dx2,F-30,1,
534697,Tinkatink,Tinkatink,https://tcgplayer-cdn.tcgplayer.com/product/534697_200w.jpg,3,23353,https://cpt.tcgcsv.com/ZTh6,2026-01-02T17:45:44.46,1,,3.0,4.18,24.48,4.34,6.43,Holofoil,,165/091,Shiny Rare,Psychic,60,Basic,"[1] Scrap Pickup
<br>Put an Item card from your discard pile into your hand.",Mx2,None,1,[2P] Fairy Wind (30)
534699,Tinkatuff,Tinkatuff,https://tcgplayer-cdn.tcgplayer.com/product/534699_200w.jpg,3,23353,https://cpt.tcgcsv.com/_Th6,2024-01-26T05:03:19.627,1,,3.01,4.98,25.96,4.75,5.9,Holofoil,,166/091,Shiny Rare,Psychic,90,Stage 1,"[2] Play Rough (30+)
<br>Flip a coin. If heads, this attack does 30 more damage.",Mx2,None,2,"[2P] Pulverizing Press (60)
<br>This attack's damage isn't affected by any effects on your opponent's Active Pokémon."
534704,Tinkaton,Tinkaton,https://tcgplayer-cdn.tcgplayer.com/product/534704_200w.jpg,3,23353,https://cpt.tcgcsv.com/6Vh6,2025-10-23T12:59:43.893,1,"<strong>Ability — Gather Materials</strong>
<br>You must discard a card from your hand in order to use this Ability. Once during your turn, you may draw 3 cards.",3.75,5.67,15.0,4.82,7.03,Holofoil,,167/091,Shiny Rare,Psychic,140,Stage 2,"[1P] Special Hammer (90+)
<br>If this Pokémon has any Special Energy attached, this attack does 90 more damage.",Mx2,None,2,
534724,Houndstone - 168/091,Houndstone 168 091,https://tcgplayer-cdn.tcgplayer.com/product/534724_200w.jpg,3,23353,https://cpt.tcgcsv.com/vVh6,2024-01-26T05:03:19.627,1,,1.0,1.75,8.0,1.5,1.98,Holofoil,,168/091,Shiny Rare,Psychic,140,Stage 1,"[PP] Grave Visit (80)
<br>This attack does 10 damage for each [P] Pokemon in your discard pile.",Dx2,F-30,3,
534728,Mankey - 169/091,Mankey 169 091,https://tcgplayer-cdn.tcgplayer.com/product/534728_200w.jpg,3,23353,https://cpt.tcgcsv.com/BVh6,2025-12-10T22:22:45.177,1,,2.0,3.03,68.84,3.1,3.48,Holofoil,,169/091,Shiny Rare,Fighting,60,Basic,"[F] Thrash (20+)
<br>Flip a coin. If tails, this Pokemon also does 20 damage to itself. If Heads, this attack does 20 more damage.",Px2,None,1,
534730,Primeape - 170/091,Primeape 170 091,https://tcgplayer-cdn.tcgplayer.com/product/534730_200w.jpg,3,23353,https://cpt.tcgcsv.com/DVh6,2025-12-10T22:43:45.65,1,,1.99,3.69,24.74,3.59,4.21,Holofoil,,170/091,Shiny Rare,Fighting,90,Stage 1,"[F] Thrashing Punch (70)
<br>This Pokemon does 20 damage to itself.",Px2,None,1,
534731,Wugtrio - 224/091,Wugtrio 224 091,https://tcgplayer-cdn.tcgplayer.com/product/534731_200w.jpg,3,23353,https://cpt.tcgcsv.com/FVh6,2025-10-23T13:01:21.82,1,,0.6,1.57,150.0,1.33,1.63,Holofoil,,224/091,Illustration Rare,Water,90,Stage 1,[W] Headbutt (30),Lx2,None,2,"[3] Sea Tunneling
<br>Flip 3 coins. For each heads, discard the top 3 cards of your opponent’s deck."
534733,Annihilape - 171/091,Annihilape 171 091,https://tcgplayer-cdn.tcgplayer.com/product/534733_200w.jpg,3,23353,https://cpt.tcgcsv.com/HVh6,2025-12-09T05:11:41.997,1,,1.85,3.07,10.49,3.06,3.52,Holofoil,,171/091,Shiny Rare,Fighting,140,Stage 2,"[F] Rage Fist (70x)
<br>
This attack does 70 damage for each Prize card your opponent has taken.",Px2,,2,"[FF] Dynamite Punch (170)
<br>
This Pokémon also does 50 damage to itself."
534736,Palafin - 225/091,Palafin 225 091,https://tcgplayer-cdn.tcgplayer.com/product/534736_200w.jpg,3,23353,https://cpt.tcgcsv.com/LVh6,2025-11-29T05:18:27.503,1,,0.5,1.65,70.0,1.32,1.29,Holofoil,,225/091,Illustration Rare,Water,150,Stage 1,"[W] Jet Punch (30) <br>
This attack also does 30 damage to 1 of your opponent’s Benched Pokemon. (Don’t apply Weakness or Resistance for Benched Pokemon).",Lx2,None,2,"[W][W] Justice Kick (210) <br>
 If this Pokemon didn’t move from the Bench to the Active Spot during this turn, this attack does nothing."
534739,Pawmi - 226/091,Pawmi 226 091,https://tcgplayer-cdn.tcgplayer.com/product/534739_200w.jpg,3,23353,https://cpt.tcgcsv.com/PVh6,2026-01-13T20:59:41.787,1,,0.79,1.63,14.0,1.52,1.89,Holofoil,,226/091,Illustration Rare,Lightning,60,Basic,[L] Light Punch (10),Fx2,None,1,[1L] Zap Kick (20)
534743,Clive - 227/091,Clive 227 091,https://tcgplayer-cdn.tcgplayer.com/product/534743_200w.jpg,3,23353,https://cpt.tcgcsv.com/TVh6,2024-01-26T18:43:10.313,1,Your opponent reveals their hand. Draw 2 cards for each Supporter card you find there.,0.2,0.75,12.95,0.45,,Holofoil,,227/091,Ultra Rare,Supporter,,,,,,,
534748,Judge,Judge,https://tcgplayer-cdn.tcgplayer.com/product/534748_200w.jpg,3,23353,https://cpt.tcgcsv.com/-Vh6,2024-01-26T18:43:27.663,1,"You can play only one Supporter each turn.  When you play this card, put it next to your Active Pokemon.  When your turn ends, discard this card.",0.23,0.82,48.0,0.6,,Holofoil,,228/091,Ultra Rare,Supporter,0,Supporter,Each player shuffles his or her hand into his or her deck and draws 4 cards.,,,,
534749,Riolu,Riolu,https://tcgplayer-cdn.tcgplayer.com/product/534749_200w.jpg,3,23353,https://cpt.tcgcsv.com/_Vh6,2024-01-26T05:03:19.627,1,,6.46,8.76,74.99,7.98,7.25,Holofoil,,173/091,Shiny Rare,Fighting,70,Basic,[F] Punch (10),Px2,None,1,"[1F] Reckless Charge (50)
<br>This Pokemon also does 20 damage to itself."
534753,Lucario,Lucario,https://tcgplayer-cdn.tcgplayer.com/product/534753_200w.jpg,3,23353,https://cpt.tcgcsv.com/5Wh6,2025-12-10T22:13:35.047,1,,13.57,16.12,30.54,15.36,17.65,Holofoil,,174/091,Shiny Rare,Fighting,130,Stage 1,"[F] Vengeful Knuckles (30+)
<br>If any of your [F] Pokémon were Knocked Out by damage from an attack from your opponent’s Pokemon during their last turn, this attack does 120 more damage.",Px2,None,2,"[2F] Accelerating Stab (120)
<br>This Pokemon can’t use Accelerating Stab during your next turn."
534754,Nemona - 229/091,Nemona 229 091,https://tcgplayer-cdn.tcgplayer.com/product/534754_200w.jpg,3,23353,https://cpt.tcgcsv.com/6Wh6,2025-02-10T03:00:37.267,1,Draw 3 cards.,0.3,0.99,19.95,0.85,0.77,Holofoil,,229/091,Ultra Rare,Supporter,,,,,,,
534755,Hawlucha,Hawlucha,https://tcgplayer-cdn.tcgplayer.com/product/534755_200w.jpg,3,23353,https://cpt.tcgcsv.com/7Wh6,2025-11-29T03:04:35.413,1,"<strong>Ability — Flying Entry</strong>
<br>When you play this Pokemon from your hand onto your Bench during your turn, you may choose 2 of your opponent’s Benched Pokemon and put 1 damage counter on each of them.",6.99,8.25,38.99,7.56,10.42,Holofoil,,175/091,Shiny Rare,Fighting,70,Basic,[2F] Wing Attack (70),Px2,None,1,
534757,Paldean Student - 230/091,Paldean Student 230 091,https://tcgplayer-cdn.tcgplayer.com/product/534757_200w.jpg,3,23353,https://cpt.tcgcsv.com/9Wh6,2025-11-29T02:57:39.23,1,"Search your deck for a Pokémon that doesn’t have a Rule Box, reveal it, and put it into your hand. For each other Paldean Student in your discard pile, you may search your deck for another Pokémon that doesn’t have a Rule Box. Then, shuffle your deck. (Pokémon ex, Pokémon V, etc. have Rule Boxes.)",0.14,0.81,9.99,0.64,0.89,Holofoil,,230/091,Ultra Rare,Supporter,,,,,,,
534758,Paldean Student - 231/091,Paldean Student 231 091,https://tcgplayer-cdn.tcgplayer.com/product/534758_200w.jpg,3,23353,https://cpt.tcgcsv.com/bWh6,2024-12-16T18:15:19.86,1,"Search your deck for a Pokémon that doesn’t have a Rule Box, reveal it, and put it into your hand. For each other Paldean Student in your discard pile, you may search your deck for another Pokémon that doesn’t have a Rule Box. Then, shuffle your deck. (Pokémon ex, Pokémon V, etc. have Rule Boxes.)",0.15,0.95,9.99,0.59,0.65,Holofoil,,231/091,Ultra Rare,Supporter,,,,,,,
534762,Nacli - 176/091,Nacli 176 091,https://tcgplayer-cdn.tcgplayer.com/product/534762_200w.jpg,3,23353,https://cpt.tcgcsv.com/gWh6,2025-12-10T22:27:20.07,1,,1.0,1.74,6.15,1.59,2.36,Holofoil,,176/091,Shiny Rare,Fighting,70,Basic,"[F] Salt Coating
<br>Heal 20 damage from 1 of your Pokémon.",Gx2,None,3,[FF] Tackle (30)
534919,Mew ex - 232/091,Mew ex 232 091,https://tcgplayer-cdn.tcgplayer.com/product/534919_200w.jpg,3,23353,https://cpt.tcgcsv.com/p-h6,2025-05-28T18:32:41.137,1,"<strong>Ability — Restart</strong>
<br>Once during your turn, you may draw cards until you have 3 cards in your hand.",465.0,541.4,10000.0,488.01,539.97,Holofoil,,232/091,Special Illustration Rare,Psychic,180,Basic,"[3] Genome Hacking
<br> Choose 1 of your opponent's Active Pokémon's attacks and use it as this attack.",Dx2,F-30,,
534921,Naclstack,Naclstack,https://tcgplayer-cdn.tcgplayer.com/product/534921_200w.jpg,3,23353,https://cpt.tcgcsv.com/r-h6,2025-12-10T22:26:46.003,1,,1.0,2.03,7.69,1.89,2.49,Holofoil,,177/091,Shiny Rare,Fighting,100,Stage 1,"[FF] Salt Cannon (60x)
<br>Flip 3 coins. This attack does 60 damage for each heads.",Gx2,None,3,
534923,Garganacl,Garganacl,https://tcgplayer-cdn.tcgplayer.com/product/534923_200w.jpg,3,23353,https://cpt.tcgcsv.com/t-h6,2024-01-26T05:03:19.627,1,"<strong>Ability — Blessed Salt</strong>
<br>During Pokémon Check Up, heal 20 damage from each of your Pokémon.",1.0,1.84,9.99,1.68,2.81,Holofoil,,178/091,Shiny Rare,Fighting,180,Stage 2,"[FF] Knocking Hammer (130)
<br>Discard the top card of your opponent's deck.",Gx2,None,3,
535085,Gardevoir ex - 233/091,Gardevoir ex 233 091,https://tcgplayer-cdn.tcgplayer.com/product/535085_200w.jpg,3,23353,https://cpt.tcgcsv.com/K2j6,2025-01-12T15:38:57.427,1,"<strong>Ability — Psychic Embrace</strong>
<br>As often as you like during your turn, you may attach a Basic [P] Energy from your discard pile to 1 of your [P] Pokemon. If you do, put 2 damage counters on that Pokemon. (You can’t use this Ability on a Pokemon that would be Knocked Out by the 2 damage counters.)",106.5,120.99,290.0,109.52,119.99,Holofoil,,233/091,Special Illustration Rare,Psychic,310,Stage 2,"[1PP] Miracle Force (190)
<br>Heal any Special Conditions on this Pokemon.",Dx2,F-30,2,
535089,Glimmet,Glimmet,https://tcgplayer-cdn.tcgplayer.com/product/535089_200w.jpg,3,23353,https://cpt.tcgcsv.com/P2j6,2024-01-26T05:03:19.627,1,,1.25,1.88,8.0,1.59,1.6,Holofoil,,179/091,Shiny Rare,Fighting,70,Basic,[F] Rock Throw (20),Gx2,None,2,
535090,Charizard ex - 234/091,Charizard ex 234 091,https://tcgplayer-cdn.tcgplayer.com/product/535090_200w.jpg,3,23353,https://cpt.tcgcsv.com/Q2j6,2026-01-14T19:42:21.837,1,"Tera: As long as this Pokemon is on your Bench, prevent all damage done to this Pokemon by attacks (both yours and your opponent’s).
<br><br>
<strong>Ability — Infernal Reign</strong>
<br>When you play this card from your hand to evolve a Pokemon during your turn, you may search your deck for up to 3 Basic [R] Energy cards and attach them to your Pokemon in any way you like. Then, shuffle your deck.",175.0,234.76,799.97,201.69,221.5,Holofoil,,234/091,Special Illustration Rare,Darkness,330,Stage 2,"[RR] Burning Darkness (180+)
<br>This attack does 30 more damage for each Prize card your opponent has taken.",Gx2,None,2,
535093,Paldean Wooper - 180/091,Paldean Wooper 180 091,https://tcgplayer-cdn.tcgplayer.com/product/535093_200w.jpg,3,23353,https://cpt.tcgcsv.com/T2j6,2025-12-10T22:38:46.82,1,,4.49,6.04,100.0,6.44,,Holofoil,,180/091,Shiny Rare,Dark,60,Basic,"[1] Find a Home
<br>Search your deck for a Stadium card, reveal it, and put it into your hand. Then, shuffle your deck.",Fx2,None,2,[D] Ram (10)
535095,Arven,Arven,https://tcgplayer-cdn.tcgplayer.com/product/535095_200w.jpg,3,23353,https://cpt.tcgcsv.com/W2j6,2025-10-23T23:04:53.827,1,"Search your deck for an Item card and a Pokemon Tool card, reveal them, and put them in your hand. Then, shuffle your deck.",10.15,14.55,112.45,12.05,14.32,Holofoil,,235/091,Special Illustration Rare,Supporter,,,,,,,
535097,Murkrow,Murkrow,https://tcgplayer-cdn.tcgplayer.com/product/535097_200w.jpg,3,23353,https://cpt.tcgcsv.com/Z2j6,2024-01-26T05:03:19.627,1,,2.0,3.13,10.49,2.95,,Holofoil,,181/091,Shiny Rare,Dark,60,Basic,"[1] Spin Turn (10)
<br>Switch this Pokémon with 1 of your Benched Pokémon.",Lx2,F-30,1,"[D] Unified Wing (20x)
<br>This attack does 20 damage for each Pokémon in your discard pile that has the Unified Wing attack."
535098,Clive - 236/091,Clive 236 091,https://tcgplayer-cdn.tcgplayer.com/product/535098_200w.jpg,3,23353,https://cpt.tcgcsv.com/-2j6,2024-01-26T05:03:19.627,1,Your opponent reveals their hand. Draw 2 cards for each Supporter card you find there.,12.0,16.69,120.0,14.34,12.0,Holofoil,,236/091,Special Illustration Rare,Supporter,,,,,,,
535101,Iono - 237/091,Iono 237 091,https://tcgplayer-cdn.tcgplayer.com/product/535101_200w.jpg,3,23353,https://cpt.tcgcsv.com/23j6,2025-12-10T22:06:10.65,1,"Each player shuffles their hand and puts it on the bottom of their deck. Then, each player draws a card for each of their remaining Prize cards.
<br><br>
You may play only 1 Supporter card during your turn.",23.25,28.13,92.95,26.12,30.01,Holofoil,,237/091,Special Illustration Rare,Supporter,,,,,,,
535104,Nemona - 238/091,Nemona 238 091,https://tcgplayer-cdn.tcgplayer.com/product/535104_200w.jpg,3,23353,https://cpt.tcgcsv.com/63j6,2025-10-23T12:57:27.49,1,Draw 3 cards.,3.7,5.99,47.0,4.87,5.73,Holofoil,,238/091,Special Illustration Rare,Supporter,,,,,,,
535108,Penny,Penny,https://tcgplayer-cdn.tcgplayer.com/product/535108_200w.jpg,3,23353,https://cpt.tcgcsv.com/b3j6,2024-01-26T05:03:19.627,1,"Return 1 of your Basic Pokemon in play and all cards attached to it to your hand.
<br>
You may play only 1 Supporter card during your turn.",13.0,17.89,68.88,14.92,15.64,Holofoil,,239/091,Special Illustration Rare,Supporter,,,,,,,
535110,Sneasel,Sneasel,https://tcgplayer-cdn.tcgplayer.com/product/535110_200w.jpg,3,23353,https://cpt.tcgcsv.com/d3j6,2024-01-26T05:03:19.627,1,,1.99,3.0,19.98,2.88,3.53,Holofoil,,182/091,Shiny Rare,Dark,70,Basic,[D] Dig Claws (20),Gx2,None,1,
535112,Wo-Chien ex,Wo Chien ex,https://tcgplayer-cdn.tcgplayer.com/product/535112_200w.jpg,3,23353,https://cpt.tcgcsv.com/g3j6,2024-08-09T19:19:59.87,1,,4.0,6.0,505.01,5.39,6.31,Holofoil,,240/091,Hyper Rare,Grass,230,Basic,"[1GG] Devouring Ivy
<br>This attack does 60 damage to 1 of your opponent’s Benched Pokemon for each Prize card your opponent has taken. (Don’t apply Weakness and Resistance for Benched Pokemon.)",Fx2,None,4,[1GGG] Forest Blast (220)
535116,Chi-Yu ex,Chi Yu ex,https://tcgplayer-cdn.tcgplayer.com/product/535116_200w.jpg,3,23353,https://cpt.tcgcsv.com/l3j6,2024-01-26T05:03:19.627,1,,5.69,7.9,50.0,7.07,8.14,Holofoil,,241/091,Hyper Rare,Fire,190,Basic,"[R] Jealously Singe
<br>Discard the top 2 cards of your opponent's deck.",Wx2,None,1,"[RR] Flame Surge (100)
<br>Choose up to 3 of your Benched Pokemon. For each of those Pokemon, search your deck for a Basic R Energy card and attach it to that Pokemon. Then, shuffle your deck."
535118,Weavile,Weavile,https://tcgplayer-cdn.tcgplayer.com/product/535118_200w.jpg,3,23353,https://cpt.tcgcsv.com/n3j6,2025-12-10T23:06:08.67,1,"<strong>Ability — Assault Hunt</strong>
<br>Once during your turn, when this Pokémon moves from your Bench to the Active Spot, you may switch in 1 of your opponent's Benched Basic Pokémon to the Active Spot.",1.15,2.09,100.0,2.06,,Holofoil,,183/091,Shiny Rare,Dark,110,Stage 1,[1D] Slashing Claw (70),Gx2,None,1,
535120,Chien-Pao ex,Chien Pao ex,https://tcgplayer-cdn.tcgplayer.com/product/535120_200w.jpg,3,23353,https://cpt.tcgcsv.com/q3j6,2025-12-09T05:26:26.643,1,"Ability — Shivery Chill
<br>Once during your turn, if this Pokemon is in the Active Spot, you may search your deck for up to 2 Basic W Energy cards, reveal them, and put them into your hand. Then, shuffle your deck.",4.96,6.6,50.0,5.89,,Holofoil,,242/091,Hyper Rare,Water,220,Basic,"[WW] Hail Blade (60X)
<br>You may discard any amount of W Energy from your Pokemon. This attack does 60 damage for each card you discarded this way.",Mx2,None,2,
535122,Sableye,Sableye,https://tcgplayer-cdn.tcgplayer.com/product/535122_200w.jpg,3,23353,https://cpt.tcgcsv.com/s3j6,2025-10-21T18:27:26.493,1,,2.75,4.58,11.37,4.62,5.17,Holofoil,,184/091,Shiny Rare,Dark,70,Basic,"[1] Night Eyes
<br>Your opponent's Active Pokémon is now Asleep.",Gx2,None,1,"[D] Unseen Claw (20+)
<br>If your opponent's Active Pokémon is affected by a Special Condition, this attack does 70 more damage."
535124,Miraidon ex,Miraidon ex,https://tcgplayer-cdn.tcgplayer.com/product/535124_200w.jpg,3,23353,https://cpt.tcgcsv.com/v3j6,2025-12-10T22:25:54.69,1,"<strong>Ability — Tandem Unit</strong>
<br>
Once during your turn, you may search your deck for up to 2 Basic Lightning Pokémon and put them onto your Bench. Then, shuffle your deck.
<br><br>
<em>Pokémon ex rule — When a Pokémon ex has been Knocked Out, your opponent takes 2 Prize cards.</em>",8.99,10.97,100.0,10.45,10.99,Holofoil,,243/091,Hyper Rare,Lightning,220,Basic,"[1LL] Photon Blaster (220)
<br>
During your next turn, this Pokémon can't attack.",Fx2,,1,
535126,Pawniard,Pawniard,https://tcgplayer-cdn.tcgplayer.com/product/535126_200w.jpg,3,23353,https://cpt.tcgcsv.com/x3j6,2025-12-10T22:40:05.13,1,,1.25,2.18,50.0,1.93,2.21,Holofoil,,185/091,Shiny Rare,Darkness,70,Basic,[1] Scratch (10),Gx2,None,1,[1D] Pierce (20)
535127,Ting-Lu ex,Ting Lu ex,https://tcgplayer-cdn.tcgplayer.com/product/535127_200w.jpg,3,23353,https://cpt.tcgcsv.com/z3j6,2025-12-10T23:00:23.83,1,"<strong>Ability — Cursed Land</strong>
<br>As long as this Pokémon is in the Active Spot, your opponent's Pokémon in play that have any damage counters on them have no Abilities, except for Pokémon ex.",3.69,5.0,25.0,4.65,5.99,Holofoil,,244/091,Hyper Rare,Fighting,240,Basic,"[FFF] Land Scoop (150)
<br>Put 2 damage counters on 1 of your opponent's Benched Pokémon.",Gx2,None,4,
535130,Bisharp,Bisharp,https://tcgplayer-cdn.tcgplayer.com/product/535130_200w.jpg,3,23353,https://cpt.tcgcsv.com/D3j6,2025-12-09T05:17:52.003,1,,1.48,2.32,7.97,2.16,2.02,Holofoil,,186/091,Shiny Rare,Darkness,120,Stage 1,[D] Dark Cutter (40),Gx2,None,1,"[1D] Double-Edged Slash (120)
<br>This Pokemon also does 30 damage to itself."
535132,Kingambit,Kingambit,https://tcgplayer-cdn.tcgplayer.com/product/535132_200w.jpg,3,23353,https://cpt.tcgcsv.com/G3j6,2025-12-10T22:12:05.773,1,"<strong>Ability — Leadership</strong>
<br>As long as this Pokémon is in play, the attacks of your Basic Pokémon do 30 more damage to your opponent’s Active Pokémon (before applying Weakness and Resistance).",1.5,2.74,7.02,2.42,3.28,Holofoil,,187/091,Shiny Rare,Darkness,170,Stage 2,[2D] Strike Cut (160),Gx2,None,3,
535134,Koraidon ex,Koraidon ex,https://tcgplayer-cdn.tcgplayer.com/product/535134_200w.jpg,3,23353,https://cpt.tcgcsv.com/J3j6,2025-12-03T18:33:49.33,1,"<strong>Ability — Dino Cry</strong>
<br>
Once during your turn, you may attach up to 2 Basic Fighting Energy cards from your discard pile to your Basic Fighting Pokémon in any way you like. If you use this ability, your turn ends.
<br><br>
<em>Pokémon ex rule — When a Pokémon ex has been Knocked Out, your opponent takes 2 Prize cards.</em>",8.5,10.99,35.0,10.7,12.4,Holofoil,,245/091,Hyper Rare,Fighting,230,Basic,"[1FF] Wild Impact (220)
<br>
During your next turn, this Pokémon can't attack.",Px2,,2,
535135,Mabosstiff - 188/091,Mabosstiff 188 091,https://tcgplayer-cdn.tcgplayer.com/product/535135_200w.jpg,3,23353,https://cpt.tcgcsv.com/K3j6,2025-12-10T22:22:14.413,1,,1.02,1.79,11.0,1.58,2.24,Holofoil,,188/091,Shiny Rare,Dark,130,Stage 1,,Gx2,None,3,
535143,Shroodle - 189/091,Shroodle 189 091,https://tcgplayer-cdn.tcgplayer.com/product/535143_200w.jpg,3,23353,https://cpt.tcgcsv.com/T3j6,2025-10-22T04:36:57.78,1,,0.74,1.9,19.99,1.81,3.62,Holofoil,,189/091,Shiny Rare,Dark,50,Basic,"[1] Looking for Berries
<br>Search your discard pile for a Basic Energy card, reveal it, and put it into your hand.",Fx2,None,1,[D] Scratch (10)
535145,Grafaiai,Grafaiai,https://tcgplayer-cdn.tcgplayer.com/product/535145_200w.jpg,3,23353,https://cpt.tcgcsv.com/W3j6,2025-12-10T22:04:29.82,1,,1.46,1.96,40.0,1.73,2.36,Holofoil,,190/091,Shiny Rare,Dark,90,Stage 1,"[D] Spit Poison
<br>Your opponent's Active Pokémon is now Poisoned.",Fx2,None,1,"[D] Colorful Graffiti (40x)
<br>You may discard as many Basic Energy cards as you like from your hand. This attack does 40 damage for each type of Basic Energy card you discarded in this way."
535149,Scizor,Scizor,https://tcgplayer-cdn.tcgplayer.com/product/535149_200w.jpg,3,23353,https://cpt.tcgcsv.com/_3j6,2025-12-10T22:46:28.96,1,,4.81,6.5,15.49,5.87,8.22,Holofoil,,191/091,Shiny Rare,Metal,140,Stage 1,"[M] Punishing Scissors (10+)
<br>This attack does 50 more damage for each of your opponent's Pokémon in play that has an Ability.",Fx2,G-30,2,[MM] Cut (70)
535151,Varoom - 192/091,Varoom 192 091,https://tcgplayer-cdn.tcgplayer.com/product/535151_200w.jpg,3,23353,https://cpt.tcgcsv.com/25j6,2025-12-10T23:02:39.093,1,,1.0,1.81,9.99,1.49,1.64,Holofoil,,192/091,Shiny Rare,Metal,60,Basic,,Rx2,G-30,1,
535153,Revavroom - 193/091,Revavroom 193 091,https://tcgplayer-cdn.tcgplayer.com/product/535153_200w.jpg,3,23353,https://cpt.tcgcsv.com/55j6,2024-01-26T05:03:19.627,1,"<strong>Ability — Rumbling Engine</strong>
<br>You must discard an Energy from your hand in order to use this Ability. Once during your turn, you may draw until you have 6 cards in your hand.",1.34,2.4,8.0,2.26,3.21,Holofoil,,193/091,Shiny Rare,Metal,140,Stage 1,"[3M] Knock Away (90+)
<br>Flip a coin. If heads, this attack does 90 more damage.",Fx2,G-30,2,
535155,Noibat - 194/091,Noibat 194 091,https://tcgplayer-cdn.tcgplayer.com/product/535155_200w.jpg,3,23353,https://cpt.tcgcsv.com/75j6,2025-10-23T12:58:08.567,1,,2.0,3.69,19.98,3.55,4.13,Holofoil,,194/091,Shiny Rare,Dragon,70,Basic,[PD] Gust (40),None,None,1,
535157,Cyclizar - 195/091,Cyclizar 195 091,https://tcgplayer-cdn.tcgplayer.com/product/535157_200w.jpg,3,23353,https://cpt.tcgcsv.com/95j6,2025-12-09T05:30:22.653,1,,1.33,1.83,4.99,1.68,1.79,Holofoil,,195/091,Shiny Rare,Dragon,120,Basic,,None,None,1,
535163,Pidgey,Pidgey,https://tcgplayer-cdn.tcgplayer.com/product/535163_200w.jpg,3,23353,https://cpt.tcgcsv.com/h5j6,2025-12-10T22:41:19.277,1,,5.0,7.4,25.0,6.77,7.77,Holofoil,,196/091,Shiny Rare,Colorless,50,Basic,"[1] Call for Family<br>Search your deck for up to 2 Basic Pokemon and put them onto your Bench. Then, shuffle your deck.",Lx2,F-30,1,[2] Tackle (20)
535165,Pidgeotto,Pidgeotto,https://tcgplayer-cdn.tcgplayer.com/product/535165_200w.jpg,3,23353,https://cpt.tcgcsv.com/k5j6,2025-12-10T22:40:39.04,1,,4.9,6.93,13.2,6.48,7.98,Holofoil,,197/091,Shiny Rare,Colorless,80,Stage 1,[1] Flap (20),Lx2,F-30,,
535174,Jigglypuff,Jigglypuff,https://tcgplayer-cdn.tcgplayer.com/product/535174_200w.jpg,3,23353,https://cpt.tcgcsv.com/v5j6,2025-12-10T22:08:18.09,1,,5.5,7.56,14.99,7.57,14.99,Holofoil,,198/091,Shiny Rare,Colorless,70,Basic,"[1] Lead
<br>Search your deck for a Supporter card, reveal it, and put it into your hand. Then, shuffle your deck.",Fx2,None,1,"[2] Stompy Stomp (20x)
<br>Flip 2 coins. This attack does 20 damage for each heads."
535183,Doduo,Doduo,https://tcgplayer-cdn.tcgplayer.com/product/535183_200w.jpg,3,23353,https://cpt.tcgcsv.com/H5j6,2025-12-09T05:33:23.93,1,,2.0,3.17,12.49,3.15,6.99,Holofoil,,199/091,Shiny Rare,Colorless,70,Basic,"[1] Reckless Charge (30)
<br>This Pokémon also does 10 damage to itself.",Lx2,F-30,1,
535185,Dodrio,Dodrio,https://tcgplayer-cdn.tcgplayer.com/product/535185_200w.jpg,3,23353,https://cpt.tcgcsv.com/K5j6,2025-12-09T05:32:29.23,1,"<strong>Ability — Zooming Draw</strong>
<br>Once during your turn, you may put 1 damage counter on this Pokémon. If you do, draw a card.",1.84,3.0,100.0,2.89,3.36,Holofoil,,200/091,Shiny Rare,Colorless,100,Stage 1,"[1] Ballistic Beak (10+)
<br>This attack does 30 more damage for each damage counter on this Pokémon.",Lx2,F-30,1,
535191,Ditto,Ditto,https://tcgplayer-cdn.tcgplayer.com/product/535191_200w.jpg,3,23353,https://cpt.tcgcsv.com/R5j6,2025-12-02T16:30:06.753,1,"<strong>Ability — Transformative start</strong>
<br>Once during your first turn, if this Pokemon is in the Active Spot, you may search your deck and choose a Basic Pokemon you find there, except any Ditto. If you do, discard this Pokemon and all attached cards, and put the chosen Pokemon in its place. Then, shuffle your deck.",18.0,21.13,55.0,19.86,26.11,Holofoil,,201/091,Shiny Rare,Colorless,60,Basic,[1] Splup (10),Fx2,None,1,
535193,Snorlax,Snorlax,https://tcgplayer-cdn.tcgplayer.com/product/535193_200w.jpg,3,23353,https://cpt.tcgcsv.com/T5j6,2025-12-10T22:52:44.873,1,"<strong>Ability — Voraciousness</strong>
<br>Once during your turn, you may put up to 2 Leftovers cards from your discard pile into your hand.",19.02,24.78,200.0,22.57,28.19,Holofoil,,202/091,Shiny Rare,Colorless,150,Basic,"[3] Thudding Press (130)
<br>This Pokemon also does 30 damage to itself.",Fx2,None,4,
535196,Wingull,Wingull,https://tcgplayer-cdn.tcgplayer.com/product/535196_200w.jpg,3,23353,https://cpt.tcgcsv.com/X5j6,2024-01-26T05:03:19.627,1,,1.75,2.36,24.95,2.37,,Holofoil,,203/091,Shiny Rare,Colorless,70,Basic,[2] Gust (30),Lx2,F-30,1,
535200,Pelipper,Pelipper,https://tcgplayer-cdn.tcgplayer.com/product/535200_200w.jpg,3,23353,https://cpt.tcgcsv.com/06j6,2024-01-26T05:03:19.627,1,"<strong>Ability — Hearsay</strong>
<br>When you play this Pokémon from your hand to evolve 1 of your Pokémon during your turn, you may choose 1: put a Supporter card from your discard pile into your hand; or search your deck for a Supporter card, reveal it, put it into your hand, and then shuffle your deck.",0.99,2.0,19.95,1.72,,Holofoil,,204/091,Shiny Rare,Colorless,120,Stage 1,[3] Wing Attack (90),Lx2,F-30,2,
535201,Skwovet,Skwovet,https://tcgplayer-cdn.tcgplayer.com/product/535201_200w.jpg,3,23353,https://cpt.tcgcsv.com/26j6,2025-12-10T22:49:36.547,1,"<strong>Ability — Hidey Hole</strong>
<br>Once during your turn, you may use this Ability. Shuffle your hand and put it on the bottom of your deck. Then, draw a card.",1.4,2.25,100.0,1.9,2.49,Holofoil,,205/091,Shiny Rare,Colorless,60,Basic,[2] Bite (20),Fx2,None,1,
535203,Greedent,Greedent,https://tcgplayer-cdn.tcgplayer.com/product/535203_200w.jpg,3,23353,https://cpt.tcgcsv.com/56j6,2024-09-06T16:41:47.253,1,,1.0,1.96,6.99,1.83,2.1,Holofoil,,206/091,Shiny Rare,Colorless,120,Stage 1,[2] Bite (50),Fx2,None,2,"[3] Enchanted Fang (80)
<br>If this Pokemon has a Pokemon Tool attached, this attack does 80 more damage."
535213,Lechonk - 207/091,Lechonk 207 091,https://tcgplayer-cdn.tcgplayer.com/product/535213_200w.jpg,3,23353,https://cpt.tcgcsv.com/h6j6,2024-02-02T06:46:24.717,1,,3.99,5.4,19.99,5.52,8.4,Holofoil,,207/091,Shiny Rare,Colorless,70,Basic,"[3] Whimsy Tackle (70)
<br>Flip a coin. If tails, this attack does nothing.",Fx2,None,1,
535214,Tandemaus - 209/091,Tandemaus 209 091,https://tcgplayer-cdn.tcgplayer.com/product/535214_200w.jpg,3,23353,https://cpt.tcgcsv.com/j6j6,2024-01-26T16:50:25.12,1,,8.0,10.15,49.95,9.71,11.01,Holofoil,,209/091,Shiny Rare,Colorless,30,Basic,"[1] Collect
<br>Draw 2 cards.",Fx2,None,1,[3] Gentle Slap (30)
535215,Maushold - 210/091,Maushold 210 091,https://tcgplayer-cdn.tcgplayer.com/product/535215_200w.jpg,3,23353,https://cpt.tcgcsv.com/k6j6,2025-12-10T22:23:43.367,1,,8.75,11.57,45.0,11.62,24.95,Holofoil,,210/091,Shiny Rare,Colorless,70,Stage 1,[1] Slap (40),Fx2,None,1,"[2] Family Attack (70x)
<br>This attack deals 70 damage for each of your Maushold in play."
535217,Flamigo,Flamigo,https://tcgplayer-cdn.tcgplayer.com/product/535217_200w.jpg,3,23353,https://cpt.tcgcsv.com/m6j6,2025-12-09T05:39:03.98,1,"<strong>Ability — Insta-Flock</strong>
<br>When you play this Pokémon from your hand onto your Bench during your turn, you may search your deck for up to 3 Flamigo, reveal them, and out them into your hand. Then, shuffle your deck.",1.85,2.97,8.25,2.82,2.69,Holofoil,,211/091,Shiny Rare,Colorless,110,Basic,"[2] United Wings (20x)
<br>This attack does 20 damage for each Pokémon in your discard pile that has the United Wings attack.",Lx2,F-30,1,
535297,Forretress ex - 212/091,Forretress ex 212 091,https://tcgplayer-cdn.tcgplayer.com/product/535297_200w.jpg,3,23353,https://cpt.tcgcsv.com/Z7j6,2025-10-31T18:01:45.303,1,"<strong>Ability — Explosive Energy</strong>
<br>Once during your turn, you may search your deck for up to 5 Basic [G] Energy cards and attach them to your Pokemon in any way you like. Then, shuffle your deck. If you searched your deck in this way, this Pokemon is Knocked Out.",0.49,1.0,50.0,0.79,0.72,Holofoil,,212/091,Shiny Ultra Rare,Grass,270,Stage 1,"[GG] Guard Press (120)
<br>During your opponent’s next turn, this Pokemon takes 30 less damage from attacks (after applying Weakness and Resistance).",Fx2,None,3,
535299,Toedscruel ex - 213/091,Toedscruel ex 213 091,https://tcgplayer-cdn.tcgplayer.com/product/535299_200w.jpg,3,23353,https://cpt.tcgcsv.com/_7j6,2025-10-31T18:01:45.963,1,"<strong>Ability — Protective Mycelium</strong>
<br>Prevent all effects of attacks from your opponent’s Pokemon done to all of your Pokemon that have Energy attached. (Existing effects are not removed. Damage is not an effect.)",0.74,1.3,25.0,1.04,1.05,Holofoil,,213/091,Shiny Ultra Rare,Grass,,Stage 1,"[G][G] Colony Rush (80+)
<br>This attack does 40 more damage for each of your Benched Pokemon with [G] Energy attached.",Rx2,,2,
535303,Espathra ex - 214/091,Espathra ex 214 091,https://tcgplayer-cdn.tcgplayer.com/product/535303_200w.jpg,3,23353,https://cpt.tcgcsv.com/58j6,2025-12-09T05:37:11.847,1,,0.24,1.0,60.0,0.8,,Holofoil,,214/091,Shiny Ultra Rare,Grass,260,Stage 1,,Rx2,,1,
535524,Alakazam ex,Alakazam ex,https://tcgplayer-cdn.tcgplayer.com/product/535524_200w.jpg,3,23353,https://cpt.tcgcsv.com/vdj6,2025-10-23T12:43:51.237,1,,1.99,3.8,75.0,3.76,4.24,Holofoil,,215/091,Shiny Ultra Rare,Psychic,310,Stage 2,"[2] Mind Jack (90+)
<br>This attack does 30 more damage for each of your opponent's Benched Pokemon.",Dx2,F-30,1,"[PP] Dimensional Hand (120)
<br>This attack can be used if this Pokemon is on the Bench."
535527,Mew ex - 216/091,Mew ex 216 091,https://tcgplayer-cdn.tcgplayer.com/product/535527_200w.jpg,3,23353,https://cpt.tcgcsv.com/zdj6,2025-11-29T22:21:56.217,1,"<strong>Ability — Restart</strong>
<br>Once during your turn, you may draw cards until you have 3 cards in your hand.",19.68,26.14,250.0,23.77,24.99,Holofoil,,216/091,Shiny Ultra Rare,Psychic,180,Basic,"[3] Genome Hacking
<br> Choose 1 of your opponent's Active Pokémon's attacks and use it as this attack.",Dx2,F-30,,
535530,Gardevoir ex - 217/091,Gardevoir ex 217 091,https://tcgplayer-cdn.tcgplayer.com/product/535530_200w.jpg,3,23353,https://cpt.tcgcsv.com/Ddj6,2025-12-04T12:40:18.457,1,"<strong>Ability — Psychic Embrace</strong>
<br>As often as you like during your turn, you may attach a Basic [P] Energy from your discard pile to 1 of your [P] Pokemon. If you do, put 2 damage counters on that Pokemon. (You can’t use this Ability on a Pokemon that would be Knocked Out by the 2 damage counters.)",4.5,5.92,75.0,5.04,6.9,Holofoil,,217/091,Shiny Ultra Rare,Psychic,310,Stage 2,"[1PP] Miracle Force (190)
<br>Heal any Special Conditions on this Pokemon.",Dx2,F-30,2,
535534,Glimmora ex,Glimmora ex,https://tcgplayer-cdn.tcgplayer.com/product/535534_200w.jpg,3,23353,https://cpt.tcgcsv.com/Jdj6,2024-01-26T16:52:39.223,1,"<strong>Ability — Dust Field</strong>
<br>As long as this Pokémon is in the Active Spot, your opponent can't have more than 3 Benched Pokémon. If they have 4 or more Benched Pokémon, they discard Benched Pokemon until they have 3 Pokemon on the Bench. If more than one effect changes the number of Benched Pokémon allowed, use the smaller number:",0.45,1.0,19.95,0.9,0.93,Holofoil,,218/091,Shiny Ultra Rare,Fighting,270,Stage 1,"[FF] Poisonous Gem (140)
<br>Your opponent's Active Pokémon is now Poisoned.",Gx2,None,3,
535537,Paldean Clodsire ex - 219/091,Paldean Clodsire ex 219 091,https://tcgplayer-cdn.tcgplayer.com/product/535537_200w.jpg,3,23353,https://cpt.tcgcsv.com/Mdj6,2025-11-29T05:25:37.397,1,"<strong>Ability — Toxic Wetland</strong>
<br>Once during your turn, if a Stadium is in play, you may make your opponent's Active Pokémon Poisoned.",0.79,1.85,50.0,1.61,1.85,Holofoil,,219/091,Shiny Ultra Rare,Dark,280,Stage 1,"[2D] Needle Bone (200)
<br>Flip a coin. If tails, during your next turn, this Pokémon can't attack.",Fx2,None,3,
535541,Noivern ex - 220/091,Noivern ex 220 091,https://tcgplayer-cdn.tcgplayer.com/product/535541_200w.jpg,3,23353,https://cpt.tcgcsv.com/Rdj6,2025-10-23T23:05:41.94,1,,0.95,1.62,15.95,1.36,1.54,Holofoil,,220/091,Shiny Ultra Rare,Dragon,260,Stage 1,"[2] Covert Flight (70)
<br>During your opponent's next turn, prevent all damage done to this Pokémon by attacks from Basic Pokémon.",None,None,0,"[PD] Dominating Echo (140)
<br>During your opponent's next turn, they can't play any Special Energy or Stadium cards from their hand."
535559,Pidgeot ex,Pidgeot ex,https://tcgplayer-cdn.tcgplayer.com/product/535559_200w.jpg,3,23353,https://cpt.tcgcsv.com/cfj6,2025-11-28T23:22:17.56,1,"<strong>Ability — Quick Search</strong>
<br>Once during your turn, you may search your deck for a card and put it into your hand. Then, shuffle your deck. You can’t use more than 1 Quick Search Ability each turn.",2.36,3.99,19.99,3.78,4.93,Holofoil,,221/091,Shiny Ultra Rare,Colorless,280,Stage 2,"[2] Blustery Wind (120)
<br>You may discard a Stadium card in play.",Lx2,F-30,0,
535562,Wigglytuff ex,Wigglytuff ex,https://tcgplayer-cdn.tcgplayer.com/product/535562_200w.jpg,3,23353,https://cpt.tcgcsv.com/gfj6,2025-11-28T23:13:56.823,1,"<strong>Ability — Expanding Body</strong>
<br>If this Pokemon has any Special Energy attached, it gets +100HP.",0.5,1.68,50.0,1.38,1.61,Holofoil,,222/091,Shiny Ultra Rare,Colorless,250,Stage 1,"[3] Friend Tackle (90+)
<br>If you played a Supporter card from your hand during this turn, this attack does 90 more damage.",Fx2,None,3,
535654,Squawkabilly ex - 223/091,Squawkabilly ex 223 091,https://tcgplayer-cdn.tcgplayer.com/product/535654_200w.jpg,3,23353,https://cpt.tcgcsv.com/6hj6,2024-03-22T12:45:55.68,1,"Ability — Squawk and Seize
<br>Once during your first turn, you may discard your hand and draw 6 cards. You can't use more than 1 Squawk and Seize Ability during your turn.",0.5,1.3,50.0,1.03,1.21,Holofoil,,223/091,Shiny Ultra Rare,Colorless,160,Basic,"[1] Motivate (20)
<br>Attach up to 2 Basic Energy cards from your discard pile to 1 of your Benched Pokemon.",Lx2,F-30,1,
535955,Oinkologne - 208/091,Oinkologne 208 091,https://tcgplayer-cdn.tcgplayer.com/product/535955_200w.jpg,3,23353,https://cpt.tcgcsv.com/7pj6,2025-12-10T22:29:20.633,1,,1.75,2.6,9.95,2.34,,Holofoil,,208/091,Shiny Rare,Colorless,130,Stage 1,"[2] Finest Selection
<br>Flip 3 coins. Put a number of cards up to the number of heads from your discard pile into your hand.",Fx2,None,2,"[3] Perfume Press (70)
<br>Your opponent’s Active Pokémon is now Confused."
535956,Paldean Tauros - 172/091,Paldean Tauros 172 091,https://tcgplayer-cdn.tcgplayer.com/product/535956_200w.jpg,3,23353,https://cpt.tcgcsv.com/8pj6,2025-12-10T22:37:15.033,1,,1.35,2.12,6.82,1.87,,Holofoil,,172/091,Shiny Rare,Fighting,130,Basic,"[2] Angry Horn (20+)
<br>This attack does 10 more damage for each damage counter on this Pokémon.",Px2,None,2,"[1FF] Combat Tackle (130)
<br>This Pokémon also does 30 damage to itself."
535993,Natu - 025/091,Natu 025 091,https://tcgplayer-cdn.tcgplayer.com/product/535993_200w.jpg,3,23353,https://cpt.tcgcsv.com/Tpj6,2025-11-29T02:58:39.11,1,,0.01,0.1,1.38,0.07,,Normal,,025/091,Common,Psychic,50,Basic,"[P] Triple Strike (10x)
<br>Flip 3 coins. This attack does 10 damage for each heads.",Dx2,F-30,1,
535993,Natu - 025/091,Natu 025 091,https://tcgplayer-cdn.tcgplayer.com/product/535993_200w.jpg,3,23353,https://cpt.tcgcsv.com/Tpj6,2025-11-29T02:58:39.11,1,,0.02,0.15,30.0,0.13,,Reverse Holofoil,,025/091,Common,Psychic,50,Basic,"[P] Triple Strike (10x)
<br>Flip 3 coins. This attack does 10 damage for each heads.",Dx2,F-30,1,
536240,Code Card - Paldean Fates Booster Pack,Code Card Paldean Fates Booster Pack,https://tcgplayer-cdn.tcgplayer.com/product/536240_200w.jpg,3,23353,https://cpt.tcgcsv.com/Qvj6,2024-01-29T20:35:21.48,1,"This listing is <strong>not</strong> a physical item. Please keep in mind that this <strong>Code Card</strong> listing represents a digital copy of the stated item for the Pokémon TCG Online <strong>and/or</strong> the Pokémon TCG Live games. You may receive the physical <strong>Code Card</strong>. Upon purchase, please work with your specific Seller by sending them a message using the <strong>Contact Seller</strong> button on the order details in your <a href=https://store.tcgplayer.com/myaccount/orderhistory>Order History</a> to opt in to having your <strong>Code Card</strong> code delivered digitally due to the nature of the product.",0.01,0.06,9.99,0.04,,Normal,,,Code Card,,,,,,,,
536256,Code Card - Paldean Fates Elite Trainer Box,Code Card Paldean Fates Elite Trainer Box,https://tcgplayer-cdn.tcgplayer.com/product/536256_200w.jpg,3,23353,https://cpt.tcgcsv.com/8wj6,2024-01-29T20:36:19.17,1,"This listing is <strong>not</strong> a physical item. Please keep in mind that this <strong>Code Card</strong> listing represents a digital copy of the stated item for the Pokémon TCG Online <strong>and/or</strong> the Pokémon TCG Live games. You may receive the physical <strong>Code Card</strong>. Upon purchase, please work with your specific Seller by sending them a message using the <strong>Contact Seller</strong> button on the order details in your <a href=https://store.tcgplayer.com/myaccount/orderhistory>Order History</a> to opt in to having your <strong>Code Card</strong> code delivered digitally due to the nature of the product.",0.02,0.1,5.95,0.07,,Normal,,,Code Card,,,,,,,,
536266,Paldean Fates Pokemon Center Elite Trainer Box (Exclusive) Case,Paldean Fates Pokemon Center Elite Trainer Box Exclusive Case,https://tcgplayer-cdn.tcgplayer.com/product/536266_200w.jpg,3,23353,https://cpt.tcgcsv.com/lwj6,2024-02-02T18:34:40.253,1,"Each Paldean Fates Elite Trainer Box Case contains 4 boxes.
<br>
The Pokémon TCG: Paldean Fates Elite Trainer Box includes:
• 11 Pokémon TCG: Paldean Fates booster packs
• 1 full-art foil promo card featuring Mimikyu
• 65 card sleeves featuring Mimikyu
• 45 Pokémon TCG Energy cards
• A player’s guide to the Paldean Fates expansion
• 6 damage-counter dice
• 1 competition-legal coin-flip die
• 2 plastic condition markers
• A collector’s box to hold everything, with 4 dividers to keep it organized
• A code card for Pokémon Trading Card Game Live",1998.98,2494.44,8000.0,1471.41,,Normal,,,,,,,,,,,
536276,Code Card - Paldean Fates Pokemon Center Elite Trainer Box,Code Card Paldean Fates Pokemon Center Elite Trainer Box,https://tcgplayer-cdn.tcgplayer.com/product/536276_200w.jpg,3,23353,https://cpt.tcgcsv.com/xwj6,2025-02-10T18:03:10.227,1,"This listing is <strong>not</strong> a physical item. Please keep in mind that this <strong>Code Card</strong> listing represents a digital copy of the stated item for the Pokémon TCG Online <strong>and/or</strong> the Pokémon TCG Live games. You may receive the physical <strong>Code Card</strong>. Upon purchase, please work with your specific Seller by sending them a message using the <strong>Contact Seller</strong> button on the order details in your <a href=https://store.tcgplayer.com/myaccount/orderhistory>Order History</a> to opt in to having your <strong>Code Card</strong> code delivered digitally due to the nature of the product.",0.34,0.66,2.99,0.5,,Normal,,,Code Card,,,,,,,,
538220,Code Card - Paldean Fates Sticker Collection: Greavard,Code Card Paldean Fates Sticker Collection Greavard,https://tcgplayer-cdn.tcgplayer.com/product/538220_200w.jpg,3,23353,https://cpt.tcgcsv.com/qjk6,2025-02-10T18:03:27.413,1,"This listing is <strong>not</strong> a physical item. Please keep in mind that this <strong>Code Card</strong> listing represents a digital copy of the stated item for the Pokémon TCG Online <strong>and/or</strong> the Pokémon TCG Live games. You may receive the physical <strong>Code Card</strong>. Upon purchase, please work with your specific Seller by sending them a message using the <strong>Contact Seller</strong> button on the order details in your <a href=https://store.tcgplayer.com/myaccount/orderhistory>Order History</a> to opt in to having your <strong>Code Card</strong> code delivered digitally due to the nature of the product.",0.03,0.19,0.99,0.15,,Normal,,,Code Card,,,,,,,,
538221,Code Card - Paldean Fates Tin [Iron Treads ex],Code Card Paldean Fates Tin Iron Treads ex,https://tcgplayer-cdn.tcgplayer.com/product/538221_200w.jpg,3,23353,https://cpt.tcgcsv.com/rjk6,2024-02-12T17:41:22.633,1,"This listing is <strong>not</strong> a physical item. Please keep in mind that this <strong>Code Card</strong> listing represents a digital copy of the stated item for the Pokémon TCG Online <strong>and/or</strong> the Pokémon TCG Live games. You may receive the physical <strong>Code Card</strong>. Upon purchase, please work with your specific Seller by sending them a message using the <strong>Contact Seller</strong> button on the order details in your <a href=https://store.tcgplayer.com/myaccount/orderhistory>Order History</a> to opt in to having your <strong>Code Card</strong> code delivered digitally due to the nature of the product.",0.02,0.1,0.95,0.08,,Normal,,,Code Card,,,,,,,,
538222,Code Card - Paldean Fates Tin [Charizard ex],Code Card Paldean Fates Tin Charizard ex,https://tcgplayer-cdn.tcgplayer.com/product/538222_200w.jpg,3,23353,https://cpt.tcgcsv.com/sjk6,2024-02-12T17:40:44.447,1,"This listing is <strong>not</strong> a physical item. Please keep in mind that this <strong>Code Card</strong> listing represents a digital copy of the stated item for the Pokémon TCG Online <strong>and/or</strong> the Pokémon TCG Live games. You may receive the physical <strong>Code Card</strong>. Upon purchase, please work with your specific Seller by sending them a message using the <strong>Contact Seller</strong> button on the order details in your <a href=https://store.tcgplayer.com/myaccount/orderhistory>Order History</a> to opt in to having your <strong>Code Card</strong> code delivered digitally due to the nature of the product.",0.01,0.2,5.95,0.15,,Normal,,,Code Card,,,,,,,,
538223,Code Card - Paldean Fates Tin [Great Tusk ex],Code Card Paldean Fates Tin Great Tusk ex,https://tcgplayer-cdn.tcgplayer.com/product/538223_200w.jpg,3,23353,https://cpt.tcgcsv.com/tjk6,2024-02-12T17:40:11.707,1,"This listing is <strong>not</strong> a physical item. Please keep in mind that this <strong>Code Card</strong> listing represents a digital copy of the stated item for the Pokémon TCG Online <strong>and/or</strong> the Pokémon TCG Live games. You may receive the physical <strong>Code Card</strong>. Upon purchase, please work with your specific Seller by sending them a message using the <strong>Contact Seller</strong> button on the order details in your <a href=https://store.tcgplayer.com/myaccount/orderhistory>Order History</a> to opt in to having your <strong>Code Card</strong> code delivered digitally due to the nature of the product.",0.05,0.12,0.4,0.11,,Normal,,,Code Card,,,,,,,,
550764,Code Card - Paldean Fates Tech Sticker Collection [Fidough],Code Card Paldean Fates Tech Sticker Collection Fidough,https://tcgplayer-cdn.tcgplayer.com/product/550764_200w.jpg,3,23353,https://cpt.tcgcsv.com/jkq6,2024-05-10T18:57:32.937,1,"This listing is <strong>not</strong> a physical item. Please keep in mind that this <strong>Code Card</strong> listing represents a digital copy of the stated item for the Pokémon TCG Online <strong>and/or</strong> the Pokémon TCG Live games. You may receive the physical <strong>Code Card</strong>. Upon purchase, please work with your specific Seller by sending them a message using the <strong>Contact Seller</strong> button on the order details in your <a href=https://store.tcgplayer.com/myaccount/orderhistory>Order History</a> to opt in to having your <strong>Code Card</strong> code delivered digitally due to the nature of the product.",0.02,0.08,0.49,0.04,,Normal,,,Code Card,,,,,,,,
550765,Code Card - Paldean Fates Tech Sticker Collection [Maschiff],Code Card Paldean Fates Tech Sticker Collection Maschiff,https://tcgplayer-cdn.tcgplayer.com/product/550765_200w.jpg,3,23353,https://cpt.tcgcsv.com/kkq6,2024-05-10T18:59:11.967,1,"This listing is <strong>not</strong> a physical item. Please keep in mind that this <strong>Code Card</strong> listing represents a digital copy of the stated item for the Pokémon TCG Online <strong>and/or</strong> the Pokémon TCG Live games. You may receive the physical <strong>Code Card</strong>. Upon purchase, please work with your specific Seller by sending them a message using the <strong>Contact Seller</strong> button on the order details in your <a href=https://store.tcgplayer.com/myaccount/orderhistory>Order History</a> to opt in to having your <strong>Code Card</strong> code delivered digitally due to the nature of the product.",0.03,0.09,0.29,0.05,,Normal,,,Code Card,,,,,,,,
550766,Code Card - Paldean Fates Tech Sticker Collection [Greavard],Code Card Paldean Fates Tech Sticker Collection Greavard,https://tcgplayer-cdn.tcgplayer.com/product/550766_200w.jpg,3,23353,https://cpt.tcgcsv.com/lkq6,2024-05-10T18:59:58.63,1,"This listing is <strong>not</strong> a physical item. Please keep in mind that this <strong>Code Card</strong> listing represents a digital copy of the stated item for the Pokémon TCG Online <strong>and/or</strong> the Pokémon TCG Live games. You may receive the physical <strong>Code Card</strong>. Upon purchase, please work with your specific Seller by sending them a message using the <strong>Contact Seller</strong> button on the order details in your <a href=https://store.tcgplayer.com/myaccount/orderhistory>Order History</a> to opt in to having your <strong>Code Card</strong> code delivered digitally due to the nature of the product.",0.02,0.09,0.29,0.05,,Normal,,,Code Card,,,,,,,,
550768,Code Card - Paldean Fates Premium Collection [Meowscarada ex],Code Card Paldean Fates Premium Collection Meowscarada ex,https://tcgplayer-cdn.tcgplayer.com/product/550768_200w.jpg,3,23353,https://cpt.tcgcsv.com/nkq6,2024-05-10T19:01:19.46,1,"This listing is <strong>not</strong> a physical item. Please keep in mind that this <strong>Code Card</strong> listing represents a digital copy of the stated item for the Pokémon TCG Online <strong>and/or</strong> the Pokémon TCG Live games. You may receive the physical <strong>Code Card</strong>. Upon purchase, please work with your specific Seller by sending them a message using the <strong>Contact Seller</strong> button on the order details in your <a href=https://store.tcgplayer.com/myaccount/orderhistory>Order History</a> to opt in to having your <strong>Code Card</strong> code delivered digitally due to the nature of the product.",0.19,0.25,0.49,0.25,,Normal,,,Code Card,,,,,,,,
550770,Code Card - Paldean Fates Premium Collection [Skeledirge ex],Code Card Paldean Fates Premium Collection Skeledirge ex,https://tcgplayer-cdn.tcgplayer.com/product/550770_200w.jpg,3,23353,https://cpt.tcgcsv.com/qkq6,2024-05-10T19:03:07.277,1,"This listing is <strong>not</strong> a physical item. Please keep in mind that this <strong>Code Card</strong> listing represents a digital copy of the stated item for the Pokémon TCG Online <strong>and/or</strong> the Pokémon TCG Live games. You may receive the physical <strong>Code Card</strong>. Upon purchase, please work with your specific Seller by sending them a message using the <strong>Contact Seller</strong> button on the order details in your <a href=https://store.tcgplayer.com/myaccount/orderhistory>Order History</a> to opt in to having your <strong>Code Card</strong> code delivered digitally due to the nature of the product.",0.05,0.22,0.3,0.2,,Normal,,,Code Card,,,,,,,,
550771,Code Card - Paldean Fates Premium Collection [Quaquaval ex],Code Card Paldean Fates Premium Collection Quaquaval ex,https://tcgplayer-cdn.tcgplayer.com/product/550771_200w.jpg,3,23353,https://cpt.tcgcsv.com/rkq6,2024-05-10T19:05:18.453,1,"This listing is <strong>not</strong> a physical item. Please keep in mind that this <strong>Code Card</strong> listing represents a digital copy of the stated item for the Pokémon TCG Online <strong>and/or</strong> the Pokémon TCG Live games. You may receive the physical <strong>Code Card</strong>. Upon purchase, please work with your specific Seller by sending them a message using the <strong>Contact Seller</strong> button on the order details in your <a href=https://store.tcgplayer.com/myaccount/orderhistory>Order History</a> to opt in to having your <strong>Code Card</strong> code delivered digitally due to the nature of the product.",0.08,0.18,0.3,0.18,,Normal,,,Code Card,,,,,,,,
635609,Paldean Fates Booster Bundle Display Case,Paldean Fates Booster Bundle Display Case,https://tcgplayer-cdn.tcgplayer.com/product/635609_200w.jpg,3,23353,https://cpt.tcgcsv.com/cg67,2025-10-07T18:19:23.217,0,"Contains 6 Booster Bundle Displays. Each Booster Bundle contains six booster packs from Paldean Fates.
<br>
The spotlight glistens on Shiny Pokémon making their fated return to the Pokémon TCG! Shiny Pikachu blazes the path forward as Tinkaton, Ceruledge, Dondozo, and more than 100 other Shiny Pokémon follow. Meanwhile, Great Tusk and Iron Treads appear as Ancient and Future Pokémon ex, and Charizard, Forretress, and Espathra show off their own unique skills as Shiny Tera Pokémon ex. Shed some light and discover sparkling wonders in the Scarlet & Violet—Paldean Fates expansion!
Expand your collection with this Booster Bundle containing six booster packs from Pokémon TCG: Scarlet & Violet—Paldean Fates!",6944.99,8784.98,15000.0,7216.74,,Normal,,,,,,,,,,,
654599,Paldean Fates Tech Sticker Collection Case,Paldean Fates Tech Sticker Collection Case,https://tcgplayer-cdn.tcgplayer.com/product/654599_200w.jpg,3,23353,https://cpt.tcgcsv.com/_Rf7,2025-09-18T19:00:59.703,0,"Spruce up your tablet, laptop, or other tech device with a loyal and friendly Shiny Pokémon pal from the Paldea region! Inside this box, you'll find a cool tech sticker and promo card featuring one of three Shiny Pokémon, plus booster packs from the special Scarlet & Violet- Paldean Fates expansion.

<Strong> Case contains 12 Scarlet & Violet- Paldean Fates Tech Sticker Collection.</strong>
Each Pokémon TCG: Scarlet & Violet- Paldean Fates Tech Sticker Collection includes:
<br>• 1 foil promo card
<br>• 1 tech sticker
<br>• 3 Pokémon TCG: Scarlet & Violet-Paldean Fates booster packs
<br>• A code card for Pokémon TCG Live",416.0,472.5,498.0,426.76,,Normal,,,,,,,,,,,
665113,Paldean Fates Great Tusk ex & Iron Treads ex Premium Collection,Paldean Fates Great Tusk ex and Iron Treads ex Premium Collection,https://tcgplayer-cdn.tcgplayer.com/product/665113_200w.jpg,3,23353,https://cpt.tcgcsv.com/h3l7,2025-11-26T15:09:40.147,1,"Past & Future Collide with Great Tusk ex & Iron Treads ex!
<br>
Take a journey into the Great Crater of Paldea and discover Paradox Pokémon that defy the flow of time! Add the brute force of Great Tusk and Iron Treads to your own decks with this collection featuring both of them as Shiny Pokémon ex. You also get two more cards featuring Great Tusk and Iron Treads, plus an oversize foil card featuring Great Tusk ex and 11 booster packs from the special Scarlet & Violet-Paldean Fates expansion.

 <br><br>

The Pokémon TCG: Great Tusk ex & Iron Treads ex Premium Collection includes:
<br>
• 2 foil cards featuring Shiny Great Tusk ex and Shiny Iron Treads ex
<br>
• 2 cards featuring Great Tusk and Iron Treads
<br>
• 1 oversize foil card featuring Shiny Great Tusk ex
<br>
• 11 Pokémon TCG: Scarlet & Violet-Paldean Fates booster packs
<br>
• A code card for Pokémon TCG Live",123.0,150.0,250.0,135.38,,Normal,0196214150043,,,,,,,,,,
668624,Paldean Fates Booster Pack Art Bundle [Set of 4],Paldean Fates Booster Pack Art Bundle Set of 4,https://tcgplayer-cdn.tcgplayer.com/product/668624_200w.jpg,3,23353,https://cpt.tcgcsv.com/vsm7,2025-12-15T13:41:34.703,1,"Shine Bright with Pokémon from Paldea!<br>
The spotlight glistens on Shiny Pokémon making their fated return to the Pokémon TCG! Shiny Pikachu blazes the path forward as Tinkaton, Ceruledge, Dondozo, and more than 100 other Shiny Pokémon follow. Meanwhile, Great Tusk and Iron Treads appear as Ancient and Future Pokémon ex, and Charizard, Forretress, and Espathra show off their own unique skills as Shiny Tera Pokémon ex. Shed some light and discover sparkling wonders in the Scarlet & Violet—Paldean Fates expansion!

<br><br>

Collect each of the 4 unique art packs for Paldean Fates.
<br>Each Mega Evolution booster pack contains 10 random cards.",59.75,63.57,66.3,57.41,,Normal,,,,,,,,,,,
